inventory_id,material_id,stock_qty,reorder_level,daily_usage,warehouse_location,states
1,1,279.84,45.35,4.55,Indore,Madhya Pradesh
2,2,261.38,49.71,5.4,Delhi,Delhi
3,3,97.08,75.53,2.79,Indore,Madhya Pradesh
4,4,238.02,36.22,8.34,New Delhi,Delhi
5,5,157.54,66.75,7.16,Indore,Madhya Pradesh
6,6,75.85,61.46,3.71,Nagpur,Maharashtra
7,7,282.84,58.51,4.32,Guwahati,Assam
8,8,235.71,67.39,7.06,Lucknow,Uttar Pradesh
9,9,286.62,52.6,8.78,Siliguri,West Bengal
10,10,209.74,52.13,6.61,Mumbai,Maharashtra
11,11,163.22,42.54,2.89,Jaipur,Rajasthan
12,12,295.98,36.46,7.56,Patna,Bihar
13,13,208.5,78.01,7.11,New Delhi,Delhi
14,14,126.61,49.9,3.9,Mysuru,Karnataka
15,15,142.78,59.26,7.22,Guwahati,Assam
16,16,112.15,65.54,5.82,Kolkata,West Bengal
17,17,216.21,50.12,4.88,Kanpur,Uttar Pradesh
18,18,259.17,24.59,8.47,Coimbatore,Tamil Nadu
19,19,249.25,39.19,4.03,Jaipur,Rajasthan
20,20,248.79,32.86,2.15,Mumbai,Maharashtra
21,21,179.58,57.28,6.46,Dehradun,Uttarakhand
22,22,117.17,21.07,6.96,Nashik,Maharashtra
23,23,191.16,39.65,8.3,Kochi,Kerala
24,24,58.13,41.01,9.37,Hyderabad,Telangana
25,25,175.55,51.84,5.58,Surat,Gujarat
26,26,147.64,50.32,5.17,Kanpur,Uttar Pradesh
27,27,235.25,56.38,7.08,Jaipur,Rajasthan
28,28,122.01,45.56,7.08,Shimla,Himachal Pradesh
29,29,199.21,71.71,2.28,Chandigarh,Chandigarh
30,30,94.38,49.28,7.17,Delhi,Delhi
31,31,177.63,51.96,7.89,Mysuru,Karnataka
32,32,148.44,67.94,2.71,Kochi,Kerala
33,33,87.52,60.06,2.94,Udaipur,Rajasthan
34,34,200.67,72.69,3.19,Mysuru,Karnataka
35,35,102.42,77.33,3.48,Nashik,Maharashtra
36,36,171.51,28.22,2.02,Pune,Maharashtra
37,37,179.78,40.64,8.05,Chandigarh,Chandigarh
38,38,80.82,30.49,5.68,Kolkata,West Bengal
39,39,289.49,35.67,3.52,Shimla,Himachal Pradesh
40,40,174.2,62.5,3.51,Guwahati,Assam
41,41,128.89,49.51,7.6,Lucknow,Uttar Pradesh
42,42,94.97,67.06,7.41,Chandigarh,Chandigarh
43,43,230.61,20.71,4.02,Bengaluru,Karnataka
44,44,159.82,34.31,5.85,Kochi,Kerala
45,45,142.4,50.49,2.52,Surat,Gujarat
46,46,85.87,23.02,8.88,Patna,Bihar
47,47,299.09,28.16,9.67,Kolkata,West Bengal
48,48,106.56,72.19,7.13,Chandigarh,Chandigarh
49,49,265.88,54.48,4.87,Bhopal,Madhya Pradesh
50,50,173.59,68.04,7.65,Warangal,Telangana
51,51,148.85,60.28,3.46,Bhubaneswar,Odisha
52,52,165.08,40.89,3.19,Warangal,Telangana
53,53,155.57,60.86,9.24,Hyderabad,Telangana
54,54,195.75,25.1,4.56,Dehradun,Uttarakhand
55,55,214.93,58.2,3.92,New Delhi,Delhi
56,56,62.68,21.76,4.63,Udaipur,Rajasthan
57,57,286.38,60.58,3.42,Indore,Madhya Pradesh
58,58,151.25,54.61,9.64,Lucknow,Uttar Pradesh
59,59,227.87,72.61,3.36,Kanpur,Uttar Pradesh
60,60,255.69,27.57,3.83,Indore,Madhya Pradesh
61,61,276.59,53.46,8.28,Bengaluru,Karnataka
62,62,271.62,71.61,5.8,Nashik,Maharashtra
63,63,101.8,69.86,2.84,Bengaluru,Karnataka
64,64,52.98,51.61,4.83,Hyderabad,Telangana
65,65,289.7,32.31,6.94,Kochi,Kerala
66,66,106.3,79.25,5.39,Chandigarh,Chandigarh
67,67,85.14,58.97,6.13,Mumbai,Maharashtra
68,68,161.59,42.34,7,Nagpur,Maharashtra
69,69,281.35,70.55,4.41,Siliguri,West Bengal
70,70,185.08,31.84,7.1,Udaipur,Rajasthan
71,71,271.97,68.24,6.35,Surat,Gujarat
72,72,105.83,32.53,2.49,Jaipur,Rajasthan
73,73,193.72,43.74,4.45,Patna,Bihar
74,74,128.29,21.87,8.85,Guwahati,Assam
75,75,53.88,74.83,9.35,Kochi,Kerala
76,76,212.5,50.46,3.04,Mysuru,Karnataka
77,77,279.3,53.11,2.81,Shimla,Himachal Pradesh
78,78,244.76,21.65,6.44,Jaipur,Rajasthan
79,79,191.16,64.76,6.14,Bhopal,Madhya Pradesh
80,80,64.49,75.83,7.83,Patna,Bihar
81,81,173.04,55.49,6.43,Nashik,Maharashtra
82,82,290.38,50.93,7.89,Kanpur,Uttar Pradesh
83,83,166.12,79.53,5.41,Mysuru,Karnataka
84,84,75.08,73.06,8.45,Mysuru,Karnataka
85,85,104.09,22,8.17,Coimbatore,Tamil Nadu
86,86,152.74,60.86,5.95,Bengaluru,Karnataka
87,87,103.29,74.33,2.72,Shimla,Himachal Pradesh
88,88,229.66,61.82,9.99,Dehradun,Uttarakhand
89,89,134.24,33.21,6.76,Chandigarh,Chandigarh
90,90,101.39,26.85,3.52,New Delhi,Delhi
91,91,107.59,49.57,2.62,Mysuru,Karnataka
92,92,52.11,76.87,5.89,Surat,Gujarat
93,93,56.87,25.85,6.31,Patna,Bihar
94,94,269.78,73.77,4.29,Mysuru,Karnataka
95,95,179.34,22.71,3.15,Bhubaneswar,Odisha
96,96,147.79,69.69,5.59,Indore,Madhya Pradesh
97,97,81.74,45.9,4.16,Shimla,Himachal Pradesh
98,98,110.96,41.61,8.31,Dehradun,Uttarakhand
99,99,65.15,45.48,4.63,Udaipur,Rajasthan
100,100,193.88,56.35,4.68,Udaipur,Rajasthan
101,101,146.15,74.91,5.53,Bhubaneswar,Odisha
102,102,82.35,68.87,9.89,Ranchi,Jharkhand
103,103,205.35,48.6,8.5,Warangal,Telangana
104,104,261.78,38.83,9.8,Mumbai,Maharashtra
105,105,52.79,78.71,2.79,Kanpur,Uttar Pradesh
106,106,184.9,68.04,9.47,Lucknow,Uttar Pradesh
107,107,119.42,46.13,9.61,Nagpur,Maharashtra
108,108,299.72,64.65,7.75,Mysuru,Karnataka
109,109,256.09,46.84,4.36,Nashik,Maharashtra
110,110,58.4,38.88,2.44,Surat,Gujarat
111,111,276.05,78.42,9.37,Guwahati,Assam
112,112,154.96,67.85,4.24,Mumbai,Maharashtra
113,113,62.13,63.76,7.17,Shimla,Himachal Pradesh
114,114,200.35,55.81,3.94,Udaipur,Rajasthan
115,115,67.89,73.06,8.91,Guwahati,Assam
116,116,125.81,22,7.9,Udaipur,Rajasthan
117,117,146.9,48.73,6.57,Coimbatore,Tamil Nadu
118,118,245.86,36.31,5.47,Coimbatore,Tamil Nadu
119,119,179.79,20.33,2.39,Ahmedabad,Gujarat
120,120,272.36,22.24,4.34,Guwahati,Assam
121,121,113.72,41.53,6.99,Pune,Maharashtra
122,122,182.11,32.66,7.85,Coimbatore,Tamil Nadu
123,123,137.75,41.68,2.15,Warangal,Telangana
124,124,264.92,43.78,3.08,Mumbai,Maharashtra
125,125,155.51,24.99,3.54,Guwahati,Assam
126,126,224.17,56.15,7.91,Jaipur,Rajasthan
127,127,296.94,26.73,7.34,Pune,Maharashtra
128,128,248.15,43.04,3.42,Ahmedabad,Gujarat
129,129,64.97,60.5,4.95,New Delhi,Delhi
130,130,200.42,38.5,2.87,Mysuru,Karnataka
131,131,159.8,70.29,8.8,Bhubaneswar,Odisha
132,132,114.18,57.92,7.47,Udaipur,Rajasthan
133,133,287.35,49.05,8.13,Delhi,Delhi
134,134,269.52,69.11,8.67,Surat,Gujarat
135,135,206.46,61.45,9.14,Hyderabad,Telangana
136,136,225.15,27.3,5.67,Bengaluru,Karnataka
137,137,64.48,41.73,9.71,Chandigarh,Chandigarh
138,138,153.32,35.24,4.34,Kochi,Kerala
139,139,198.43,36.97,8.09,Shimla,Himachal Pradesh
140,140,112.82,38.5,9.53,Kochi,Kerala
141,141,96.31,73.68,2.54,Bhubaneswar,Odisha
142,142,264.04,67.71,8.91,Patna,Bihar
143,143,117.96,64.75,7.45,Udaipur,Rajasthan
144,144,283.38,55.74,7.68,Udaipur,Rajasthan
145,145,237.04,39.48,6.6,Pune,Maharashtra
146,146,278.86,37.96,6.24,Hyderabad,Telangana
147,147,55,20.3,7.28,Patna,Bihar
148,148,134.94,65.64,6.36,Coimbatore,Tamil Nadu
149,149,108.66,78.23,6.64,Hyderabad,Telangana
150,150,190.09,70.58,6.03,Kochi,Kerala
151,151,211,48.6,3.95,Hyderabad,Telangana
152,152,216.52,60.41,5.82,Ranchi,Jharkhand
153,153,263.43,48.2,3.65,Nagpur,Maharashtra
154,154,130.41,36.45,3.18,Kochi,Kerala
155,155,190.73,71.3,5.64,Jaipur,Rajasthan
156,156,81.7,52.29,5.57,Delhi,Delhi
157,157,158.8,47.46,5.4,Mumbai,Maharashtra
158,158,238.39,61.52,2.65,Bhopal,Madhya Pradesh
159,159,200.35,73.65,3.31,Bhopal,Madhya Pradesh
160,160,81.54,54.61,7.19,Mysuru,Karnataka
161,161,78.31,46.11,6.63,Delhi,Delhi
162,162,182.74,41.3,8.02,Hyderabad,Telangana
163,163,129.64,27.01,7.03,Patna,Bihar
164,164,233.41,32.75,9.13,Coimbatore,Tamil Nadu
165,165,171.23,59.69,8.85,Udaipur,Rajasthan
166,166,169.37,48.88,8.6,Chandigarh,Chandigarh
167,167,117.92,41.33,5.6,Lucknow,Uttar Pradesh
168,168,286.16,23.32,9.75,Dehradun,Uttarakhand
169,169,224.3,41.6,9.7,Chandigarh,Chandigarh
170,170,204.43,22.15,8.65,Siliguri,West Bengal
171,171,164.57,39.43,4.96,Dehradun,Uttarakhand
172,172,172.65,76.99,4.14,Mumbai,Maharashtra
173,173,139.23,63.95,7.68,Dehradun,Uttarakhand
174,174,147.59,70.01,8.02,Kochi,Kerala
175,175,102.63,69.68,7.52,Kochi,Kerala
176,176,50.81,74.28,4.67,Indore,Madhya Pradesh
177,177,288,66.82,7.49,Kanpur,Uttar Pradesh
178,178,167.61,64.02,3.05,Udaipur,Rajasthan
179,179,168.7,54.31,7.38,Mumbai,Maharashtra
180,180,65.05,63.04,6.65,Dehradun,Uttarakhand
181,181,260.37,71.8,7.88,Shimla,Himachal Pradesh
182,182,254.23,21.37,5.28,Indore,Madhya Pradesh
183,183,252.74,52.42,8.3,Bhubaneswar,Odisha
184,184,244.47,46.11,9,Delhi,Delhi
185,185,185.24,58.49,8.16,Bengaluru,Karnataka
186,186,99.14,41.62,2.45,Patna,Bihar
187,187,200.79,43.89,2.82,Mysuru,Karnataka
188,188,105.98,49.74,8.25,Patna,Bihar
189,189,84.89,49.46,5.36,Lucknow,Uttar Pradesh
190,190,191.06,23.88,2.89,Surat,Gujarat
191,191,286.21,45.7,4.67,Patna,Bihar
192,192,250.7,40.59,3.41,Dehradun,Uttarakhand
193,193,74.78,56.39,4.79,Ahmedabad,Gujarat
194,194,182.54,48.82,6.08,Bhubaneswar,Odisha
195,195,63.37,60.19,2.17,Udaipur,Rajasthan
196,196,99.17,65.25,8,Kolkata,West Bengal
197,197,85.35,76.82,5.84,Delhi,Delhi
198,198,94.46,79.23,6.59,Indore,Madhya Pradesh
199,199,239.47,36.72,4.25,Chandigarh,Chandigarh
200,200,72.57,42.76,6.62,Bengaluru,Karnataka
201,201,276.91,56.79,2.94,Nagpur,Maharashtra
202,202,193.09,38.03,9.21,Chennai,Tamil Nadu
203,203,111.82,79.46,6.34,Jaipur,Rajasthan
204,204,298.37,74.34,4.11,Coimbatore,Tamil Nadu
205,205,197.53,25.75,2.66,Shimla,Himachal Pradesh
206,206,56.87,31.31,3.84,Jaipur,Rajasthan
207,207,298.19,56.16,5.08,Bhubaneswar,Odisha
208,208,219.99,58.78,4.03,Warangal,Telangana
209,209,193.49,75.63,8.62,Shimla,Himachal Pradesh
210,210,230.25,41.43,8.89,Delhi,Delhi
211,211,271.65,51.79,4.4,Dehradun,Uttarakhand
212,212,168.51,48.76,4.45,Coimbatore,Tamil Nadu
213,213,63.43,34.62,8.53,New Delhi,Delhi
214,214,268.55,48.49,3.09,Dehradun,Uttarakhand
215,215,298.86,54.53,8.51,Kanpur,Uttar Pradesh
216,216,89.6,22.79,8.73,Nashik,Maharashtra
217,217,99.47,45.47,6.94,Lucknow,Uttar Pradesh
218,218,119.48,70.51,7.07,Jaipur,Rajasthan
219,219,222.74,28.61,9.63,Dehradun,Uttarakhand
220,220,240.57,49.24,9.08,Bhopal,Madhya Pradesh
221,221,265.15,24.76,3.37,New Delhi,Delhi
222,222,160.61,50.39,5.84,Shimla,Himachal Pradesh
223,223,247.11,43.01,6.93,Jaipur,Rajasthan
224,224,123.64,46.59,7.64,Indore,Madhya Pradesh
225,225,199.2,71.97,9.66,Chandigarh,Chandigarh
226,226,128.37,70.09,4.25,Warangal,Telangana
227,227,171.52,24.46,6.11,Ranchi,Jharkhand
228,228,54.56,21.21,2.62,Guwahati,Assam
229,229,165.05,26.14,2.55,Pune,Maharashtra
230,230,112.34,61.31,5.65,Coimbatore,Tamil Nadu
231,231,155.58,46.27,9.39,New Delhi,Delhi
232,232,205.08,33.32,4.86,Ranchi,Jharkhand
233,233,69.74,32.57,3.67,Nashik,Maharashtra
234,234,215.43,21.82,2.91,Patna,Bihar
235,235,177.79,42.16,5.54,Shimla,Himachal Pradesh
236,236,288.6,25.5,3.75,Kanpur,Uttar Pradesh
237,237,223.6,63.43,7.73,Thiruvananthapuram,Kerala
238,238,118.81,31.43,9.24,Kanpur,Uttar Pradesh
239,239,139.87,77.09,8.42,Mysuru,Karnataka
240,240,51.7,76.62,7.65,Lucknow,Uttar Pradesh
241,241,103.28,32.78,8.67,Mysuru,Karnataka
242,242,252.82,59.54,2.67,Thiruvananthapuram,Kerala
243,243,74.43,72.87,4.32,Guwahati,Assam
244,244,153.43,24.6,8.39,Udaipur,Rajasthan
245,245,279.83,29.56,7.81,Guwahati,Assam
246,246,53.89,20.01,2.62,Surat,Gujarat
247,247,133.66,70.79,6.75,Nashik,Maharashtra
248,248,63.25,74.93,4.5,Bengaluru,Karnataka
249,249,293.96,36.25,4.73,Pune,Maharashtra
250,250,258.63,69.72,2.67,Chennai,Tamil Nadu
251,251,298.48,21.95,4.42,Hyderabad,Telangana
252,252,70.73,38.95,3.94,Ranchi,Jharkhand
253,253,226.93,54.33,4.62,Warangal,Telangana
254,254,64.53,77.85,5.86,Delhi,Delhi
255,255,249.71,62.17,4.19,Bhubaneswar,Odisha
256,256,299.17,56.42,5.34,Thiruvananthapuram,Kerala
257,257,114.17,50.15,9.13,Shimla,Himachal Pradesh
258,258,87.42,48.33,2.07,Coimbatore,Tamil Nadu
259,259,92.29,38.58,8.92,Udaipur,Rajasthan
260,260,146.7,72.6,7.3,Bhopal,Madhya Pradesh
261,261,239.22,66.82,8.08,Udaipur,Rajasthan
262,262,263.18,72.79,7.91,Bhopal,Madhya Pradesh
263,263,174.66,49.94,8.35,Mysuru,Karnataka
264,264,190.44,69.64,2.78,Chandigarh,Chandigarh
265,265,142.27,53.38,9.58,Udaipur,Rajasthan
266,266,217.79,71.77,4.83,Ranchi,Jharkhand
267,267,60.51,30.22,5.94,Kanpur,Uttar Pradesh
268,268,262.57,39.57,2.37,Mysuru,Karnataka
269,269,233.53,25.48,4.39,Thiruvananthapuram,Kerala
270,270,236.65,57.45,9.39,Mysuru,Karnataka
271,271,237.18,49.62,7.03,Kanpur,Uttar Pradesh
272,272,224.99,70.88,2.52,Udaipur,Rajasthan
273,273,106.83,60.14,7.26,Udaipur,Rajasthan
274,274,152.68,35.12,6.94,Lucknow,Uttar Pradesh
275,275,60.75,28.58,2.5,Siliguri,West Bengal
276,276,123.7,72.45,9.42,Coimbatore,Tamil Nadu
277,277,293.96,59.57,2.63,Udaipur,Rajasthan
278,278,61.02,52.09,9.21,Bengaluru,Karnataka
279,279,156.48,54.61,3.23,Siliguri,West Bengal
280,280,198.99,59.03,5.74,Patna,Bihar
281,281,234.3,60.99,4.5,Surat,Gujarat
282,282,266.39,67.01,4.58,Guwahati,Assam
283,283,249.13,45.95,2.64,Guwahati,Assam
284,284,136.97,77.69,7.68,New Delhi,Delhi
285,285,51.36,46.93,5.79,Patna,Bihar
286,286,94.75,37.04,4.94,New Delhi,Delhi
287,287,159.2,51.77,5.42,Mumbai,Maharashtra
288,288,170.55,22.74,5.42,Kanpur,Uttar Pradesh
289,289,222.01,56.25,3.27,Pune,Maharashtra
290,290,188.31,33.95,6.69,Kanpur,Uttar Pradesh
291,291,114.74,20.64,7.08,Mumbai,Maharashtra
292,292,77.69,29.51,9.62,Shimla,Himachal Pradesh
293,293,205.54,52.08,3.57,Warangal,Telangana
294,294,277.9,36.82,7.5,Kochi,Kerala
295,295,92.64,66.22,4.76,Warangal,Telangana
296,296,252.03,61.28,7.02,Indore,Madhya Pradesh
297,297,197.72,70.84,9.91,Bhopal,Madhya Pradesh
298,298,72.65,60.27,3.32,Delhi,Delhi
299,299,249.4,23.65,3.73,Kanpur,Uttar Pradesh
300,300,235.75,71.58,6.32,Dehradun,Uttarakhand
301,301,139.42,69.43,2.31,Mumbai,Maharashtra
302,302,262.48,72.5,3.35,Ahmedabad,Gujarat
303,303,233.81,43.89,3.93,Mumbai,Maharashtra
304,304,106.62,42.3,4.7,Nagpur,Maharashtra
305,305,271.25,57.36,4.54,Bengaluru,Karnataka
306,306,159.53,42.73,2.62,Nashik,Maharashtra
307,307,87.92,54.35,9.01,Bhubaneswar,Odisha
308,308,185.42,43.79,8.99,Udaipur,Rajasthan
309,309,146.44,79.21,3.06,Guwahati,Assam
310,310,110.87,71.7,6.11,Patna,Bihar
311,311,281.53,68.56,6.95,Guwahati,Assam
312,312,131.56,36.55,2.37,Warangal,Telangana
313,313,146.8,36.09,6.9,Bhopal,Madhya Pradesh
314,314,254.85,69.34,9.25,Thiruvananthapuram,Kerala
315,315,277.84,69.03,6.29,Indore,Madhya Pradesh
316,316,209,37.25,2.94,Surat,Gujarat
317,317,295.56,58.38,5.5,Mysuru,Karnataka
318,318,184.98,50.92,9.94,Nagpur,Maharashtra
319,319,262.91,65.31,8.32,Jaipur,Rajasthan
320,320,288.66,65.39,4.21,Chennai,Tamil Nadu
321,321,106.29,68.72,8.69,Chennai,Tamil Nadu
322,322,50.33,52.02,7.57,Pune,Maharashtra
323,323,271.9,43.03,6.52,Bhopal,Madhya Pradesh
324,324,167.58,57.43,2.04,Udaipur,Rajasthan
325,325,166.87,56.64,2.41,Lucknow,Uttar Pradesh
326,326,236.89,69.29,2.46,Hyderabad,Telangana
327,327,53.69,49.31,6.24,Surat,Gujarat
328,328,89.95,47.33,4.1,Kochi,Kerala
329,329,299.45,20.26,9.55,Kolkata,West Bengal
330,330,130.16,57.83,2.4,Shimla,Himachal Pradesh
331,331,273.76,52.73,9.61,New Delhi,Delhi
332,332,132.1,48.93,9.22,Jaipur,Rajasthan
333,333,185.48,30.8,4.46,Nashik,Maharashtra
334,334,89.98,29.88,4.6,Hyderabad,Telangana
335,335,161.1,40.67,3.79,Coimbatore,Tamil Nadu
336,336,142.61,28.4,6.29,Udaipur,Rajasthan
337,337,129.9,42.19,2.45,Hyderabad,Telangana
338,338,132.37,35.17,2.64,Kolkata,West Bengal
339,339,188.21,48.44,8.09,Coimbatore,Tamil Nadu
340,340,53.36,41.69,3.67,Surat,Gujarat
341,341,269.31,58.11,2.7,Bhopal,Madhya Pradesh
342,342,139.71,25.56,4.32,Mumbai,Maharashtra
343,343,55.52,62.79,8.6,Coimbatore,Tamil Nadu
344,344,114.57,75.5,9.82,Kochi,Kerala
345,345,66.94,45.67,6.83,Jaipur,Rajasthan
346,346,104.07,66.3,5.78,Chandigarh,Chandigarh
347,347,246.15,42.96,6.57,Nagpur,Maharashtra
348,348,162.02,50.66,8.7,Patna,Bihar
349,349,60.51,76.14,7.4,Bengaluru,Karnataka
350,350,262.69,56.16,5,Kanpur,Uttar Pradesh
351,351,141.74,31.92,8.49,Pune,Maharashtra
352,352,70.24,38.1,8.5,Shimla,Himachal Pradesh
353,353,100.9,32.31,8.76,Pune,Maharashtra
354,354,84.23,38.78,9.91,Coimbatore,Tamil Nadu
355,355,191.87,73.62,5.11,Siliguri,West Bengal
356,356,267.41,45.84,3.66,Udaipur,Rajasthan
357,357,137.49,61.6,2.67,New Delhi,Delhi
358,358,275.28,78.12,7.54,Dehradun,Uttarakhand
359,359,143.21,45.24,8.09,Kanpur,Uttar Pradesh
360,360,57.93,52.58,4.56,Siliguri,West Bengal
361,361,279.04,42.89,3.86,Warangal,Telangana
362,362,183.53,57.04,6.63,Coimbatore,Tamil Nadu
363,363,245.26,34.39,7.39,Patna,Bihar
364,364,82.18,20.47,3.25,Coimbatore,Tamil Nadu
365,365,110.17,33.32,6.15,Chandigarh,Chandigarh
366,366,75.91,54.2,2.03,Shimla,Himachal Pradesh
367,367,131.1,56.63,7.71,Warangal,Telangana
368,368,173.91,35.51,2.19,Nagpur,Maharashtra
369,369,111.29,70.1,9.34,Jaipur,Rajasthan
370,370,157.19,38.19,2.32,Mumbai,Maharashtra
371,371,213.08,43.32,7.91,Coimbatore,Tamil Nadu
372,372,128.62,64.02,6.85,Kanpur,Uttar Pradesh
373,373,100.63,50.21,4.86,Siliguri,West Bengal
374,374,98.38,23.47,6.44,Shimla,Himachal Pradesh
375,375,100.31,72.98,2.35,Indore,Madhya Pradesh
376,376,57.39,56.52,9.95,Lucknow,Uttar Pradesh
377,377,123.65,50,7.05,Jaipur,Rajasthan
378,378,140.48,51.42,9.38,Warangal,Telangana
379,379,76.08,53.81,7.28,Mysuru,Karnataka
380,380,259.87,44.23,6.22,Udaipur,Rajasthan
381,381,176.37,59.01,9.03,Pune,Maharashtra
382,382,52.82,42.7,9.07,Thiruvananthapuram,Kerala
383,383,263.38,50.25,9.26,Nagpur,Maharashtra
384,384,268.81,29.58,6.7,New Delhi,Delhi
385,385,231.73,29.81,3.37,Thiruvananthapuram,Kerala
386,386,144.36,50.21,2.19,Pune,Maharashtra
387,387,219.4,55.81,3.25,Ahmedabad,Gujarat
388,388,75.22,56.67,8.29,Kochi,Kerala
389,389,52.1,27.4,6.46,Mumbai,Maharashtra
390,390,116.1,63.49,6.94,Kolkata,West Bengal
391,391,271.26,35.51,9.27,Mysuru,Karnataka
392,392,187.75,22.67,8.56,Bhubaneswar,Odisha
393,393,274.35,52.04,3.54,Shimla,Himachal Pradesh
394,394,275.02,39.1,5.02,Pune,Maharashtra
395,395,279,58.06,5.1,Shimla,Himachal Pradesh
396,396,74.99,24.21,9.97,Pune,Maharashtra
397,397,155.59,45.35,7.82,Ahmedabad,Gujarat
398,398,64.03,75.31,6.85,Patna,Bihar
399,399,208.85,38.22,7.12,Kolkata,West Bengal
400,400,231.2,20.52,7.62,Nagpur,Maharashtra
401,401,181.01,75.34,7.14,Guwahati,Assam
402,402,226.51,70.46,5.51,Nashik,Maharashtra
403,403,154.57,72.61,6.21,Chennai,Tamil Nadu
404,404,55.78,79.58,2.64,Nagpur,Maharashtra
405,405,171.65,77.03,2.79,Jaipur,Rajasthan
406,406,100.07,24.67,8.55,Thiruvananthapuram,Kerala
407,407,260.18,60.12,5.1,Lucknow,Uttar Pradesh
408,408,117.53,55.65,4.2,Patna,Bihar
409,409,111.56,70.1,5.97,Dehradun,Uttarakhand
410,410,162.4,63.34,2.31,New Delhi,Delhi
411,411,152.13,28.09,6.22,Dehradun,Uttarakhand
412,412,280.4,46.43,4.19,Surat,Gujarat
413,413,113.27,20.81,2.92,Nashik,Maharashtra
414,414,162.26,44.38,5.09,Warangal,Telangana
415,415,199.97,61.88,6.09,Bengaluru,Karnataka
416,416,260.62,40.58,3,Lucknow,Uttar Pradesh
417,417,216,38.04,4.1,Kochi,Kerala
418,418,150.48,30.47,3.43,Patna,Bihar
419,419,298.49,29.72,9.86,Bengaluru,Karnataka
420,420,168.04,36.28,5.47,Kanpur,Uttar Pradesh
421,421,74.72,79.34,4.08,Mumbai,Maharashtra
422,422,179.19,46.3,9.39,Chennai,Tamil Nadu
423,423,189.27,60.26,6.2,Ranchi,Jharkhand
424,424,204.04,68.21,8.67,Mysuru,Karnataka
425,425,84.46,41.49,9.05,Mysuru,Karnataka
426,426,212.3,64.38,3.49,Bhopal,Madhya Pradesh
427,427,273.36,78.98,2.48,Chennai,Tamil Nadu
428,428,150.36,49.83,7.13,Mysuru,Karnataka
429,429,189.89,38.73,5.92,Shimla,Himachal Pradesh
430,430,226.51,69.95,6.64,Mumbai,Maharashtra
431,431,86.41,33.91,4.93,Indore,Madhya Pradesh
432,432,57.86,63.78,3.19,Warangal,Telangana
433,433,153.15,37.12,5.12,Jaipur,Rajasthan
434,434,196.37,46.04,4.28,Chandigarh,Chandigarh
435,435,191.64,71.43,2.05,Nagpur,Maharashtra
436,436,157.42,41.34,7.33,New Delhi,Delhi
437,437,127.23,76.57,9.48,Coimbatore,Tamil Nadu
438,438,59.69,25.77,9.08,Indore,Madhya Pradesh
439,439,263.55,27.82,7.88,Kolkata,West Bengal
440,440,231.79,71.73,7.21,Chandigarh,Chandigarh
441,441,251.1,20.25,7.17,Dehradun,Uttarakhand
442,442,255.34,27.83,7.32,Bengaluru,Karnataka
443,443,221.63,69.47,2.45,Mumbai,Maharashtra
444,444,89.46,44.7,5.17,Hyderabad,Telangana
445,445,192.39,26.36,8,New Delhi,Delhi
446,446,206.8,60.73,5.23,Udaipur,Rajasthan
447,447,266.13,68.83,2.75,Warangal,Telangana
448,448,50.23,28.81,2.27,Thiruvananthapuram,Kerala
449,449,151.79,30.57,9.83,Nagpur,Maharashtra
450,450,277.04,35.43,4.48,Shimla,Himachal Pradesh
451,451,240.7,44.83,3.12,Coimbatore,Tamil Nadu
452,452,218.43,74.87,2.49,New Delhi,Delhi
453,453,293.29,37.07,9.11,Udaipur,Rajasthan
454,454,69.88,79.76,2.12,Bengaluru,Karnataka
455,455,225.28,72.63,3.54,Nagpur,Maharashtra
456,456,135.84,55.97,9.2,Dehradun,Uttarakhand
457,457,280.76,53.83,7.91,Warangal,Telangana
458,458,115.08,24.19,4.75,Kochi,Kerala
459,459,90.91,67.36,6.24,New Delhi,Delhi
460,460,240.68,22.98,8.9,Ranchi,Jharkhand
461,461,280.91,36.43,3.85,Shimla,Himachal Pradesh
462,462,206.79,79.78,6.82,Jaipur,Rajasthan
463,463,164.5,36.76,7.15,Indore,Madhya Pradesh
464,464,106.82,66.54,9.8,Bhubaneswar,Odisha
465,465,136.26,47.39,5.43,Siliguri,West Bengal
466,466,223.31,63.89,9.03,Indore,Madhya Pradesh
467,467,123.73,71.41,5.78,Chennai,Tamil Nadu
468,468,82.37,58.18,8.12,New Delhi,Delhi
469,469,278.38,48.85,8.3,Ranchi,Jharkhand
470,470,215.37,37.75,6.5,Pune,Maharashtra
471,471,152.52,57.67,8.34,Chandigarh,Chandigarh
472,472,55.45,55.79,5.54,Shimla,Himachal Pradesh
473,473,122.89,30.42,6.06,Nagpur,Maharashtra
474,474,66.51,58.16,3.05,Delhi,Delhi
475,475,175.69,45.42,6.05,Kolkata,West Bengal
476,476,292.4,23.02,9.36,Mysuru,Karnataka
477,477,121.05,55.53,2.01,Nagpur,Maharashtra
478,478,167.39,54.38,2.71,Ranchi,Jharkhand
479,479,107.15,60.71,4.81,Lucknow,Uttar Pradesh
480,480,137.57,27.02,3.18,Coimbatore,Tamil Nadu
481,481,121.71,75.15,4.2,Indore,Madhya Pradesh
482,482,222.94,50.85,2.16,Kolkata,West Bengal
483,483,67.78,64.02,6.73,Warangal,Telangana
484,484,109.66,75.98,6.32,Lucknow,Uttar Pradesh
485,485,264.22,57.16,7.94,Surat,Gujarat
486,486,299.2,63.69,2.99,Pune,Maharashtra
487,487,68.33,26.05,2.57,Bhopal,Madhya Pradesh
488,488,127.14,29.13,9.78,Coimbatore,Tamil Nadu
489,489,129.83,35.75,5.97,Patna,Bihar
490,490,241.8,58.14,5.65,Delhi,Delhi
491,491,64.56,71.34,5.55,Ranchi,Jharkhand
492,492,286.75,63.29,7.11,Pune,Maharashtra
493,493,146.21,33.04,5.55,Coimbatore,Tamil Nadu
494,494,282.92,62.83,8.99,Pune,Maharashtra
495,495,82.5,40.08,3.22,Nashik,Maharashtra
496,496,201.59,23.15,7.91,Kochi,Kerala
497,497,170.32,57.29,8.33,Siliguri,West Bengal
498,498,160.23,75.48,5.99,Warangal,Telangana
499,499,90.77,78.23,3.53,Thiruvananthapuram,Kerala
500,500,258.95,31.71,6.53,Lucknow,Uttar Pradesh
501,501,252.69,38.03,4.22,Patna,Bihar
502,502,266.59,68.39,6.36,Ranchi,Jharkhand
503,503,295.45,74.87,5.62,Nashik,Maharashtra
504,504,181.83,43.99,3.17,Kochi,Kerala
505,505,75.15,68.2,4.82,Ahmedabad,Gujarat
506,506,200.82,54.64,3.33,Jaipur,Rajasthan
507,507,161.58,68.06,8.65,Shimla,Himachal Pradesh
508,508,289.44,41.67,4.65,Delhi,Delhi
509,509,98.27,32.29,9.81,Ahmedabad,Gujarat
510,510,193.53,66.44,2.57,Thiruvananthapuram,Kerala
511,511,210.29,69.04,4.64,Warangal,Telangana
512,512,269.96,56.98,5.38,Ahmedabad,Gujarat
513,513,264.84,42.77,7.04,Lucknow,Uttar Pradesh
514,514,78.14,21.22,2.16,Bhopal,Madhya Pradesh
515,515,92.88,51.7,4.46,Kanpur,Uttar Pradesh
516,516,271.95,69.3,7.36,New Delhi,Delhi
517,517,64.1,20.3,2.96,Bengaluru,Karnataka
518,518,285.57,33.64,9.18,Bhopal,Madhya Pradesh
519,519,268.65,67.13,3.55,Indore,Madhya Pradesh
520,520,132.73,32.95,5.97,Mysuru,Karnataka
521,521,296.57,32.49,7.84,Bhubaneswar,Odisha
522,522,208.42,74.41,7.47,Indore,Madhya Pradesh
523,523,121.75,70.55,5.08,Kolkata,West Bengal
524,524,94.75,74.65,7.41,Chandigarh,Chandigarh
525,525,129.31,25.33,7.97,Dehradun,Uttarakhand
526,526,90.88,35.61,8.35,Warangal,Telangana
527,527,83.5,59.38,5.56,Kanpur,Uttar Pradesh
528,528,200.65,63.97,4.48,Indore,Madhya Pradesh
529,529,112.77,56.52,8.47,Patna,Bihar
530,530,198.43,53.87,7.28,Chennai,Tamil Nadu
531,531,292.27,54.48,9.78,Mumbai,Maharashtra
532,532,93.95,35.76,3.62,Mumbai,Maharashtra
533,533,51.59,54.48,9.46,Warangal,Telangana
534,534,241.73,46.81,7.32,Lucknow,Uttar Pradesh
535,535,162.62,75.41,7.33,Dehradun,Uttarakhand
536,536,181.99,20.33,5.56,Hyderabad,Telangana
537,537,218.48,73.74,3.25,Nagpur,Maharashtra
538,538,211.58,27.12,2.24,Nashik,Maharashtra
539,539,72.41,51.88,5.62,Bengaluru,Karnataka
540,540,169.22,54.74,4.19,Warangal,Telangana
541,541,153.56,77.08,2.62,Bengaluru,Karnataka
542,542,251.51,63.69,7.49,Bhopal,Madhya Pradesh
543,543,292.16,63.2,2.44,Ranchi,Jharkhand
544,544,108.65,79.69,8.15,Coimbatore,Tamil Nadu
545,545,296.81,43.53,4.98,Kanpur,Uttar Pradesh
546,546,144.62,38.25,4.96,Hyderabad,Telangana
547,547,140.69,47.48,3.54,Patna,Bihar
548,548,196.99,48.6,9.79,Ranchi,Jharkhand
549,549,241.13,40.25,5.47,Ahmedabad,Gujarat
550,550,203.58,67.54,8.41,Ahmedabad,Gujarat
551,551,110.33,23.27,8.27,Surat,Gujarat
552,552,240.19,31.15,4.48,Chandigarh,Chandigarh
553,553,209.12,71.83,8.7,Kochi,Kerala
554,554,287.69,40.06,8.8,Ranchi,Jharkhand
555,555,104.93,70.12,2.1,Chennai,Tamil Nadu
556,556,244.01,72.42,3.32,Bhopal,Madhya Pradesh
557,557,287.73,62.56,2.56,Mysuru,Karnataka
558,558,87.23,32.14,9.48,Chennai,Tamil Nadu
559,559,77.86,72.06,5.83,Shimla,Himachal Pradesh
560,560,157.96,27.31,6.83,Bhubaneswar,Odisha
561,561,158.37,72.2,2.46,Thiruvananthapuram,Kerala
562,562,117.3,27.18,7.26,Bhubaneswar,Odisha
563,563,160.77,45.84,3.62,Chandigarh,Chandigarh
564,564,153.1,21.94,9.44,Siliguri,West Bengal
565,565,218.27,52.97,4.17,Nagpur,Maharashtra
566,566,256.85,71.78,3.2,Pune,Maharashtra
567,567,54.6,60.17,5.92,Warangal,Telangana
568,568,228.04,47.14,6.51,Chennai,Tamil Nadu
569,569,113.99,33.01,4.79,Indore,Madhya Pradesh
570,570,296.55,64.45,6.3,Bhopal,Madhya Pradesh
571,571,299.06,46.82,4.03,Jaipur,Rajasthan
572,572,284.7,34.06,8.98,Udaipur,Rajasthan
573,573,192.47,46.42,9.2,Ahmedabad,Gujarat
574,574,172.03,39.98,9.9,Coimbatore,Tamil Nadu
575,575,78.92,79.66,8.82,Jaipur,Rajasthan
576,576,146.16,71.47,7.81,Bengaluru,Karnataka
577,577,66.41,39.65,5.57,Mysuru,Karnataka
578,578,119.26,52.14,9.25,Dehradun,Uttarakhand
579,579,286.86,65.14,5.25,Pune,Maharashtra
580,580,210.18,46.96,5.36,Guwahati,Assam
581,581,63.98,36.71,7.12,Bhopal,Madhya Pradesh
582,582,215.17,42.42,6.56,Patna,Bihar
583,583,167.3,52.32,8.37,New Delhi,Delhi
584,584,270.5,69.78,2.5,Shimla,Himachal Pradesh
585,585,178.16,24.47,3.93,Patna,Bihar
586,586,56.58,74.16,6.75,Nagpur,Maharashtra
587,587,158.05,38.32,6.79,Kanpur,Uttar Pradesh
588,588,242.5,60.94,6.37,Thiruvananthapuram,Kerala
589,589,74.56,65.64,6.93,Thiruvananthapuram,Kerala
590,590,173.63,53.88,2.74,Hyderabad,Telangana
591,591,205.56,61.14,5.47,Jaipur,Rajasthan
592,592,55.28,50.03,9.95,Hyderabad,Telangana
593,593,210.12,69.61,6.18,Nashik,Maharashtra
594,594,127.08,24.84,9.17,Kanpur,Uttar Pradesh
595,595,267.77,43.32,2.82,Warangal,Telangana
596,596,221.21,70.12,4.23,Kochi,Kerala
597,597,152.31,71.93,2.4,Lucknow,Uttar Pradesh
598,598,135.57,51.13,9.83,Mysuru,Karnataka
599,599,120.03,60.7,4.04,Dehradun,Uttarakhand
600,600,171.13,61.05,9.8,Bengaluru,Karnataka
601,601,225.42,30.6,9.99,Surat,Gujarat
602,602,107.62,31.84,4.92,Patna,Bihar
603,603,73.09,40.85,6.47,Chandigarh,Chandigarh
604,604,94.52,29.14,4.48,Lucknow,Uttar Pradesh
605,605,208.42,48.09,4.11,Delhi,Delhi
606,606,202.51,55.39,8.74,Kolkata,West Bengal
607,607,95.29,41.77,6.79,Nagpur,Maharashtra
608,608,70.69,28.18,8.89,Chennai,Tamil Nadu
609,609,108.1,35.74,6.98,Surat,Gujarat
610,610,295.83,46.58,8.02,Warangal,Telangana
611,611,63.72,39.64,4.45,Chennai,Tamil Nadu
612,612,155.66,30.34,6.94,Mumbai,Maharashtra
613,613,235.35,35.84,7.55,Indore,Madhya Pradesh
614,614,184.55,30.91,3.93,Nagpur,Maharashtra
615,615,79.3,38.8,8.86,Guwahati,Assam
616,616,151.35,36.59,2.8,Dehradun,Uttarakhand
617,617,267.52,26.16,6.98,Kolkata,West Bengal
618,618,295.67,68.36,3.99,Mumbai,Maharashtra
619,619,167.64,20.84,8.06,Thiruvananthapuram,Kerala
620,620,110.55,47.77,9.18,Bhopal,Madhya Pradesh
621,621,87.41,78.84,3.76,New Delhi,Delhi
622,622,108.68,61.92,2.77,Nagpur,Maharashtra
623,623,192.23,67.86,5.86,Jaipur,Rajasthan
624,624,131.47,46.23,6.41,Patna,Bihar
625,625,99.32,33.36,2.15,Shimla,Himachal Pradesh
626,626,227.36,71.4,4.61,Warangal,Telangana
627,627,230.11,22.66,9.15,Delhi,Delhi
628,628,203.28,37.56,5.81,Coimbatore,Tamil Nadu
629,629,179.85,31.23,7.88,Nagpur,Maharashtra
630,630,237.12,54.59,8.94,Ahmedabad,Gujarat
631,631,55.82,45.67,8.02,Udaipur,Rajasthan
632,632,267.23,77.1,7.79,Siliguri,West Bengal
633,633,54.87,23.63,4.82,Mysuru,Karnataka
634,634,256.6,28.15,3.15,Ahmedabad,Gujarat
635,635,284.27,59.86,9.78,New Delhi,Delhi
636,636,143.32,21.21,2.67,Ranchi,Jharkhand
637,637,262.53,58.15,5.59,Patna,Bihar
638,638,297.05,32.9,4.41,Surat,Gujarat
639,639,257.36,72.46,9.5,Chandigarh,Chandigarh
640,640,169.2,40.25,5.04,Bhubaneswar,Odisha
641,641,102.89,49.25,3.89,Siliguri,West Bengal
642,642,296.9,55.27,5.78,Dehradun,Uttarakhand
643,643,265.43,61.42,8.79,Jaipur,Rajasthan
644,644,176.47,52.38,6.67,New Delhi,Delhi
645,645,249.52,62.27,7.24,Guwahati,Assam
646,646,296.11,72.13,5.12,Bhopal,Madhya Pradesh
647,647,163.23,64.87,8.76,Warangal,Telangana
648,648,248.03,43.34,8.45,Ranchi,Jharkhand
649,649,78.44,57.58,9.41,Kochi,Kerala
650,650,284.83,29.19,6.33,Pune,Maharashtra
651,651,246.23,66.3,8.65,Thiruvananthapuram,Kerala
652,652,250,27.89,6.53,Surat,Gujarat
653,653,80.51,51.07,5.58,Kolkata,West Bengal
654,654,61.09,63.73,6.56,Nashik,Maharashtra
655,655,201.3,35.78,2.59,Indore,Madhya Pradesh
656,656,214.51,51.76,6.15,Indore,Madhya Pradesh
657,657,204.09,24.24,3.17,Lucknow,Uttar Pradesh
658,658,53.68,61.64,5.88,Lucknow,Uttar Pradesh
659,659,225.27,67.7,2.85,Hyderabad,Telangana
660,660,111.37,59.06,7.07,Surat,Gujarat
661,661,144.15,39.98,9.63,Ranchi,Jharkhand
662,662,278.23,38.96,2.28,Mumbai,Maharashtra
663,663,203.38,24.4,3.71,Delhi,Delhi
664,664,186.78,52.78,6.66,Chennai,Tamil Nadu
665,665,219.34,76.59,9.12,Bhopal,Madhya Pradesh
666,666,240.63,51.52,2.73,Delhi,Delhi
667,667,165.1,36.94,7.96,Chennai,Tamil Nadu
668,668,226,21.54,8.24,Ahmedabad,Gujarat
669,669,177.83,50.46,4.67,Warangal,Telangana
670,670,115.27,66.19,3.68,Kochi,Kerala
671,671,83.58,26.78,3.59,Chennai,Tamil Nadu
672,672,264.72,62.84,5.95,Ahmedabad,Gujarat
673,673,263.42,32.74,6.47,Guwahati,Assam
674,674,243.94,24.36,6.7,Pune,Maharashtra
675,675,250.26,33.98,9.14,Shimla,Himachal Pradesh
676,676,61.66,55.48,5.75,Delhi,Delhi
677,677,132.36,66.28,6.1,Thiruvananthapuram,Kerala
678,678,94.14,53.32,6.45,Bhopal,Madhya Pradesh
679,679,66.43,51.54,7.97,Kochi,Kerala
680,680,165.66,55.9,7.71,Mumbai,Maharashtra
681,681,76.2,29.57,5.09,Chandigarh,Chandigarh
682,682,127.29,20.44,2.46,Kolkata,West Bengal
683,683,76.72,24.33,6.22,Warangal,Telangana
684,684,246.64,21.02,3.42,Surat,Gujarat
685,685,267.17,49.64,4.52,Surat,Gujarat
686,686,268.22,51.98,6.89,Ranchi,Jharkhand
687,687,56.04,33.12,8.86,Ahmedabad,Gujarat
688,688,145.26,27.82,5.63,Mysuru,Karnataka
689,689,72.36,73.29,2.82,Dehradun,Uttarakhand
690,690,106.31,76.05,2.15,Kolkata,West Bengal
691,691,164.92,59.53,3.45,Indore,Madhya Pradesh
692,692,66.11,43.82,7.1,Ahmedabad,Gujarat
693,693,98.74,59.14,2.6,Thiruvananthapuram,Kerala
694,694,288.75,30.6,8.8,Bhopal,Madhya Pradesh
695,695,258.13,38.7,2.6,Surat,Gujarat
696,696,147.04,43.25,8.92,Shimla,Himachal Pradesh
697,697,253.99,22.15,5.72,Chandigarh,Chandigarh
698,698,273.62,29.4,7.06,Dehradun,Uttarakhand
699,699,141.12,61.77,6.57,Mysuru,Karnataka
700,700,158.48,70.55,3.64,Indore,Madhya Pradesh
701,701,107.17,77.64,4.9,Warangal,Telangana
702,702,288.68,62.62,5.37,Delhi,Delhi
703,703,293.53,22.14,8.74,Hyderabad,Telangana
704,704,144.47,27.17,3.95,Udaipur,Rajasthan
705,705,216.39,68.61,9.58,Bhopal,Madhya Pradesh
706,706,101.74,59.45,2.23,Ranchi,Jharkhand
707,707,160.78,23.31,8.92,Chennai,Tamil Nadu
708,708,123.35,20.01,4.48,Ahmedabad,Gujarat
709,709,134.49,57.91,5.36,Patna,Bihar
710,710,109.71,53.81,3.78,Guwahati,Assam
711,711,106.32,78.82,9.65,Udaipur,Rajasthan
712,712,170.13,32.04,6.84,Nagpur,Maharashtra
713,713,268.4,21.17,2.09,Kanpur,Uttar Pradesh
714,714,75.49,28.5,5.02,Hyderabad,Telangana
715,715,60.95,62.8,5.44,Kochi,Kerala
716,716,212.1,36.08,4.9,Guwahati,Assam
717,717,106.29,35.34,7.07,Bengaluru,Karnataka
718,718,266.81,41.65,7.73,Bhopal,Madhya Pradesh
719,719,147.13,64.57,7.14,Bhubaneswar,Odisha
720,720,74.42,26.33,7.16,Chennai,Tamil Nadu
721,721,85.11,30.15,2.76,Shimla,Himachal Pradesh
722,722,76.29,51.34,9.45,Indore,Madhya Pradesh
723,723,151.49,20.95,6.75,Nashik,Maharashtra
724,724,241.41,21.94,9.75,Lucknow,Uttar Pradesh
725,725,279.79,64.58,9.4,Nashik,Maharashtra
726,726,253.69,47.69,7.07,Nagpur,Maharashtra
727,727,120.14,25.65,5.13,Shimla,Himachal Pradesh
728,728,215.47,60.42,9.26,New Delhi,Delhi
729,729,297.9,64,7.39,Siliguri,West Bengal
730,730,156.24,72.79,8.96,Coimbatore,Tamil Nadu
731,731,246.15,29.88,3.14,Indore,Madhya Pradesh
732,732,114.27,78.19,6.45,Surat,Gujarat
733,733,70.08,21.79,3.82,Nashik,Maharashtra
734,734,106.87,49.27,8.02,Guwahati,Assam
735,735,113.13,67.11,7.78,Patna,Bihar
736,736,78.75,74.41,9.48,Delhi,Delhi
737,737,134.28,23.87,4.37,Bengaluru,Karnataka
738,738,138.78,77.43,9.69,Chennai,Tamil Nadu
739,739,86.29,57.03,2.15,Chandigarh,Chandigarh
740,740,229.72,41.01,5.76,Dehradun,Uttarakhand
741,741,156.18,75.04,3.08,Hyderabad,Telangana
742,742,221.98,55.61,3.63,Surat,Gujarat
743,743,59.51,67,2.2,Chennai,Tamil Nadu
744,744,115.27,23.4,6.17,Kanpur,Uttar Pradesh
745,745,227.44,59.9,5.54,Mumbai,Maharashtra
746,746,259.01,45.1,5.52,Kanpur,Uttar Pradesh
747,747,173,67.06,2.1,New Delhi,Delhi
748,748,140.75,40.14,9.26,Coimbatore,Tamil Nadu
749,749,215.19,24.82,4.04,Nagpur,Maharashtra
750,750,162.53,31.19,3.49,Ranchi,Jharkhand
751,751,276.87,40.79,9.41,Shimla,Himachal Pradesh
752,752,142.49,60.74,2.77,Pune,Maharashtra
753,753,294.37,46.95,2.29,Nagpur,Maharashtra
754,754,188.62,53.22,5.56,Mumbai,Maharashtra
755,755,102.82,70.87,7.94,Ranchi,Jharkhand
756,756,56.58,75.03,8.11,Mumbai,Maharashtra
757,757,250.34,45.4,7.29,Udaipur,Rajasthan
758,758,158.52,26.55,8.5,Kolkata,West Bengal
759,759,121.22,36.67,5.27,New Delhi,Delhi
760,760,144.01,47.81,8.53,Patna,Bihar
761,761,92.39,73.94,6.44,Chandigarh,Chandigarh
762,762,64.49,60.83,7.19,Ranchi,Jharkhand
763,763,111.95,79.05,9.72,Kolkata,West Bengal
764,764,139.05,72.97,9.05,Thiruvananthapuram,Kerala
765,765,178.66,27.19,3.15,Chennai,Tamil Nadu
766,766,207.16,65.88,2.86,Coimbatore,Tamil Nadu
767,767,182.18,71.5,4.58,Thiruvananthapuram,Kerala
768,768,85.24,34.77,9.51,Nashik,Maharashtra
769,769,134.34,53.87,6.29,Kanpur,Uttar Pradesh
770,770,265.27,53.77,8.84,New Delhi,Delhi
771,771,244.74,31.14,8.85,Nagpur,Maharashtra
772,772,262.55,40.33,2.12,Bhopal,Madhya Pradesh
773,773,172.25,73.37,7.87,Lucknow,Uttar Pradesh
774,774,252.96,33.62,9.21,Indore,Madhya Pradesh
775,775,54.64,64.26,7.1,Indore,Madhya Pradesh
776,776,247.94,55.55,7.57,Hyderabad,Telangana
777,777,195.42,58.8,7.88,Udaipur,Rajasthan
778,778,53.18,49.38,2.81,Nashik,Maharashtra
779,779,58.75,41.24,5.88,Kolkata,West Bengal
780,780,137.09,62.4,2.2,Mumbai,Maharashtra
781,781,197.77,79.3,2.93,Chennai,Tamil Nadu
782,782,111.81,47.28,5.47,Patna,Bihar
783,783,188.08,38.31,2.93,Siliguri,West Bengal
784,784,236.28,42.36,5.96,Kolkata,West Bengal
785,785,199.87,47.71,3.31,Shimla,Himachal Pradesh
786,786,95.01,44.54,3.31,Siliguri,West Bengal
787,787,104.61,77.8,9.58,New Delhi,Delhi
788,788,239.01,31.44,8.89,Delhi,Delhi
789,789,192.74,79.3,4.61,Jaipur,Rajasthan
790,790,241.2,60.99,9.81,Hyderabad,Telangana
791,791,65.72,34.01,3.53,Warangal,Telangana
792,792,149.29,59.11,3.85,Chennai,Tamil Nadu
793,793,146.16,61.71,2.69,Warangal,Telangana
794,794,58.35,41.25,7.77,Chandigarh,Chandigarh
795,795,195.75,48.25,2.06,Patna,Bihar
796,796,96.52,34.26,7.99,Bengaluru,Karnataka
797,797,112.59,59.7,5.7,Lucknow,Uttar Pradesh
798,798,66.85,78.2,6.2,Lucknow,Uttar Pradesh
799,799,98.19,24.5,4.76,Bengaluru,Karnataka
800,800,228.94,68.29,8,Jaipur,Rajasthan
801,801,153.51,23.92,7.92,Delhi,Delhi
802,802,165.32,75.51,3.36,Bhopal,Madhya Pradesh
803,803,101.24,47.68,5.85,Patna,Bihar
804,804,233.25,38.72,4.24,Mumbai,Maharashtra
805,805,282.94,67.61,5.34,Coimbatore,Tamil Nadu
806,806,163.02,76.23,3.55,Kolkata,West Bengal
807,807,244.61,50.71,4.61,Bhopal,Madhya Pradesh
808,808,151.13,33.88,7.1,Kolkata,West Bengal
809,809,53.45,72.09,6.18,Guwahati,Assam
810,810,105.9,31.66,3,Mumbai,Maharashtra
811,811,168.48,64.15,9.12,Udaipur,Rajasthan
812,812,143.38,46.01,6.15,Nagpur,Maharashtra
813,813,272.51,67.53,4.12,Coimbatore,Tamil Nadu
814,814,177.06,57.25,8.01,Kanpur,Uttar Pradesh
815,815,120.33,76.88,8.45,Patna,Bihar
816,816,188.94,66.9,5.46,Mysuru,Karnataka
817,817,101.31,61.55,2.27,Nagpur,Maharashtra
818,818,104.38,68.5,8.68,New Delhi,Delhi
819,819,115.48,31.71,2.75,Guwahati,Assam
820,820,97.5,74.65,8.1,Kanpur,Uttar Pradesh
821,821,180.02,79.74,4.44,Guwahati,Assam
822,822,212.48,20.2,9.18,Patna,Bihar
823,823,119.3,26.72,2.65,Nashik,Maharashtra
824,824,172.52,35.3,3.48,Mumbai,Maharashtra
825,825,99.4,61.43,5.26,Chandigarh,Chandigarh
826,826,100.87,34.03,7.82,New Delhi,Delhi
827,827,272.01,29.68,5.9,Indore,Madhya Pradesh
828,828,189.57,41.83,9.18,Hyderabad,Telangana
829,829,141.26,50.23,3.99,Mumbai,Maharashtra
830,830,72.09,43.85,2.51,Guwahati,Assam
831,831,212.92,34.66,4.49,Ahmedabad,Gujarat
832,832,239.81,47.3,2.11,Dehradun,Uttarakhand
833,833,127.44,79.65,5.78,Siliguri,West Bengal
834,834,278.34,61.14,6.25,Dehradun,Uttarakhand
835,835,50.95,61.69,3.99,Warangal,Telangana
836,836,154.36,52.22,3.39,Thiruvananthapuram,Kerala
837,837,161.06,58.02,6.81,Indore,Madhya Pradesh
838,838,276.43,54.04,9.53,Kolkata,West Bengal
839,839,244.27,73.57,9.72,Warangal,Telangana
840,840,246.79,58.77,6.14,Chandigarh,Chandigarh
841,841,156.42,40.9,6.75,Nashik,Maharashtra
842,842,256.88,45.3,6.13,Dehradun,Uttarakhand
843,843,110.74,77.99,3.39,Delhi,Delhi
844,844,91.85,38.03,6.09,Chennai,Tamil Nadu
845,845,264.95,25.13,5.45,Thiruvananthapuram,Kerala
846,846,107.8,23.12,7.56,Surat,Gujarat
847,847,188.14,23.87,6.61,Chandigarh,Chandigarh
848,848,172.8,79.7,4.22,New Delhi,Delhi
849,849,262.19,53.68,9.96,Kanpur,Uttar Pradesh
850,850,123.71,26.31,9.88,Mysuru,Karnataka
851,851,59.29,53.71,8.06,Hyderabad,Telangana
852,852,121.24,46.79,6.03,Patna,Bihar
853,853,96.45,68.98,6.36,Udaipur,Rajasthan
854,854,225.66,48.78,3.77,Siliguri,West Bengal
855,855,249.44,47.55,5.26,Bhubaneswar,Odisha
856,856,293.56,31.29,9.01,Thiruvananthapuram,Kerala
857,857,210.16,62.35,5.26,Coimbatore,Tamil Nadu
858,858,156.66,66.36,4.33,Hyderabad,Telangana
859,859,198.42,35.06,3.75,Chandigarh,Chandigarh
860,860,151.17,62.5,7.4,Dehradun,Uttarakhand
861,861,235.33,69.97,5.33,Guwahati,Assam
862,862,276.55,50.43,4.83,Pune,Maharashtra
863,863,170.46,48.9,5.97,Kolkata,West Bengal
864,864,190.71,61.28,4.21,Dehradun,Uttarakhand
865,865,176.28,44.84,6.29,Kochi,Kerala
866,866,159.95,38.72,9.01,Mumbai,Maharashtra
867,867,97.53,57.17,9.92,Chandigarh,Chandigarh
868,868,120.51,36.12,4.6,Thiruvananthapuram,Kerala
869,869,137.85,70.83,5.97,Chennai,Tamil Nadu
870,870,88.85,79.17,8.5,New Delhi,Delhi
871,871,204.46,67.37,6.7,Indore,Madhya Pradesh
872,872,278.28,65.54,7.79,Pune,Maharashtra
873,873,159.54,44.66,8.11,Jaipur,Rajasthan
874,874,50.64,70.04,6.06,Chandigarh,Chandigarh
875,875,126.01,49.45,2.72,Lucknow,Uttar Pradesh
876,876,159.26,73.52,6.39,Ahmedabad,Gujarat
877,877,178.13,42.52,4.55,Siliguri,West Bengal
878,878,53.79,44.79,8.83,Dehradun,Uttarakhand
879,879,279.49,20.18,5.97,Warangal,Telangana
880,880,206.16,32.4,2.64,Mysuru,Karnataka
881,881,205.62,21.94,7.41,Lucknow,Uttar Pradesh
882,882,197.01,30.9,9.21,New Delhi,Delhi
883,883,271.84,44.21,5.59,Surat,Gujarat
884,884,129.84,38.08,5.02,Surat,Gujarat
885,885,188.81,78.35,7.48,Siliguri,West Bengal
886,886,217.41,65.27,8.27,Pune,Maharashtra
887,887,64.83,73.35,9.93,Bhubaneswar,Odisha
888,888,102.55,63.02,8.1,New Delhi,Delhi
889,889,78.95,54.33,2.05,Ranchi,Jharkhand
890,890,236.59,75.69,8.62,Kolkata,West Bengal
891,891,269.65,68.25,8.89,Mysuru,Karnataka
892,892,98.42,24.76,5.03,Kanpur,Uttar Pradesh
893,893,251.13,29.87,4.33,Bengaluru,Karnataka
894,894,144.15,47.78,6.72,Dehradun,Uttarakhand
895,895,123.34,33.81,7.52,Ranchi,Jharkhand
896,896,266.7,78.51,4.63,Warangal,Telangana
897,897,261.74,41.72,5.15,New Delhi,Delhi
898,898,146.13,31.43,8.2,Bhubaneswar,Odisha
899,899,154.48,42.36,3.88,Mysuru,Karnataka
900,900,253.22,38.62,7.64,Kochi,Kerala
901,901,197.1,42.63,2.4,Mysuru,Karnataka
902,902,178.47,65.47,6.14,Nagpur,Maharashtra
903,903,122.11,37.35,2.16,Udaipur,Rajasthan
904,904,295.28,76.26,6.21,Mysuru,Karnataka
905,905,133.41,28.29,7.95,Ahmedabad,Gujarat
906,906,276.96,72.79,8.93,Dehradun,Uttarakhand
907,907,266.49,29.49,7.94,Dehradun,Uttarakhand
908,908,269.79,56.04,7.5,Coimbatore,Tamil Nadu
909,909,103.86,76.37,7.49,Bengaluru,Karnataka
910,910,247.77,36.48,8.8,Mumbai,Maharashtra
911,911,132.59,46.37,6.89,Coimbatore,Tamil Nadu
912,912,279.92,48.53,4.74,Kochi,Kerala
913,913,245.41,71.16,6.46,Coimbatore,Tamil Nadu
914,914,284.63,23.44,7.13,Lucknow,Uttar Pradesh
915,915,137.11,71.81,9.8,Shimla,Himachal Pradesh
916,916,224.45,58.84,4.96,Chennai,Tamil Nadu
917,917,121.2,34.17,5.89,Bengaluru,Karnataka
918,918,288.6,79.81,6.85,Lucknow,Uttar Pradesh
919,919,235.85,63.17,3.06,Mumbai,Maharashtra
920,920,169.86,48.07,6.71,Guwahati,Assam
921,921,128.4,66.77,6.66,Nashik,Maharashtra
922,922,252.26,21.81,6.84,Chandigarh,Chandigarh
923,923,115.99,21.43,3.31,Lucknow,Uttar Pradesh
924,924,275.54,32.2,9.41,Shimla,Himachal Pradesh
925,925,144.27,55.28,5.23,Thiruvananthapuram,Kerala
926,926,288.99,34.13,5.11,Pune,Maharashtra
927,927,117.38,52.75,5.41,Udaipur,Rajasthan
928,928,200.63,20.49,8.13,Mumbai,Maharashtra
929,929,107.99,74.77,9.9,Chandigarh,Chandigarh
930,930,80.55,61.56,4.59,Udaipur,Rajasthan
931,931,236.47,73.95,4.28,Bengaluru,Karnataka
932,932,221.75,67.4,4.08,Nashik,Maharashtra
933,933,96.56,23.2,3.1,Kolkata,West Bengal
934,934,118.17,63.58,5.84,Warangal,Telangana
935,935,65.94,56.09,4.02,Pune,Maharashtra
936,936,187.4,36.64,2.44,Ranchi,Jharkhand
937,937,295.04,72.33,3.97,Thiruvananthapuram,Kerala
938,938,282.89,42.91,2.06,Lucknow,Uttar Pradesh
939,939,186.53,78.89,9.53,Jaipur,Rajasthan
940,940,107.1,44.83,9.6,Shimla,Himachal Pradesh
941,941,218.99,21.12,7.22,Bhopal,Madhya Pradesh
942,942,183.74,48.82,2,Dehradun,Uttarakhand
943,943,139.56,26.38,6.61,Shimla,Himachal Pradesh
944,944,259.51,56.04,3.39,Guwahati,Assam
945,945,148.42,76.91,8.7,Ahmedabad,Gujarat
946,946,222.9,38.27,7.41,Thiruvananthapuram,Kerala
947,947,253.62,25.52,9.86,Siliguri,West Bengal
948,948,66.76,44.2,5.25,Bhubaneswar,Odisha
949,949,233.71,71.05,5.29,Lucknow,Uttar Pradesh
950,950,275.51,67.73,8.12,Nashik,Maharashtra
951,951,101.91,52.05,3.93,Guwahati,Assam
952,952,85.6,67.96,3.04,Bhopal,Madhya Pradesh
953,953,125.79,56.6,5.22,Udaipur,Rajasthan
954,954,252.29,36.61,5.89,Hyderabad,Telangana
955,955,244.43,33.5,4.38,Hyderabad,Telangana
956,956,254.28,77.95,7.2,Hyderabad,Telangana
957,957,75.8,26.54,5.72,Pune,Maharashtra
958,958,62.1,52.45,2.25,Hyderabad,Telangana
959,959,225.16,71.84,6.93,Ranchi,Jharkhand
960,960,279.47,29.81,2.07,Siliguri,West Bengal
961,961,247.46,55.35,8.58,Kolkata,West Bengal
962,962,111.52,43.12,2.21,Thiruvananthapuram,Kerala
963,963,149.85,45.58,5.35,Mysuru,Karnataka
964,964,59.59,24.78,3.36,Bhubaneswar,Odisha
965,965,97.04,67.14,4.53,Delhi,Delhi
966,966,53.65,36.34,9.62,Chennai,Tamil Nadu
967,967,209.32,39.62,7.52,Warangal,Telangana
968,968,165.54,51.04,9.81,Lucknow,Uttar Pradesh
969,969,212.91,30.47,5.59,Bhopal,Madhya Pradesh
970,970,251.08,33.57,8.63,Ahmedabad,Gujarat
971,971,284.66,56.93,9.24,Pune,Maharashtra
972,972,73.42,36.07,8.37,Mysuru,Karnataka
973,973,148.43,42.69,5.31,Bhubaneswar,Odisha
974,974,271.06,70.47,9.31,Siliguri,West Bengal
975,975,63.26,44.87,2.52,Delhi,Delhi
976,976,69.45,38.42,7.09,Chandigarh,Chandigarh
977,977,271.94,60.1,7.11,Thiruvananthapuram,Kerala
978,978,256.6,32.72,7.08,Lucknow,Uttar Pradesh
979,979,142.36,73.59,4.9,Warangal,Telangana
980,980,236.94,27.65,7.27,Pune,Maharashtra
981,981,105.1,65.56,4.24,Chennai,Tamil Nadu
982,982,163.74,30.41,4.08,Thiruvananthapuram,Kerala
983,983,69.03,56.12,8.58,Dehradun,Uttarakhand
984,984,226.34,50.61,6.81,Ranchi,Jharkhand
985,985,219.91,69.64,9.86,New Delhi,Delhi
986,986,269.12,58.44,8.6,Chandigarh,Chandigarh
987,987,207.4,77.84,5.44,Pune,Maharashtra
988,988,251.53,58.79,5.97,Ranchi,Jharkhand
989,989,258.92,34.88,9.66,Kochi,Kerala
990,990,292.21,47.28,4.66,Shimla,Himachal Pradesh
991,991,111.22,65.88,8.2,Mysuru,Karnataka
992,992,218.17,57.11,6.02,Bhubaneswar,Odisha
993,993,54.61,61.93,6.29,Lucknow,Uttar Pradesh
994,994,217.47,23.11,4.77,Kolkata,West Bengal
995,995,242.21,45.06,4.81,Dehradun,Uttarakhand
996,996,64.86,57.01,7.29,Indore,Madhya Pradesh
997,997,77.16,57.45,8.26,Udaipur,Rajasthan
998,998,242.82,47.26,7.11,Udaipur,Rajasthan
999,999,132.05,67.44,3.86,Guwahati,Assam
1000,1000,183.79,42.72,3.82,Udaipur,Rajasthan
1001,1001,117.87,70.04,3.02,Delhi,Delhi
1002,1002,221.99,35.25,2.13,Jaipur,Rajasthan
1003,1003,244.91,63.88,3.69,Kolkata,West Bengal
1004,1004,283.52,22.87,5.78,Lucknow,Uttar Pradesh
1005,1005,110.73,72.83,4.74,Ranchi,Jharkhand
1006,1006,195.46,70.95,3.92,Kolkata,West Bengal
1007,1007,208.5,65.81,3.67,Mumbai,Maharashtra
1008,1008,236.5,29.54,5.11,Lucknow,Uttar Pradesh
1009,1009,273.4,60.88,8.15,Surat,Gujarat
1010,1010,226.71,76.36,7.8,Mysuru,Karnataka
1011,1011,254.74,73.29,4.41,Surat,Gujarat
1012,1012,142.87,67.8,7.87,New Delhi,Delhi
1013,1013,186.59,33.18,9.87,Shimla,Himachal Pradesh
1014,1014,198.57,56.14,8.18,Thiruvananthapuram,Kerala
1015,1015,67.91,54.7,4.81,Kochi,Kerala
1016,1016,240.46,52.82,6.25,Patna,Bihar
1017,1017,246.3,51.76,8.84,Mysuru,Karnataka
1018,1018,170.57,63.56,8.64,Shimla,Himachal Pradesh
1019,1019,201,51.11,2.1,Shimla,Himachal Pradesh
1020,1020,190.21,53.75,8.51,Siliguri,West Bengal
1021,1021,151.05,67.61,7.53,Nashik,Maharashtra
1022,1022,258.14,65.22,4.73,Surat,Gujarat
1023,1023,89.34,39.16,7.97,Chennai,Tamil Nadu
1024,1024,50.89,32.55,3.25,Bengaluru,Karnataka
1025,1025,284.82,68.43,6.06,Coimbatore,Tamil Nadu
1026,1026,180.1,69.35,2.43,Lucknow,Uttar Pradesh
1027,1027,216.13,22.07,4.73,Nagpur,Maharashtra
1028,1028,61.41,44.02,9.15,Bengaluru,Karnataka
1029,1029,271.67,78.85,3.67,Jaipur,Rajasthan
1030,1030,208.2,69.55,9.36,Ranchi,Jharkhand
1031,1031,170,49.7,6.91,Patna,Bihar
1032,1032,87.26,57.75,4.04,Udaipur,Rajasthan
1033,1033,53.26,48.66,7.08,Shimla,Himachal Pradesh
1034,1034,70.18,52.49,6.99,Kolkata,West Bengal
1035,1035,80.2,30.85,8.06,Jaipur,Rajasthan
1036,1036,172.07,30.79,7.45,Bengaluru,Karnataka
1037,1037,233.74,57.1,7.04,Jaipur,Rajasthan
1038,1038,273.3,24.95,7.11,Warangal,Telangana
1039,1039,153.78,45.22,5.87,Kochi,Kerala
1040,1040,172.18,54.39,4.77,Bhopal,Madhya Pradesh
1041,1041,135.41,42,9.91,Nagpur,Maharashtra
1042,1042,185.93,26.38,7.48,New Delhi,Delhi
1043,1043,52.86,20.31,7.89,Warangal,Telangana
1044,1044,208.88,51.49,3.43,Kolkata,West Bengal
1045,1045,89.58,54.12,2.37,Ahmedabad,Gujarat
1046,1046,123.8,68.44,5.07,Thiruvananthapuram,Kerala
1047,1047,227.84,36.07,9.6,Nagpur,Maharashtra
1048,1048,56.05,37.81,6.45,Nagpur,Maharashtra
1049,1049,74.11,49.44,3.7,Udaipur,Rajasthan
1050,1050,145.5,64.37,9.88,Kolkata,West Bengal
1051,1051,78.92,42.85,8.33,Kanpur,Uttar Pradesh
1052,1052,157.51,77.56,3.9,Bhopal,Madhya Pradesh
1053,1053,182.09,73.13,3.32,Nagpur,Maharashtra
1054,1054,80.56,27.07,2.48,Coimbatore,Tamil Nadu
1055,1055,251.58,21.53,7.29,Chandigarh,Chandigarh
1056,1056,205.16,76.64,6.26,Warangal,Telangana
1057,1057,231.6,59.32,5.65,Mysuru,Karnataka
1058,1058,241.85,36.29,7.1,Bhubaneswar,Odisha
1059,1059,235.05,52.36,4.96,Bhubaneswar,Odisha
1060,1060,162.47,21.28,3.8,Guwahati,Assam
1061,1061,149.62,47.67,7.83,Chennai,Tamil Nadu
1062,1062,242.05,75.9,9.82,Chandigarh,Chandigarh
1063,1063,254.58,65.66,7.73,Dehradun,Uttarakhand
1064,1064,235.57,76.49,6.23,Mumbai,Maharashtra
1065,1065,128.62,33.03,2.34,Coimbatore,Tamil Nadu
1066,1066,122.25,70.36,3.55,Warangal,Telangana
1067,1067,56.2,56.71,6.36,New Delhi,Delhi
1068,1068,246.88,70.92,2.02,Guwahati,Assam
1069,1069,148.16,66.16,4.8,Indore,Madhya Pradesh
1070,1070,161.67,32.14,7.67,Warangal,Telangana
1071,1071,251.24,67.39,2.71,Surat,Gujarat
1072,1072,102.7,28.37,2.65,Kochi,Kerala
1073,1073,263.44,28.46,9.89,Kochi,Kerala
1074,1074,63.17,70.56,4.79,Ranchi,Jharkhand
1075,1075,72.43,68.09,3.4,Shimla,Himachal Pradesh
1076,1076,289.16,61.11,8.92,Patna,Bihar
1077,1077,245.69,64.92,4.07,Patna,Bihar
1078,1078,183.82,61.48,7.71,Bhubaneswar,Odisha
1079,1079,76.83,66.31,6.02,Ahmedabad,Gujarat
1080,1080,126.14,72.78,2.48,Nagpur,Maharashtra
1081,1081,220.35,66.73,9.38,Siliguri,West Bengal
1082,1082,73.19,28.01,2.86,Patna,Bihar
1083,1083,179.13,20.05,6.25,Pune,Maharashtra
1084,1084,291.14,71.06,8.98,Coimbatore,Tamil Nadu
1085,1085,275.08,78.45,9.3,New Delhi,Delhi
1086,1086,71.31,29.13,5.35,Kochi,Kerala
1087,1087,257.03,47.1,2.58,Guwahati,Assam
1088,1088,241.21,76.16,6.27,Nagpur,Maharashtra
1089,1089,118.52,79.53,8.65,Thiruvananthapuram,Kerala
1090,1090,122.71,73.18,4.8,Delhi,Delhi
1091,1091,156.93,54.16,3.53,Siliguri,West Bengal
1092,1092,122.96,31.14,3.38,Chandigarh,Chandigarh
1093,1093,161.06,42.79,6.66,New Delhi,Delhi
1094,1094,229.36,68.67,3.77,Chennai,Tamil Nadu
1095,1095,72.11,57.59,5.09,Bhopal,Madhya Pradesh
1096,1096,231.29,78.45,7.21,Nagpur,Maharashtra
1097,1097,234.9,21.81,4.12,Siliguri,West Bengal
1098,1098,270.46,41.18,7.17,Siliguri,West Bengal
1099,1099,219.72,67.76,8.49,Nashik,Maharashtra
1100,1100,211.03,66.06,6.97,New Delhi,Delhi
1101,1101,232.1,57.87,3.78,Kochi,Kerala
1102,1102,64.49,38.42,9.29,Warangal,Telangana
1103,1103,134.2,55.46,2.6,Siliguri,West Bengal
1104,1104,140.35,77.87,6.87,Patna,Bihar
1105,1105,221.67,57.74,3.84,Patna,Bihar
1106,1106,72.91,27.54,8.05,Siliguri,West Bengal
1107,1107,158.6,52.85,8.11,Pune,Maharashtra
1108,1108,130.23,61.74,5.27,Bhubaneswar,Odisha
1109,1109,215.41,67.49,3.54,Delhi,Delhi
1110,1110,137.84,25.03,6.18,Ahmedabad,Gujarat
1111,1111,282.76,36.45,6.54,Bengaluru,Karnataka
1112,1112,112.42,46.11,2.49,Patna,Bihar
1113,1113,160.73,57.74,8.06,Jaipur,Rajasthan
1114,1114,121.09,28.7,9.22,Patna,Bihar
1115,1115,73.52,45.46,5.1,Dehradun,Uttarakhand
1116,1116,250.18,49.45,4.32,Bhubaneswar,Odisha
1117,1117,204.31,37.16,4.41,Kolkata,West Bengal
1118,1118,85.01,51.7,7.83,Guwahati,Assam
1119,1119,56.05,63.15,7.11,Ahmedabad,Gujarat
1120,1120,76.06,60.32,6.48,Pune,Maharashtra
1121,1121,189.12,40.91,6.21,Lucknow,Uttar Pradesh
1122,1122,144.41,46.28,9.25,Bengaluru,Karnataka
1123,1123,75.52,75.48,4.7,Mumbai,Maharashtra
1124,1124,82.66,66.11,8.73,New Delhi,Delhi
1125,1125,148.34,44.15,4.13,Chennai,Tamil Nadu
1126,1126,249.37,57.37,9.8,Kochi,Kerala
1127,1127,115.31,79.24,5.4,Patna,Bihar
1128,1128,262.45,27.74,5.21,Nagpur,Maharashtra
1129,1129,179.01,39.86,8.1,Udaipur,Rajasthan
1130,1130,198.18,23.99,4.97,Delhi,Delhi
1131,1131,76.08,42.29,7.26,Surat,Gujarat
1132,1132,131.93,58.54,2.23,Coimbatore,Tamil Nadu
1133,1133,51.78,21.38,8.44,Lucknow,Uttar Pradesh
1134,1134,114.95,39.95,6.21,Jaipur,Rajasthan
1135,1135,171.17,45.17,6.28,Nagpur,Maharashtra
1136,1136,78.76,52.74,4,Dehradun,Uttarakhand
1137,1137,164.03,22.79,6.29,Udaipur,Rajasthan
1138,1138,99.13,56.4,6.33,Nashik,Maharashtra
1139,1139,280.04,41.74,4.3,Mysuru,Karnataka
1140,1140,146.73,20.93,3.51,Guwahati,Assam
1141,1141,251.73,38.55,5.9,Lucknow,Uttar Pradesh
1142,1142,127.85,26.4,4.1,Indore,Madhya Pradesh
1143,1143,211.18,54.72,2.87,Udaipur,Rajasthan
1144,1144,123.23,66.55,8.91,Thiruvananthapuram,Kerala
1145,1145,207.34,69.7,6.05,Ranchi,Jharkhand
1146,1146,285.16,38.8,4,Bhubaneswar,Odisha
1147,1147,218.55,28.08,5.8,Patna,Bihar
1148,1148,271.66,78.78,7.58,Surat,Gujarat
1149,1149,146.29,50.11,4.7,Indore,Madhya Pradesh
1150,1150,258.27,25.77,5.61,Siliguri,West Bengal
1151,1151,171.86,74.6,4.02,Pune,Maharashtra
1152,1152,214.25,21.73,8.42,Patna,Bihar
1153,1153,91.64,58.11,8.9,Kolkata,West Bengal
1154,1154,257.03,56.3,8.11,Mysuru,Karnataka
1155,1155,188.96,37.72,3.24,Bhopal,Madhya Pradesh
1156,1156,166.15,35.11,3.01,Siliguri,West Bengal
1157,1157,209.99,53.31,9.73,Ahmedabad,Gujarat
1158,1158,282.2,34.28,9.03,Pune,Maharashtra
1159,1159,154.95,79.44,2.35,Surat,Gujarat
1160,1160,188.61,41.9,6.35,Bhubaneswar,Odisha
1161,1161,265.75,66.1,6.09,Hyderabad,Telangana
1162,1162,224.75,20,4.66,Kochi,Kerala
1163,1163,164.02,29.23,9.78,Warangal,Telangana
1164,1164,207.41,67.16,7.25,Delhi,Delhi
1165,1165,62.78,65.35,3.53,Ahmedabad,Gujarat
1166,1166,67.63,79.1,6.34,Delhi,Delhi
1167,1167,192.78,30.2,3.33,Chennai,Tamil Nadu
1168,1168,144.62,58.85,3.34,Mysuru,Karnataka
1169,1169,117.28,40.9,9.82,Shimla,Himachal Pradesh
1170,1170,293.88,79.53,2.48,Guwahati,Assam
1171,1171,259.6,60.74,3.02,Nagpur,Maharashtra
1172,1172,204.91,30,8.57,Shimla,Himachal Pradesh
1173,1173,262.22,75.93,7.3,Kanpur,Uttar Pradesh
1174,1174,104.17,52.28,8.82,Kochi,Kerala
1175,1175,195.94,62.21,5.12,Indore,Madhya Pradesh
1176,1176,211.22,36.16,4.59,Guwahati,Assam
1177,1177,63.25,28.45,8.19,Warangal,Telangana
1178,1178,285.04,41.57,8.79,Pune,Maharashtra
1179,1179,163.88,77.98,9.14,Bhopal,Madhya Pradesh
1180,1180,115.64,59.29,7.18,Chennai,Tamil Nadu
1181,1181,271.87,24.9,6.8,Mysuru,Karnataka
1182,1182,130.29,74.62,5.91,Mysuru,Karnataka
1183,1183,54.64,58.17,6.7,Nashik,Maharashtra
1184,1184,117.97,55.11,7.35,Patna,Bihar
1185,1185,295.18,72.51,8.87,Mumbai,Maharashtra
1186,1186,66.12,48.08,4.62,Udaipur,Rajasthan
1187,1187,213.02,31.23,6.77,Pune,Maharashtra
1188,1188,118.71,71.05,9.38,Kochi,Kerala
1189,1189,252.4,53.75,6.93,Udaipur,Rajasthan
1190,1190,168.3,29.7,4.24,Nagpur,Maharashtra
1191,1191,184.01,49.02,6.7,Delhi,Delhi
1192,1192,260.42,54.58,3.39,Bengaluru,Karnataka
1193,1193,188.16,66.79,9.76,Kolkata,West Bengal
1194,1194,233.75,70.42,9.84,Ahmedabad,Gujarat
1195,1195,214.2,79.24,8.63,Indore,Madhya Pradesh
1196,1196,138.87,68.13,2.64,Bengaluru,Karnataka
1197,1197,121.31,32.62,8.1,Kochi,Kerala
1198,1198,161.59,61.14,7.26,Shimla,Himachal Pradesh
1199,1199,132.54,79.67,9.24,Coimbatore,Tamil Nadu
1200,1200,268.31,45.3,2.2,Ahmedabad,Gujarat
1201,1201,156.09,55.99,2.11,Jaipur,Rajasthan
1202,1202,134.87,59.2,2.89,Ranchi,Jharkhand
1203,1203,145.05,29.14,7.63,Siliguri,West Bengal
1204,1204,205.17,78.87,4.28,Nagpur,Maharashtra
1205,1205,219.6,20.28,9.78,Indore,Madhya Pradesh
1206,1206,79.02,61.56,5.15,Mysuru,Karnataka
1207,1207,276.04,38.5,4.15,Shimla,Himachal Pradesh
1208,1208,62.65,76.33,8.47,Hyderabad,Telangana
1209,1209,222.27,73.85,8.7,Hyderabad,Telangana
1210,1210,171.1,47.48,3.94,Chennai,Tamil Nadu
1211,1211,285.98,51.89,4.67,Pune,Maharashtra
1212,1212,217.34,56.19,9.56,Surat,Gujarat
1213,1213,264.66,60.46,2.3,Kanpur,Uttar Pradesh
1214,1214,112.46,58.46,4.46,Chennai,Tamil Nadu
1215,1215,176.22,69.2,9.12,Siliguri,West Bengal
1216,1216,61.39,29.24,3.56,Hyderabad,Telangana
1217,1217,245.25,53.82,9.01,Guwahati,Assam
1218,1218,112.3,79.05,8.61,Surat,Gujarat
1219,1219,282.69,70.94,5.03,Hyderabad,Telangana
1220,1220,139.98,41.43,3.11,Siliguri,West Bengal
1221,1221,189.36,76.44,9.01,Siliguri,West Bengal
1222,1222,56.12,77.39,8.1,Coimbatore,Tamil Nadu
1223,1223,296.44,50.06,6.2,Kanpur,Uttar Pradesh
1224,1224,127.47,78.39,5.78,Lucknow,Uttar Pradesh
1225,1225,61.24,23.23,4.75,Pune,Maharashtra
1226,1226,151.3,35.9,8.79,Bengaluru,Karnataka
1227,1227,121.43,57.3,4.79,Dehradun,Uttarakhand
1228,1228,208.86,78.55,4.29,Hyderabad,Telangana
1229,1229,51.51,69.1,7.52,Mysuru,Karnataka
1230,1230,142.97,39.74,7.96,Guwahati,Assam
1231,1231,241.29,48.94,5.42,Indore,Madhya Pradesh
1232,1232,212.19,71.17,6.18,Kanpur,Uttar Pradesh
1233,1233,212.08,31.87,7.16,Bengaluru,Karnataka
1234,1234,213.74,40.9,6.51,Nagpur,Maharashtra
1235,1235,94.54,51.47,2.83,Patna,Bihar
1236,1236,111.54,75.86,3.21,Guwahati,Assam
1237,1237,204,56.87,8.78,Jaipur,Rajasthan
1238,1238,229.7,24.86,2.05,Pune,Maharashtra
1239,1239,228.46,42.65,7.58,Kolkata,West Bengal
1240,1240,123.63,69.08,5.03,Chennai,Tamil Nadu
1241,1241,186.38,78.33,8.93,Udaipur,Rajasthan
1242,1242,200.9,46.31,9.96,Hyderabad,Telangana
1243,1243,221.11,54.41,4.17,Ranchi,Jharkhand
1244,1244,299.7,32.33,7.09,Mysuru,Karnataka
1245,1245,147.61,76.91,6.27,Lucknow,Uttar Pradesh
1246,1246,228.83,45.07,5.13,Chennai,Tamil Nadu
1247,1247,225.15,51.59,5.84,Ranchi,Jharkhand
1248,1248,145.77,78.05,4.53,Hyderabad,Telangana
1249,1249,184.92,31.34,8.32,Bhopal,Madhya Pradesh
1250,1250,208.62,29.75,2.54,Ahmedabad,Gujarat
1251,1251,259.31,64.16,7.12,Kanpur,Uttar Pradesh
1252,1252,264.89,31.62,2.52,Warangal,Telangana
1253,1253,54.96,39.11,8.77,Pune,Maharashtra
1254,1254,65.53,74.4,9.96,Chennai,Tamil Nadu
1255,1255,281.61,57.27,6.3,Pune,Maharashtra
1256,1256,155.86,39.26,6.52,Nagpur,Maharashtra
1257,1257,210.1,44.95,2.72,Mumbai,Maharashtra
1258,1258,174,34.51,8.93,Jaipur,Rajasthan
1259,1259,245.32,61.7,3.93,Lucknow,Uttar Pradesh
1260,1260,77.28,64.19,8.12,Ahmedabad,Gujarat
1261,1261,131.95,63.01,3.61,Chennai,Tamil Nadu
1262,1262,223.26,23.35,7.99,Ranchi,Jharkhand
1263,1263,136.88,70.2,2.62,Nagpur,Maharashtra
1264,1264,241.46,79.63,8.49,Siliguri,West Bengal
1265,1265,117.5,32.46,2.82,New Delhi,Delhi
1266,1266,199.23,50.86,5.29,Mysuru,Karnataka
1267,1267,173.95,23.28,3.64,Chandigarh,Chandigarh
1268,1268,114.11,74.17,2.27,Ranchi,Jharkhand
1269,1269,61.12,42.82,8.25,Mysuru,Karnataka
1270,1270,146.97,69.82,4.19,Jaipur,Rajasthan
1271,1271,119.96,44.91,3.45,Mysuru,Karnataka
1272,1272,292.62,32.48,7.8,Delhi,Delhi
1273,1273,119.43,62.62,7.11,Ranchi,Jharkhand
1274,1274,59.43,30.26,3.21,Shimla,Himachal Pradesh
1275,1275,230.27,72.55,4.15,Ranchi,Jharkhand
1276,1276,286.78,71.27,2.76,Hyderabad,Telangana
1277,1277,212.41,60.11,9.38,Bhubaneswar,Odisha
1278,1278,60.89,63.81,8.35,Nagpur,Maharashtra
1279,1279,184,30.17,2.41,New Delhi,Delhi
1280,1280,255.49,79.5,4.67,Nagpur,Maharashtra
1281,1281,88.44,30.11,2.28,Chennai,Tamil Nadu
1282,1282,281.9,75.97,8.42,Chennai,Tamil Nadu
1283,1283,61.36,44.34,2.61,Udaipur,Rajasthan
1284,1284,298.35,56.77,2.03,Kolkata,West Bengal
1285,1285,214.01,74.76,3.08,Ahmedabad,Gujarat
1286,1286,261.41,29.91,4.14,Hyderabad,Telangana
1287,1287,58.94,42.44,6.5,New Delhi,Delhi
1288,1288,104.73,41.96,4.86,New Delhi,Delhi
1289,1289,177.28,55.4,2.51,New Delhi,Delhi
1290,1290,189.14,72.98,6.9,Kochi,Kerala
1291,1291,124.27,67.41,6.64,Lucknow,Uttar Pradesh
1292,1292,60.95,40.71,4.88,Chennai,Tamil Nadu
1293,1293,256.4,70.45,9.26,Warangal,Telangana
1294,1294,165.21,78.42,9.76,Surat,Gujarat
1295,1295,207.42,20.06,7.39,Indore,Madhya Pradesh
1296,1296,126,47.36,9.27,Shimla,Himachal Pradesh
1297,1297,75.65,68.44,2.12,Chennai,Tamil Nadu
1298,1298,219.85,43.5,8.25,New Delhi,Delhi
1299,1299,211.38,39.38,9.47,Kochi,Kerala
1300,1300,266.34,64.92,7.7,Jaipur,Rajasthan
1301,1301,100.49,37.37,2.34,Warangal,Telangana
1302,1302,54.54,43.96,7.52,Guwahati,Assam
1303,1303,266.85,69.6,8.82,Mumbai,Maharashtra
1304,1304,259.53,26.04,8.78,Ranchi,Jharkhand
1305,1305,239.7,40.39,2.63,Jaipur,Rajasthan
1306,1306,261.28,78.92,3.18,Nagpur,Maharashtra
1307,1307,293.98,29.24,5.18,Bhubaneswar,Odisha
1308,1308,253.93,32.98,6.43,Guwahati,Assam
1309,1309,117.39,62.95,3.05,Bhubaneswar,Odisha
1310,1310,282.47,37.88,3.17,Jaipur,Rajasthan
1311,1311,92.7,34.39,3.19,Surat,Gujarat
1312,1312,243.5,23.34,2.22,Thiruvananthapuram,Kerala
1313,1313,82.35,51.59,6.83,Thiruvananthapuram,Kerala
1314,1314,116.19,34.15,2.49,Bhopal,Madhya Pradesh
1315,1315,191.79,62.85,3.87,Nashik,Maharashtra
1316,1316,239.73,56.25,9.79,Mumbai,Maharashtra
1317,1317,209.05,49.08,5.29,Kanpur,Uttar Pradesh
1318,1318,273.57,61.78,4.2,Ranchi,Jharkhand
1319,1319,249.96,37.15,9.2,Mumbai,Maharashtra
1320,1320,164.59,76.04,3.72,Dehradun,Uttarakhand
1321,1321,276.28,20.21,3.51,Bhubaneswar,Odisha
1322,1322,59.94,23.23,3.97,Indore,Madhya Pradesh
1323,1323,144.18,27.73,9.59,Indore,Madhya Pradesh
1324,1324,230.33,40.06,5.76,Ahmedabad,Gujarat
1325,1325,155.35,49.39,9.46,Kolkata,West Bengal
1326,1326,157.33,55.26,4.33,Mysuru,Karnataka
1327,1327,226.92,71.9,3.56,Lucknow,Uttar Pradesh
1328,1328,222.8,31.65,6.02,Thiruvananthapuram,Kerala
1329,1329,119.84,29.97,3.28,Warangal,Telangana
1330,1330,297.9,76.77,8.83,Kanpur,Uttar Pradesh
1331,1331,180.51,67.18,3.57,Chennai,Tamil Nadu
1332,1332,94.15,29.8,4.7,Patna,Bihar
1333,1333,146.2,49.12,2.22,Hyderabad,Telangana
1334,1334,279.84,69.09,2.34,Mumbai,Maharashtra
1335,1335,299.67,37.96,3.37,Delhi,Delhi
1336,1336,281.11,31.13,9.9,Mysuru,Karnataka
1337,1337,252.74,43.27,7.4,Pune,Maharashtra
1338,1338,193.82,33.6,9,Ranchi,Jharkhand
1339,1339,58.65,44.9,3.25,Warangal,Telangana
1340,1340,99.15,77.27,4.23,Guwahati,Assam
1341,1341,280.79,71.54,6.42,Lucknow,Uttar Pradesh
1342,1342,101.81,51.34,6.07,Patna,Bihar
1343,1343,246.94,24.78,9.25,Warangal,Telangana
1344,1344,135.09,65.75,6.63,Guwahati,Assam
1345,1345,135.07,48.93,6.56,Nagpur,Maharashtra
1346,1346,177.19,79.48,4.76,Bhopal,Madhya Pradesh
1347,1347,82.28,30.91,7.59,Ranchi,Jharkhand
1348,1348,53.5,48.92,6.48,Chandigarh,Chandigarh
1349,1349,189.39,56.18,4.43,Bhubaneswar,Odisha
1350,1350,148.45,47.38,5.73,Nashik,Maharashtra
1351,1351,92.05,57.19,4.15,Ahmedabad,Gujarat
1352,1352,234.99,77.25,5.05,Chennai,Tamil Nadu
1353,1353,60.33,58.28,5.05,Mumbai,Maharashtra
1354,1354,216.14,28.36,8.76,Dehradun,Uttarakhand
1355,1355,236.57,39.98,3.04,Nagpur,Maharashtra
1356,1356,250.71,58.11,7.65,New Delhi,Delhi
1357,1357,249,64.76,2.5,Mumbai,Maharashtra
1358,1358,138.77,44.63,7.23,Mumbai,Maharashtra
1359,1359,85.71,59.58,5.57,Chennai,Tamil Nadu
1360,1360,246.49,76.02,8.62,Bhubaneswar,Odisha
1361,1361,234.74,54.11,4.42,Shimla,Himachal Pradesh
1362,1362,112.09,45.46,4.13,Mumbai,Maharashtra
1363,1363,260.6,39.49,3.59,Kochi,Kerala
1364,1364,55.87,39.21,8.8,Ranchi,Jharkhand
1365,1365,85.06,44.48,2.54,Lucknow,Uttar Pradesh
1366,1366,124.59,23.52,7.33,Chandigarh,Chandigarh
1367,1367,169.61,40.71,9.12,Kanpur,Uttar Pradesh
1368,1368,97.52,27.19,6.87,Thiruvananthapuram,Kerala
1369,1369,218.96,76.15,6.27,Siliguri,West Bengal
1370,1370,204.77,73.6,4.92,Mumbai,Maharashtra
1371,1371,236.86,31.18,9.93,Lucknow,Uttar Pradesh
1372,1372,234.41,66.28,4.21,Patna,Bihar
1373,1373,120.43,52.94,2.49,Guwahati,Assam
1374,1374,212.63,60.08,4.32,Pune,Maharashtra
1375,1375,176.57,57.64,8.95,Nashik,Maharashtra
1376,1376,166.67,59.54,2.24,Kolkata,West Bengal
1377,1377,233.64,63.9,7.87,Udaipur,Rajasthan
1378,1378,83.8,79.97,9.76,Ahmedabad,Gujarat
1379,1379,142.98,56.36,4.38,Nagpur,Maharashtra
1380,1380,76.2,64.33,5.86,Kolkata,West Bengal
1381,1381,56.38,35.37,2.56,Lucknow,Uttar Pradesh
1382,1382,214.47,66.76,2.49,Kochi,Kerala
1383,1383,224.66,61.26,7.86,Shimla,Himachal Pradesh
1384,1384,279.38,30.38,2.25,Indore,Madhya Pradesh
1385,1385,54.07,77.46,4.31,Lucknow,Uttar Pradesh
1386,1386,71.4,24.4,5.67,Mumbai,Maharashtra
1387,1387,221.26,32.42,2.23,Mysuru,Karnataka
1388,1388,142.62,20.56,2.71,Kochi,Kerala
1389,1389,187.41,22.33,5.32,Nagpur,Maharashtra
1390,1390,161.22,68.59,7.18,Siliguri,West Bengal
1391,1391,79,51.34,4.76,Pune,Maharashtra
1392,1392,133.03,21.26,4.81,Siliguri,West Bengal
1393,1393,229.84,75.88,5.79,Bhopal,Madhya Pradesh
1394,1394,66.26,66.71,6.32,Indore,Madhya Pradesh
1395,1395,76.18,40.1,2.94,Delhi,Delhi
1396,1396,93.54,63.49,8.77,Hyderabad,Telangana
1397,1397,101.95,42.19,3.54,Pune,Maharashtra
1398,1398,58.94,26.3,8.86,Ranchi,Jharkhand
1399,1399,52.6,35.29,7.58,Kolkata,West Bengal
1400,1400,96.69,39.06,3.72,Kanpur,Uttar Pradesh
1401,1401,174.19,49.96,2.6,Coimbatore,Tamil Nadu
1402,1402,51.72,28.7,7.87,Coimbatore,Tamil Nadu
1403,1403,130.22,63.48,3.41,Delhi,Delhi
1404,1404,187.2,46.22,8.33,Indore,Madhya Pradesh
1405,1405,218.56,27.7,8.13,Lucknow,Uttar Pradesh
1406,1406,253.14,44.45,2.79,Bengaluru,Karnataka
1407,1407,280.69,54.94,7.24,Siliguri,West Bengal
1408,1408,245.53,69.99,6.73,Pune,Maharashtra
1409,1409,285.98,62.31,4.15,Chandigarh,Chandigarh
1410,1410,56.44,55.7,7.46,Surat,Gujarat
1411,1411,91.19,63.13,6.99,New Delhi,Delhi
1412,1412,298.49,55.23,7.29,Chandigarh,Chandigarh
1413,1413,179.09,46.85,9.19,Udaipur,Rajasthan
1414,1414,133.86,55.47,9.23,Hyderabad,Telangana
1415,1415,250.13,35.88,3.53,Bhopal,Madhya Pradesh
1416,1416,255.21,28.92,5.41,Indore,Madhya Pradesh
1417,1417,169.8,51.95,7.68,Nashik,Maharashtra
1418,1418,259.96,73.65,6.39,Kanpur,Uttar Pradesh
1419,1419,59.38,24.2,8.13,Chennai,Tamil Nadu
1420,1420,224.71,48.1,8.55,Mysuru,Karnataka
1421,1421,54.81,45.56,5.77,Guwahati,Assam
1422,1422,215.81,47.33,6.06,Shimla,Himachal Pradesh
1423,1423,173.29,50.64,9.13,Ahmedabad,Gujarat
1424,1424,290.16,50.2,8.34,Indore,Madhya Pradesh
1425,1425,70.81,61.68,9.09,Pune,Maharashtra
1426,1426,235.6,25.83,4.84,Coimbatore,Tamil Nadu
1427,1427,63.69,30.82,3.99,Warangal,Telangana
1428,1428,146.34,69.72,5.1,Coimbatore,Tamil Nadu
1429,1429,54.04,46.77,9.8,Patna,Bihar
1430,1430,197.41,78.03,7.87,Dehradun,Uttarakhand
1431,1431,145.34,70.56,5.21,Bhubaneswar,Odisha
1432,1432,287.78,45.4,2.88,Bhopal,Madhya Pradesh
1433,1433,262.71,21.19,4.17,Hyderabad,Telangana
1434,1434,206.2,64.54,3.44,Lucknow,Uttar Pradesh
1435,1435,147.77,49,8.06,Nashik,Maharashtra
1436,1436,243.63,45.05,9.1,Indore,Madhya Pradesh
1437,1437,104.64,54.99,7.19,Bhubaneswar,Odisha
1438,1438,61.01,43.46,5.24,Udaipur,Rajasthan
1439,1439,157.05,67.52,4.72,Delhi,Delhi
1440,1440,181.53,21.59,2.3,Dehradun,Uttarakhand
1441,1441,219.69,23.2,3.74,Coimbatore,Tamil Nadu
1442,1442,206.43,31.21,2.38,Nagpur,Maharashtra
1443,1443,137.87,78.57,4.97,Shimla,Himachal Pradesh
1444,1444,282.03,38.7,2.62,Bengaluru,Karnataka
1445,1445,243.71,70.65,4.09,Ahmedabad,Gujarat
1446,1446,66.46,22.89,2.1,Guwahati,Assam
1447,1447,199.06,65.1,6.67,Thiruvananthapuram,Kerala
1448,1448,160.05,25.53,2.94,Shimla,Himachal Pradesh
1449,1449,235.49,74.01,6.89,Chennai,Tamil Nadu
1450,1450,153.26,51.31,6.88,Kanpur,Uttar Pradesh
1451,1451,83.48,76.73,5.6,New Delhi,Delhi
1452,1452,190.87,77.34,2.75,Jaipur,Rajasthan
1453,1453,241.71,46.13,4.66,Thiruvananthapuram,Kerala
1454,1454,292.26,79.81,8.32,Bengaluru,Karnataka
1455,1455,97.07,49.62,7.13,Chandigarh,Chandigarh
1456,1456,234.45,26.31,8.55,Bengaluru,Karnataka
1457,1457,211.16,59.89,3.06,Ahmedabad,Gujarat
1458,1458,205.2,23.15,6.31,Kolkata,West Bengal
1459,1459,58.94,31.87,6.67,New Delhi,Delhi
1460,1460,156.13,37.47,5.43,Guwahati,Assam
1461,1461,270.62,48.32,4.94,Mumbai,Maharashtra
1462,1462,243.01,39.5,2.6,Siliguri,West Bengal
1463,1463,112.08,59.68,9.85,Ranchi,Jharkhand
1464,1464,121.11,55.91,3.09,Ahmedabad,Gujarat
1465,1465,179.53,30.25,5.67,Warangal,Telangana
1466,1466,240.64,62.91,3.66,Warangal,Telangana
1467,1467,264.06,26.94,3.99,Dehradun,Uttarakhand
1468,1468,250.55,20.33,3.22,Chandigarh,Chandigarh
1469,1469,114.27,25.81,8.15,Surat,Gujarat
1470,1470,199.32,56.87,6.61,Bhopal,Madhya Pradesh
1471,1471,172.27,51.22,8.45,New Delhi,Delhi
1472,1472,78.44,44.03,2.67,Kanpur,Uttar Pradesh
1473,1473,174.67,43.77,4.5,Bhopal,Madhya Pradesh
1474,1474,120.17,67.04,4.31,Jaipur,Rajasthan
1475,1475,229.38,46.05,7.17,Ranchi,Jharkhand
1476,1476,222.37,79.11,7.52,Kochi,Kerala
1477,1477,83.06,26.28,4.72,Nagpur,Maharashtra
1478,1478,92.34,42.89,7.97,Chennai,Tamil Nadu
1479,1479,180.81,38.14,8.36,Kochi,Kerala
1480,1480,230.26,55.08,9.22,Mysuru,Karnataka
1481,1481,145.76,50.43,5.21,Delhi,Delhi
1482,1482,268.39,57.49,9.18,Dehradun,Uttarakhand
1483,1483,217.17,46.99,4.2,Kanpur,Uttar Pradesh
1484,1484,269.21,77.8,6.26,Mysuru,Karnataka
1485,1485,108.32,37.64,5.53,Indore,Madhya Pradesh
1486,1486,246.22,38.22,4.04,Bhubaneswar,Odisha
1487,1487,217.41,66.1,9.23,Chandigarh,Chandigarh
1488,1488,242.78,58.76,6.96,Jaipur,Rajasthan
1489,1489,178.02,46.3,3.78,Patna,Bihar
1490,1490,200.71,46.57,8.03,Warangal,Telangana
1491,1491,182.16,33.07,4.04,Mysuru,Karnataka
1492,1492,53.26,37.13,6.75,Bhopal,Madhya Pradesh
1493,1493,184.3,67.77,3.26,Kochi,Kerala
1494,1494,123.85,63.47,7.27,Kochi,Kerala
1495,1495,67.35,78.59,9.68,Surat,Gujarat
1496,1496,238.87,45.59,5.23,Dehradun,Uttarakhand
1497,1497,255.15,75.88,5.27,Surat,Gujarat
1498,1498,54.93,76.73,5.42,Kochi,Kerala
1499,1499,176.42,57.3,6.02,Surat,Gujarat
1500,1500,226.42,27.77,4.96,Chandigarh,Chandigarh
1501,1501,140.13,27.85,6.61,Kolkata,West Bengal
1502,1502,112.64,58.32,2.33,Warangal,Telangana
1503,1503,230.47,57.56,2.14,Chandigarh,Chandigarh
1504,1504,270.32,53.03,3.55,Thiruvananthapuram,Kerala
1505,1505,236.63,42.62,9.59,Guwahati,Assam
1506,1506,200.67,21.36,2.96,Bengaluru,Karnataka
1507,1507,123.55,51.86,9.97,Patna,Bihar
1508,1508,201.26,44.27,4.65,Pune,Maharashtra
1509,1509,95.83,53.35,9.14,Thiruvananthapuram,Kerala
1510,1510,136.14,76.13,2.18,Pune,Maharashtra
1511,1511,166.57,56.06,9.92,Siliguri,West Bengal
1512,1512,248.98,62.33,7.57,Udaipur,Rajasthan
1513,1513,285.95,24.54,2.5,Bhubaneswar,Odisha
1514,1514,278.01,34.32,9.97,Hyderabad,Telangana
1515,1515,67.61,56.37,3.19,Hyderabad,Telangana
1516,1516,136.77,65.21,6.06,Chandigarh,Chandigarh
1517,1517,244.68,53.6,2.86,Lucknow,Uttar Pradesh
1518,1518,238.19,62.51,3.16,Bengaluru,Karnataka
1519,1519,55.91,68.17,4.47,Shimla,Himachal Pradesh
1520,1520,61.46,32,4.84,Coimbatore,Tamil Nadu
1521,1521,212.59,68.15,5.55,Warangal,Telangana
1522,1522,161.81,72.03,4.67,Kanpur,Uttar Pradesh
1523,1523,244.33,31.41,8,Bengaluru,Karnataka
1524,1524,248.86,71.02,7.06,New Delhi,Delhi
1525,1525,228.24,59.14,5.14,Hyderabad,Telangana
1526,1526,102.24,79.85,2.54,Warangal,Telangana
1527,1527,293.02,48.31,2.68,Thiruvananthapuram,Kerala
1528,1528,241.12,25.59,5.48,Nagpur,Maharashtra
1529,1529,87.46,38.96,5.33,Udaipur,Rajasthan
1530,1530,210.32,50.5,8.15,Kanpur,Uttar Pradesh
1531,1531,290.18,35.87,3.94,Bhopal,Madhya Pradesh
1532,1532,186.42,24.51,6.22,Kolkata,West Bengal
1533,1533,220.3,64.67,5.79,Ranchi,Jharkhand
1534,1534,240.62,24.1,8.96,Nagpur,Maharashtra
1535,1535,57.37,49.56,4.04,Jaipur,Rajasthan
1536,1536,198.87,38.39,9.19,Dehradun,Uttarakhand
1537,1537,65.35,63.7,3.24,Lucknow,Uttar Pradesh
1538,1538,219.15,67.4,9.24,Nashik,Maharashtra
1539,1539,281.8,59.29,5.41,Chennai,Tamil Nadu
1540,1540,161.53,34.96,8.46,Kanpur,Uttar Pradesh
1541,1541,169.39,42.95,4.09,Siliguri,West Bengal
1542,1542,106.1,76.33,5.77,Pune,Maharashtra
1543,1543,120.78,26.87,3.55,Dehradun,Uttarakhand
1544,1544,214.67,20.39,3.02,Jaipur,Rajasthan
1545,1545,154.54,41.36,8.5,Indore,Madhya Pradesh
1546,1546,291.03,30.85,3.78,Pune,Maharashtra
1547,1547,169.67,43.31,5.63,Indore,Madhya Pradesh
1548,1548,135.26,69.5,2.11,Kanpur,Uttar Pradesh
1549,1549,196.04,78.12,8.05,New Delhi,Delhi
1550,1550,201.26,41.67,4.86,Hyderabad,Telangana
1551,1551,149.83,37.9,9.51,Mumbai,Maharashtra
1552,1552,221.46,71.36,4.1,Chandigarh,Chandigarh
1553,1553,132.92,73.13,5.96,Shimla,Himachal Pradesh
1554,1554,139.51,72.58,7.59,Jaipur,Rajasthan
1555,1555,67.02,53.73,7.24,Surat,Gujarat
1556,1556,243.13,72.43,3.32,Guwahati,Assam
1557,1557,65.61,71.46,6.09,Chennai,Tamil Nadu
1558,1558,276.18,28.8,8.96,Lucknow,Uttar Pradesh
1559,1559,65.69,72.56,8.15,Bhubaneswar,Odisha
1560,1560,117.85,78.34,8.23,Mumbai,Maharashtra
1561,1561,56.16,69.38,6.96,Siliguri,West Bengal
1562,1562,274.65,34.4,4.54,Shimla,Himachal Pradesh
1563,1563,268.21,30.6,4.24,Surat,Gujarat
1564,1564,203.82,79.73,4.08,Bhubaneswar,Odisha
1565,1565,125.39,45.46,6.2,Guwahati,Assam
1566,1566,184.82,47.08,3.59,Udaipur,Rajasthan
1567,1567,284.52,30.45,3.32,Ahmedabad,Gujarat
1568,1568,251.3,26.22,4.81,Dehradun,Uttarakhand
1569,1569,98.38,66.92,6.3,Nagpur,Maharashtra
1570,1570,272.31,27.36,9.07,Ranchi,Jharkhand
1571,1571,66.24,49.33,5.02,New Delhi,Delhi
1572,1572,261.19,34.07,6.22,Delhi,Delhi
1573,1573,99.37,37.51,7.59,Warangal,Telangana
1574,1574,276.45,54.15,8.75,Jaipur,Rajasthan
1575,1575,156.29,72.03,7.75,Siliguri,West Bengal
1576,1576,92.4,64.8,7.29,Indore,Madhya Pradesh
1577,1577,169.88,75.35,3.38,Shimla,Himachal Pradesh
1578,1578,175.55,30.81,5.72,Warangal,Telangana
1579,1579,81.49,49.64,7.22,Pune,Maharashtra
1580,1580,159.99,79.21,5.65,Ahmedabad,Gujarat
1581,1581,260.53,25.52,4.14,Udaipur,Rajasthan
1582,1582,165.06,28.46,5.65,Kolkata,West Bengal
1583,1583,222.96,31.54,4.52,Patna,Bihar
1584,1584,199.41,23.31,9.98,New Delhi,Delhi
1585,1585,123.08,24.21,8.22,Hyderabad,Telangana
1586,1586,112.78,36.16,9.97,Lucknow,Uttar Pradesh
1587,1587,258.08,69.1,2.77,Jaipur,Rajasthan
1588,1588,136.47,38.88,9.93,Bhopal,Madhya Pradesh
1589,1589,287.16,53.44,8.61,Lucknow,Uttar Pradesh
1590,1590,71.06,25.52,6.83,Bhopal,Madhya Pradesh
1591,1591,162.74,21.56,5.65,Bengaluru,Karnataka
1592,1592,293.79,56.34,8.61,Chennai,Tamil Nadu
1593,1593,102.38,67.6,5.13,Delhi,Delhi
1594,1594,128.18,53.21,3.55,Siliguri,West Bengal
1595,1595,90.34,39.34,2.06,Delhi,Delhi
1596,1596,290.25,34.69,7.55,Bhopal,Madhya Pradesh
1597,1597,253.84,25.31,2.8,Kolkata,West Bengal
1598,1598,286.99,61.89,5.61,Kanpur,Uttar Pradesh
1599,1599,123.06,55.33,6.84,Lucknow,Uttar Pradesh
1600,1600,167.81,33.95,7.62,Bhubaneswar,Odisha
1601,1601,50.47,45.72,7.26,Coimbatore,Tamil Nadu
1602,1602,142.42,31.77,2.33,Udaipur,Rajasthan
1603,1603,250.4,32.98,4.45,Siliguri,West Bengal
1604,1604,251.15,71.85,8.28,Mumbai,Maharashtra
1605,1605,204.02,50.94,8.43,Bengaluru,Karnataka
1606,1606,159.24,46.01,5.35,Ranchi,Jharkhand
1607,1607,295.74,38.71,4.48,Ranchi,Jharkhand
1608,1608,57.59,44.23,9.64,Patna,Bihar
1609,1609,246,71.57,8.09,Nashik,Maharashtra
1610,1610,208.44,42.62,7.68,Bhopal,Madhya Pradesh
1611,1611,118.69,72.05,6.64,Bhopal,Madhya Pradesh
1612,1612,204,71.83,8.05,Patna,Bihar
1613,1613,203.55,30.5,5.58,Ahmedabad,Gujarat
1614,1614,210.57,67.5,4.73,Jaipur,Rajasthan
1615,1615,200.51,49,9.2,Shimla,Himachal Pradesh
1616,1616,193.96,64.27,6.02,Jaipur,Rajasthan
1617,1617,268.71,25.66,9.45,Nagpur,Maharashtra
1618,1618,177.9,63.4,6.92,Indore,Madhya Pradesh
1619,1619,196.88,69.24,6.77,Thiruvananthapuram,Kerala
1620,1620,76.21,73.33,8.25,Ahmedabad,Gujarat
1621,1621,205.42,76.41,5.92,Dehradun,Uttarakhand
1622,1622,69.66,53.53,8.02,Udaipur,Rajasthan
1623,1623,178.21,77,2.3,Nagpur,Maharashtra
1624,1624,51.53,78.35,7.46,New Delhi,Delhi
1625,1625,267.54,51.25,2.63,Delhi,Delhi
1626,1626,79.63,72.15,4.19,Bhubaneswar,Odisha
1627,1627,154.07,74.94,5.95,Surat,Gujarat
1628,1628,96.44,64.12,2.86,Kanpur,Uttar Pradesh
1629,1629,116.52,39.94,7.05,Ahmedabad,Gujarat
1630,1630,194.48,65.51,5.79,Chennai,Tamil Nadu
1631,1631,199.08,70.55,9.94,Jaipur,Rajasthan
1632,1632,200.57,23.99,5.03,Bengaluru,Karnataka
1633,1633,172.53,44.98,9.63,Kanpur,Uttar Pradesh
1634,1634,54.52,70.46,4.95,Shimla,Himachal Pradesh
1635,1635,185.51,32.24,5.18,Thiruvananthapuram,Kerala
1636,1636,272.46,79.22,5.36,Mysuru,Karnataka
1637,1637,76.85,24.93,9.15,Kochi,Kerala
1638,1638,297.51,44.98,6.99,Pune,Maharashtra
1639,1639,102.55,37.96,7.05,Lucknow,Uttar Pradesh
1640,1640,213.81,73.69,5.94,Pune,Maharashtra
1641,1641,64.71,71.02,5.31,Patna,Bihar
1642,1642,142.9,40.09,8.43,Jaipur,Rajasthan
1643,1643,139.7,30.74,8.17,Bengaluru,Karnataka
1644,1644,236.25,75.62,7.42,Nagpur,Maharashtra
1645,1645,266.04,38.03,6.77,Kanpur,Uttar Pradesh
1646,1646,116.18,36.58,9.07,Kanpur,Uttar Pradesh
1647,1647,130.68,78.89,2.78,Dehradun,Uttarakhand
1648,1648,192.54,32.62,7.74,Ranchi,Jharkhand
1649,1649,260.85,73.54,7.11,Delhi,Delhi
1650,1650,239.18,60.33,8.25,Nashik,Maharashtra
1651,1651,70.14,58.41,3.64,Coimbatore,Tamil Nadu
1652,1652,191.7,57.61,3.88,Lucknow,Uttar Pradesh
1653,1653,223.4,68.86,5.2,Coimbatore,Tamil Nadu
1654,1654,221.81,57.47,7.42,Thiruvananthapuram,Kerala
1655,1655,88.79,78.94,9.31,Chennai,Tamil Nadu
1656,1656,219.11,71.03,5.03,Patna,Bihar
1657,1657,115.29,79.73,6.85,Delhi,Delhi
1658,1658,197.48,21.96,8.34,Chandigarh,Chandigarh
1659,1659,131.64,74.7,6.32,Lucknow,Uttar Pradesh
1660,1660,171.02,67.45,6.87,Delhi,Delhi
1661,1661,97.93,21.42,5.62,Udaipur,Rajasthan
1662,1662,237.88,29.2,4.95,Nashik,Maharashtra
1663,1663,191.72,61.27,6.15,Udaipur,Rajasthan
1664,1664,222.98,47.41,6.16,Mysuru,Karnataka
1665,1665,250.95,35.38,2.18,Bengaluru,Karnataka
1666,1666,222.84,27.06,4.19,Chandigarh,Chandigarh
1667,1667,64.32,24.31,2.81,Bhopal,Madhya Pradesh
1668,1668,68.74,72.72,2.02,Ahmedabad,Gujarat
1669,1669,178.68,41.47,7.83,Chennai,Tamil Nadu
1670,1670,230.93,66.26,7.93,Chandigarh,Chandigarh
1671,1671,216.36,50.38,2.83,Bhubaneswar,Odisha
1672,1672,219.6,29.92,4.61,Thiruvananthapuram,Kerala
1673,1673,224.93,43.11,4.59,Bhubaneswar,Odisha
1674,1674,157.84,36.29,2.81,Nashik,Maharashtra
1675,1675,215.79,62.99,7.54,Ranchi,Jharkhand
1676,1676,65.31,74.68,2.47,Thiruvananthapuram,Kerala
1677,1677,215.33,27.27,3.17,Bhopal,Madhya Pradesh
1678,1678,76.97,68.38,2.88,Warangal,Telangana
1679,1679,271.21,38.47,9.76,Shimla,Himachal Pradesh
1680,1680,112.62,62.2,6.79,Pune,Maharashtra
1681,1681,282.02,28.13,7.41,Bhopal,Madhya Pradesh
1682,1682,82.93,43.28,8.3,Pune,Maharashtra
1683,1683,179.07,75.01,8.76,Hyderabad,Telangana
1684,1684,50.46,23.86,7.68,Patna,Bihar
1685,1685,294.28,21.38,5.36,Ahmedabad,Gujarat
1686,1686,134.31,42.12,9.9,Delhi,Delhi
1687,1687,276.42,31.21,6.39,Kanpur,Uttar Pradesh
1688,1688,147.06,38.45,4.35,Warangal,Telangana
1689,1689,120.39,73.46,3.4,Indore,Madhya Pradesh
1690,1690,237.49,35.83,6.82,Kochi,Kerala
1691,1691,128.45,31.98,7.39,Indore,Madhya Pradesh
1692,1692,135.68,56.82,2.06,Siliguri,West Bengal
1693,1693,90.45,58.46,5.49,Kolkata,West Bengal
1694,1694,149.31,39.88,5.56,Chandigarh,Chandigarh
1695,1695,71.45,62.01,5.92,Bengaluru,Karnataka
1696,1696,121.67,75.46,9.63,Kanpur,Uttar Pradesh
1697,1697,195.75,74.98,9.31,Kochi,Kerala
1698,1698,276.29,54.35,7.98,Thiruvananthapuram,Kerala
1699,1699,143.28,40.17,6.41,Chandigarh,Chandigarh
1700,1700,229.55,67.4,3.34,Ranchi,Jharkhand
1701,1701,114,57.62,3.12,Kochi,Kerala
1702,1702,170.98,27.69,4.44,Chennai,Tamil Nadu
1703,1703,244.22,48.77,7.14,Patna,Bihar
1704,1704,191.63,23.58,3.3,Chandigarh,Chandigarh
1705,1705,204.3,58.61,5.67,Guwahati,Assam
1706,1706,145.99,66.5,7.23,Coimbatore,Tamil Nadu
1707,1707,229.75,28.74,4.5,Siliguri,West Bengal
1708,1708,260.25,50.94,2.89,Bhubaneswar,Odisha
1709,1709,76.67,41.77,8.1,New Delhi,Delhi
1710,1710,84.3,42.37,2.48,Shimla,Himachal Pradesh
1711,1711,270.93,36.84,2.52,Bengaluru,Karnataka
1712,1712,53.8,26.79,2.53,Siliguri,West Bengal
1713,1713,125.59,38.45,2.67,Surat,Gujarat
1714,1714,166.24,48.69,7.42,Thiruvananthapuram,Kerala
1715,1715,291.13,42.28,7.31,Surat,Gujarat
1716,1716,234.75,73.49,9.73,Coimbatore,Tamil Nadu
1717,1717,285.61,27.61,2.42,Udaipur,Rajasthan
1718,1718,190.84,43.97,9.48,Guwahati,Assam
1719,1719,203.14,64.16,6.15,Nashik,Maharashtra
1720,1720,223.96,41.09,7.37,Warangal,Telangana
1721,1721,211.99,38.34,2.51,Chennai,Tamil Nadu
1722,1722,53.85,46.87,5.48,Nashik,Maharashtra
1723,1723,204.53,42.82,3.34,Hyderabad,Telangana
1724,1724,226.64,31.4,6.52,Warangal,Telangana
1725,1725,286.39,46.57,9.29,Mumbai,Maharashtra
1726,1726,174.78,22.86,9.59,Warangal,Telangana
1727,1727,208.75,27.69,2.76,Coimbatore,Tamil Nadu
1728,1728,271.09,67.3,5.87,Guwahati,Assam
1729,1729,233.06,28.54,9.65,Bhubaneswar,Odisha
1730,1730,282.98,63.5,3.88,Surat,Gujarat
1731,1731,102.56,53.11,8.47,New Delhi,Delhi
1732,1732,103.05,44.38,9.82,Mumbai,Maharashtra
1733,1733,157.85,44.37,8.9,Siliguri,West Bengal
1734,1734,126.85,38.44,9.02,Jaipur,Rajasthan
1735,1735,59.92,26.87,6.83,Nagpur,Maharashtra
1736,1736,274.38,67.51,2.94,Jaipur,Rajasthan
1737,1737,186.29,47.22,3.92,Chennai,Tamil Nadu
1738,1738,278.38,49.68,4.58,Mumbai,Maharashtra
1739,1739,283.95,50.95,2.08,Coimbatore,Tamil Nadu
1740,1740,125.36,32.61,8.96,Bengaluru,Karnataka
1741,1741,134.73,50.57,7.77,Pune,Maharashtra
1742,1742,227.82,64.45,8.81,Mysuru,Karnataka
1743,1743,67.3,36.87,7.18,Patna,Bihar
1744,1744,136.6,21.55,7.36,Lucknow,Uttar Pradesh
1745,1745,211.53,47.57,2.52,Ahmedabad,Gujarat
1746,1746,182.15,57.93,4.23,Kochi,Kerala
1747,1747,89.04,49.24,4.08,Chandigarh,Chandigarh
1748,1748,92.5,38.41,3.85,Shimla,Himachal Pradesh
1749,1749,151.5,45.67,2.42,Thiruvananthapuram,Kerala
1750,1750,184.68,43.83,9.99,Indore,Madhya Pradesh
1751,1751,79.18,52.31,2.61,Mysuru,Karnataka
1752,1752,181.52,64.39,7.73,Mumbai,Maharashtra
1753,1753,123.96,46.72,4.31,Coimbatore,Tamil Nadu
1754,1754,159.54,51.07,4.33,Dehradun,Uttarakhand
1755,1755,165.7,34.1,9.9,Chennai,Tamil Nadu
1756,1756,210.15,69.77,9.23,Kanpur,Uttar Pradesh
1757,1757,129.41,49.73,8.84,Shimla,Himachal Pradesh
1758,1758,254.87,67.47,4.22,Bhopal,Madhya Pradesh
1759,1759,135.88,46.29,5.65,Ahmedabad,Gujarat
1760,1760,230.97,56.07,7.75,Shimla,Himachal Pradesh
1761,1761,273.36,58.52,8.66,Udaipur,Rajasthan
1762,1762,134.35,32.63,9.93,Thiruvananthapuram,Kerala
1763,1763,171.23,26.23,9.42,Mysuru,Karnataka
1764,1764,87.84,30.33,4.81,Delhi,Delhi
1765,1765,77.11,31.01,7.01,Ranchi,Jharkhand
1766,1766,145.47,61.44,4.07,Mysuru,Karnataka
1767,1767,141.51,67.29,9.32,Siliguri,West Bengal
1768,1768,131.63,70.29,5.98,Nagpur,Maharashtra
1769,1769,208.66,41.31,4.57,Kochi,Kerala
1770,1770,127.01,29.34,9.03,Chandigarh,Chandigarh
1771,1771,104.01,38.47,6.04,Chandigarh,Chandigarh
1772,1772,245.53,21.42,3.02,Kolkata,West Bengal
1773,1773,68.21,45.1,9.24,Surat,Gujarat
1774,1774,60.49,29.72,4.72,Bhubaneswar,Odisha
1775,1775,288.49,72.57,2.85,Pune,Maharashtra
1776,1776,178.39,45.16,6.98,Shimla,Himachal Pradesh
1777,1777,287.65,46.35,4.99,Warangal,Telangana
1778,1778,193.39,79.48,9.79,Kanpur,Uttar Pradesh
1779,1779,147.43,70.37,6.98,Udaipur,Rajasthan
1780,1780,64.8,63.95,5.38,Chandigarh,Chandigarh
1781,1781,60.42,73.62,5.11,Pune,Maharashtra
1782,1782,218.26,66.08,4.69,Warangal,Telangana
1783,1783,118.13,41.07,3.74,Surat,Gujarat
1784,1784,195.09,35.86,2.83,Surat,Gujarat
1785,1785,250.1,67.69,7.42,Udaipur,Rajasthan
1786,1786,184.44,42.52,5.23,Bhubaneswar,Odisha
1787,1787,124.37,76.86,5.3,Nashik,Maharashtra
1788,1788,286.4,25.8,4.9,Nagpur,Maharashtra
1789,1789,128.76,56.14,5.78,Kolkata,West Bengal
1790,1790,272.64,44.46,4.7,Surat,Gujarat
1791,1791,138.41,24.84,4.16,Bengaluru,Karnataka
1792,1792,117.62,30.69,2.26,Udaipur,Rajasthan
1793,1793,275.52,33.02,8.32,Dehradun,Uttarakhand
1794,1794,282.94,47.44,3.33,Dehradun,Uttarakhand
1795,1795,113.45,75.87,6.78,Warangal,Telangana
1796,1796,278.13,53.98,7.87,Shimla,Himachal Pradesh
1797,1797,283.1,29.86,7.82,Dehradun,Uttarakhand
1798,1798,70.51,66.43,9.88,Kochi,Kerala
1799,1799,216.92,51.79,9.64,Ranchi,Jharkhand
1800,1800,79.52,23.82,3.65,Delhi,Delhi
1801,1801,93.03,76.06,3.2,Siliguri,West Bengal
1802,1802,182.41,41.85,9.72,Ahmedabad,Gujarat
1803,1803,102.59,49.63,2.35,Udaipur,Rajasthan
1804,1804,248.91,68.11,5.18,Chandigarh,Chandigarh
1805,1805,207.3,35.84,6.4,Patna,Bihar
1806,1806,187.22,44.59,4.23,Jaipur,Rajasthan
1807,1807,281.57,62.77,5.34,Nagpur,Maharashtra
1808,1808,230.99,41.99,7.05,Nashik,Maharashtra
1809,1809,166.77,34.86,7.27,Kolkata,West Bengal
1810,1810,63.92,27.25,9.07,Nashik,Maharashtra
1811,1811,69.35,43.13,8.63,Ahmedabad,Gujarat
1812,1812,127.97,60.16,2.58,Udaipur,Rajasthan
1813,1813,291.29,71.44,7.3,Lucknow,Uttar Pradesh
1814,1814,115.88,24.95,7.99,Indore,Madhya Pradesh
1815,1815,99.6,47.9,2.26,Kochi,Kerala
1816,1816,164.6,72.72,4.64,Pune,Maharashtra
1817,1817,130.35,66.71,8.66,Nagpur,Maharashtra
1818,1818,287.33,69.05,9.84,Kochi,Kerala
1819,1819,149.25,36.11,4.6,Mumbai,Maharashtra
1820,1820,52.4,52.24,9.18,Chennai,Tamil Nadu
1821,1821,268.08,25.1,6.75,Coimbatore,Tamil Nadu
1822,1822,130.06,43.58,3.88,Mumbai,Maharashtra
1823,1823,218.32,49.11,2.57,Bengaluru,Karnataka
1824,1824,69.23,49.48,4.69,Nagpur,Maharashtra
1825,1825,136.91,62.69,7.45,Ranchi,Jharkhand
1826,1826,249.13,54.9,5.24,Dehradun,Uttarakhand
1827,1827,286.03,65.77,3.05,Nashik,Maharashtra
1828,1828,281.01,34.81,4.06,Lucknow,Uttar Pradesh
1829,1829,132.59,71.66,9.73,Chennai,Tamil Nadu
1830,1830,71.66,44.31,7.44,Surat,Gujarat
1831,1831,89.97,35.5,9.31,Kochi,Kerala
1832,1832,260.16,73.89,6.16,Indore,Madhya Pradesh
1833,1833,159,20.84,6.68,Nagpur,Maharashtra
1834,1834,108.72,59.77,2.38,Kolkata,West Bengal
1835,1835,233.27,68.16,5.78,Ranchi,Jharkhand
1836,1836,148.09,58.13,4.81,Ahmedabad,Gujarat
1837,1837,262.97,44.88,5.25,Kanpur,Uttar Pradesh
1838,1838,185.52,21.33,6.71,Bhubaneswar,Odisha
1839,1839,133.98,23.05,2.4,Delhi,Delhi
1840,1840,171.13,41.88,6.93,Thiruvananthapuram,Kerala
1841,1841,214.75,20.95,5.76,Mysuru,Karnataka
1842,1842,204.7,53.62,3.88,Patna,Bihar
1843,1843,163.15,25.22,3.14,New Delhi,Delhi
1844,1844,103.98,48.34,5.6,Surat,Gujarat
1845,1845,174.71,54.12,6.63,Thiruvananthapuram,Kerala
1846,1846,221.31,79.36,7.63,Bhopal,Madhya Pradesh
1847,1847,268.51,39.66,3.26,Kochi,Kerala
1848,1848,235.36,27.56,3.97,Nashik,Maharashtra
1849,1849,284.97,63.86,8.98,Ranchi,Jharkhand
1850,1850,85.33,38.56,7.43,Chennai,Tamil Nadu
1851,1851,249.55,50.9,8.26,Chandigarh,Chandigarh
1852,1852,202.93,26.29,9.28,Guwahati,Assam
1853,1853,280.04,59.89,2.2,Dehradun,Uttarakhand
1854,1854,199.95,53.68,2.5,Guwahati,Assam
1855,1855,206.24,33.87,7.79,Hyderabad,Telangana
1856,1856,86.65,36.12,4.42,Patna,Bihar
1857,1857,96.42,41.56,4.07,Pune,Maharashtra
1858,1858,172.13,67.84,7.52,Jaipur,Rajasthan
1859,1859,94.86,73.74,2.82,Ranchi,Jharkhand
1860,1860,299.17,34.29,4.56,Pune,Maharashtra
1861,1861,148.09,71.91,3.5,Bhopal,Madhya Pradesh
1862,1862,191.67,74.46,4.03,Nashik,Maharashtra
1863,1863,71.34,59.91,4.71,Kolkata,West Bengal
1864,1864,155.52,52.8,3.39,Delhi,Delhi
1865,1865,258.31,67,9.03,Nashik,Maharashtra
1866,1866,99.82,45.51,8.51,Delhi,Delhi
1867,1867,287.34,77.02,8.62,Thiruvananthapuram,Kerala
1868,1868,260.96,58.48,5.25,Lucknow,Uttar Pradesh
1869,1869,276.69,48.73,9.81,Nagpur,Maharashtra
1870,1870,178.01,32.73,9.17,Ranchi,Jharkhand
1871,1871,163.37,31.6,6.59,Thiruvananthapuram,Kerala
1872,1872,184.33,78.4,4.64,Kolkata,West Bengal
1873,1873,265.09,66.52,9.5,Indore,Madhya Pradesh
1874,1874,195.07,59.86,6.07,Bengaluru,Karnataka
1875,1875,292.48,47.49,7.9,Guwahati,Assam
1876,1876,212.2,41.64,6.96,Thiruvananthapuram,Kerala
1877,1877,285.39,55.82,9.99,Surat,Gujarat
1878,1878,196.33,44.36,7.93,Surat,Gujarat
1879,1879,99.33,36.48,4.45,Thiruvananthapuram,Kerala
1880,1880,221.57,70.85,3.88,Patna,Bihar
1881,1881,234.49,31.83,7.44,Thiruvananthapuram,Kerala
1882,1882,124.19,26.22,5.34,Indore,Madhya Pradesh
1883,1883,99.38,49.85,5.76,Lucknow,Uttar Pradesh
1884,1884,227.05,36.4,3.45,Nashik,Maharashtra
1885,1885,264.46,60.78,3.05,Chennai,Tamil Nadu
1886,1886,252.52,67.64,8.73,Bengaluru,Karnataka
1887,1887,293.32,25.56,7.86,Hyderabad,Telangana
1888,1888,279.19,35.44,3.63,Hyderabad,Telangana
1889,1889,131.67,21.88,3.41,Lucknow,Uttar Pradesh
1890,1890,185.11,63.72,4.62,Patna,Bihar
1891,1891,108.79,48.44,2.2,Bhubaneswar,Odisha
1892,1892,101.82,77.36,2.7,Kolkata,West Bengal
1893,1893,129.46,45.59,3.61,Ranchi,Jharkhand
1894,1894,299.06,23.93,5.52,Bhopal,Madhya Pradesh
1895,1895,201.36,77.82,9.73,Pune,Maharashtra
1896,1896,107.56,68.38,8.08,Bengaluru,Karnataka
1897,1897,161.56,25.11,4.87,Jaipur,Rajasthan
1898,1898,266.34,32.67,9.49,New Delhi,Delhi
1899,1899,130.91,26.47,8.41,Pune,Maharashtra
1900,1900,222.33,28.83,5.18,Delhi,Delhi
1901,1901,192.4,58.7,9.22,Dehradun,Uttarakhand
1902,1902,135.25,53.06,2.33,Chennai,Tamil Nadu
1903,1903,136.64,27.11,6.45,Ahmedabad,Gujarat
1904,1904,239.13,59.83,6.11,Warangal,Telangana
1905,1905,156.81,30.56,9.53,Mysuru,Karnataka
1906,1906,76.69,38.15,3.99,Jaipur,Rajasthan
1907,1907,134.68,32.02,9.37,Hyderabad,Telangana
1908,1908,77.74,33.38,5.73,Shimla,Himachal Pradesh
1909,1909,262.18,24.9,2.8,Mumbai,Maharashtra
1910,1910,129.68,34.46,5.62,Bhubaneswar,Odisha
1911,1911,171.02,60.09,7.55,Delhi,Delhi
1912,1912,145.64,24.69,5.99,Guwahati,Assam
1913,1913,170.97,45.06,8.02,Ahmedabad,Gujarat
1914,1914,290.82,68.28,3.39,Kanpur,Uttar Pradesh
1915,1915,247.36,68.92,6.76,Nagpur,Maharashtra
1916,1916,215.76,43.27,8.16,Nashik,Maharashtra
1917,1917,296.82,45.57,9.89,Chennai,Tamil Nadu
1918,1918,118.21,53.28,3.36,Patna,Bihar
1919,1919,66.3,65.35,2.85,Mumbai,Maharashtra
1920,1920,272.22,53.12,9.08,Kolkata,West Bengal
1921,1921,128.38,61.37,6.47,Lucknow,Uttar Pradesh
1922,1922,172.85,35.51,9.11,Mysuru,Karnataka
1923,1923,201.88,28.63,4.91,Jaipur,Rajasthan
1924,1924,269.26,47.18,4.68,Jaipur,Rajasthan
1925,1925,115.12,70.28,5.48,Patna,Bihar
1926,1926,226.5,52.49,7.87,Kolkata,West Bengal
1927,1927,62.22,56.18,5.73,Bengaluru,Karnataka
1928,1928,169.19,36.88,5.52,Lucknow,Uttar Pradesh
1929,1929,195.47,25.34,3.04,Nagpur,Maharashtra
1930,1930,204.13,43.54,5.27,Chandigarh,Chandigarh
1931,1931,104.52,39.81,4.58,Surat,Gujarat
1932,1932,97.46,76.43,3.19,Udaipur,Rajasthan
1933,1933,171.55,32.97,8.58,Hyderabad,Telangana
1934,1934,100.67,41.54,7.59,Patna,Bihar
1935,1935,204.4,26.48,6.85,Kanpur,Uttar Pradesh
1936,1936,152.32,50.73,6.09,Patna,Bihar
1937,1937,225.9,59.45,3.18,Indore,Madhya Pradesh
1938,1938,228.16,61.86,4.16,Lucknow,Uttar Pradesh
1939,1939,223.08,31.77,5.24,Shimla,Himachal Pradesh
1940,1940,74.24,47.69,2.93,Chandigarh,Chandigarh
1941,1941,142.73,32.73,7.1,Guwahati,Assam
1942,1942,136.77,31.72,4.15,Warangal,Telangana
1943,1943,251.7,45.5,6.54,Ahmedabad,Gujarat
1944,1944,175.64,59.44,6.86,Warangal,Telangana
1945,1945,108.87,68.13,6.85,Lucknow,Uttar Pradesh
1946,1946,225.97,51.23,4.6,New Delhi,Delhi
1947,1947,80.35,54.82,7.61,Mumbai,Maharashtra
1948,1948,278.09,25.11,9.18,Surat,Gujarat
1949,1949,115.83,74.64,4.85,Mysuru,Karnataka
1950,1950,230.55,78.73,2.27,Mumbai,Maharashtra
1951,1951,165.65,43.36,4.49,Pune,Maharashtra
1952,1952,187.56,77.12,5.96,Siliguri,West Bengal
1953,1953,127.31,76.91,4.96,Bhopal,Madhya Pradesh
1954,1954,209.15,47.91,9.43,Bhopal,Madhya Pradesh
1955,1955,100.26,35.09,5.7,Udaipur,Rajasthan
1956,1956,283.48,67.99,3.85,Chandigarh,Chandigarh
1957,1957,247.34,59.53,5.53,Patna,Bihar
1958,1958,130.12,60.03,2,Coimbatore,Tamil Nadu
1959,1959,148.81,59.34,8.13,Nagpur,Maharashtra
1960,1960,205.36,36.98,5.9,Ranchi,Jharkhand
1961,1961,120.12,68.28,2.82,Chennai,Tamil Nadu
1962,1962,117.99,62.73,2.5,Siliguri,West Bengal
1963,1963,178.34,53.82,3.11,Bhubaneswar,Odisha
1964,1964,255.73,25.28,7.6,Kolkata,West Bengal
1965,1965,51.09,55.11,4.85,Bhopal,Madhya Pradesh
1966,1966,245.76,25.62,5.53,Chennai,Tamil Nadu
1967,1967,94.12,54.33,7.67,Kanpur,Uttar Pradesh
1968,1968,130.5,34.44,6.03,Siliguri,West Bengal
1969,1969,113.11,77.61,5.96,Ranchi,Jharkhand
1970,1970,225.56,37.58,5.01,Kochi,Kerala
1971,1971,120.89,69.48,3.86,Coimbatore,Tamil Nadu
1972,1972,255.84,34.74,9.19,Shimla,Himachal Pradesh
1973,1973,271.08,71.99,4.74,Indore,Madhya Pradesh
1974,1974,101.79,37.46,3.6,Bhopal,Madhya Pradesh
1975,1975,189.79,37.68,3.67,Nagpur,Maharashtra
1976,1976,155.56,22.94,7.29,Patna,Bihar
1977,1977,215.37,64.36,8.44,Thiruvananthapuram,Kerala
1978,1978,100.34,58.33,6.53,Hyderabad,Telangana
1979,1979,281.82,27.13,5.88,Chennai,Tamil Nadu
1980,1980,234.82,57.52,3.56,Lucknow,Uttar Pradesh
1981,1981,229.57,59.08,9.48,Mysuru,Karnataka
1982,1982,289.28,62.21,9.33,Surat,Gujarat
1983,1983,77.76,63.18,3.21,Siliguri,West Bengal
1984,1984,206.39,51.88,2.74,Kochi,Kerala
1985,1985,217.63,73.07,7.32,Nashik,Maharashtra
1986,1986,290.4,24.02,9.43,Hyderabad,Telangana
1987,1987,297.85,59.95,2.91,Bhopal,Madhya Pradesh
1988,1988,215.35,69.44,6.35,New Delhi,Delhi
1989,1989,88.56,72.21,9.35,Indore,Madhya Pradesh
1990,1990,271.83,79.83,7.44,Hyderabad,Telangana
1991,1991,242.59,28.43,8.72,Hyderabad,Telangana
1992,1992,162.43,72.97,3.92,Surat,Gujarat
1993,1993,155.77,36.23,2.51,Nagpur,Maharashtra
1994,1994,201.43,60.9,4.79,Jaipur,Rajasthan
1995,1995,223.49,51.4,3.99,Mumbai,Maharashtra
1996,1996,90.64,68.44,7.31,Lucknow,Uttar Pradesh
1997,1997,175.55,35.75,6.98,Warangal,Telangana
1998,1998,106.37,48.49,4.76,Lucknow,Uttar Pradesh
1999,1999,115.34,20.6,2.36,Dehradun,Uttarakhand
2000,2000,213.72,57.33,4.92,Nagpur,Maharashtra
2001,2001,84.61,73.7,6.93,Delhi,Delhi
2002,2002,108.89,77.05,8.26,Hyderabad,Telangana
2003,2003,56.14,71.01,5.85,Udaipur,Rajasthan
2004,2004,103.27,51.18,5.56,Indore,Madhya Pradesh
2005,2005,255.01,76.88,4.36,Shimla,Himachal Pradesh
2006,2006,264.78,61.54,6.61,Bhubaneswar,Odisha
2007,2007,180.28,54.49,3.37,Mumbai,Maharashtra
2008,2008,186.96,63.47,7.91,Guwahati,Assam
2009,2009,68.36,60.81,2.9,Mysuru,Karnataka
2010,2010,219.64,38.16,4.47,Chennai,Tamil Nadu
2011,2011,172.82,28.47,5.57,Warangal,Telangana
2012,2012,141.61,67.91,8.59,Kanpur,Uttar Pradesh
2013,2013,53.48,31.33,3.08,Delhi,Delhi
2014,2014,230.64,47.12,4.63,Hyderabad,Telangana
2015,2015,83.49,66.64,7.99,Warangal,Telangana
2016,2016,193.54,21.56,9.88,Nashik,Maharashtra
2017,2017,51.56,36.46,7.78,Chandigarh,Chandigarh
2018,2018,209.98,27.87,8.1,Bengaluru,Karnataka
2019,2019,296.82,74.55,9.05,Hyderabad,Telangana
2020,2020,93.08,40.49,8.66,Mumbai,Maharashtra
2021,2021,298.39,73.08,2.92,Udaipur,Rajasthan
2022,2022,103.65,23.35,2.45,Bhubaneswar,Odisha
2023,2023,242.53,75.91,7.96,Warangal,Telangana
2024,2024,225.49,67.81,3.27,Ranchi,Jharkhand
2025,2025,166.74,45.77,8.69,Siliguri,West Bengal
2026,2026,79.52,29.85,4.29,Nagpur,Maharashtra
2027,2027,74.66,32.47,4.42,Hyderabad,Telangana
2028,2028,190.43,58.34,9.58,Kanpur,Uttar Pradesh
2029,2029,284.18,43.87,2.51,New Delhi,Delhi
2030,2030,199.48,63.52,8.76,New Delhi,Delhi
2031,2031,195.87,64.04,4.43,Nashik,Maharashtra
2032,2032,68.77,37.91,4.92,Hyderabad,Telangana
2033,2033,240.25,45.66,3.57,Lucknow,Uttar Pradesh
2034,2034,240.21,74.43,9.83,Ahmedabad,Gujarat
2035,2035,137.21,45.05,4.34,Lucknow,Uttar Pradesh
2036,2036,185.85,74.58,9.96,Warangal,Telangana
2037,2037,154.42,41.49,7.31,Bhopal,Madhya Pradesh
2038,2038,171.53,20.27,2.94,Coimbatore,Tamil Nadu
2039,2039,265.39,76.46,2.42,Warangal,Telangana
2040,2040,199.77,66.45,5.31,Dehradun,Uttarakhand
2041,2041,266.08,24,4.99,Jaipur,Rajasthan
2042,2042,128.25,28.24,9.98,Kolkata,West Bengal
2043,2043,153.21,47.38,4.48,Thiruvananthapuram,Kerala
2044,2044,156.19,42.67,6.88,Kanpur,Uttar Pradesh
2045,2045,61.6,63.77,2.38,Siliguri,West Bengal
2046,2046,222.16,44.43,2.05,Pune,Maharashtra
2047,2047,105.09,62.25,8.55,Dehradun,Uttarakhand
2048,2048,176.13,21.9,4.37,Guwahati,Assam
2049,2049,85.55,47.88,2,Patna,Bihar
2050,2050,56.9,56.87,3.44,Bhubaneswar,Odisha
2051,2051,77.48,65.96,8.51,Kochi,Kerala
2052,2052,93.64,69.02,7.77,Coimbatore,Tamil Nadu
2053,2053,224.98,42.94,9.9,Mumbai,Maharashtra
2054,2054,274.51,42.68,4.59,Nagpur,Maharashtra
2055,2055,271.72,37.62,5.71,Chandigarh,Chandigarh
2056,2056,207.51,38.91,2.78,Delhi,Delhi
2057,2057,118.95,65.23,6.48,Udaipur,Rajasthan
2058,2058,232.53,52.77,3.79,Nagpur,Maharashtra
2059,2059,132.87,71.82,4.35,Mysuru,Karnataka
2060,2060,158.31,40.85,9.55,Guwahati,Assam
2061,2061,85.79,53.01,5.79,Bhubaneswar,Odisha
2062,2062,69.79,79.49,6.57,Shimla,Himachal Pradesh
2063,2063,66.44,25.39,7.34,Mumbai,Maharashtra
2064,2064,112.36,23.8,2.64,Guwahati,Assam
2065,2065,109.7,45.42,2.2,Indore,Madhya Pradesh
2066,2066,282.33,23.23,7.36,Ranchi,Jharkhand
2067,2067,218.14,65.08,6.84,Nashik,Maharashtra
2068,2068,208.78,26.12,7.24,Chennai,Tamil Nadu
2069,2069,65.4,70.81,4.9,Lucknow,Uttar Pradesh
2070,2070,141.76,51.19,4.09,Lucknow,Uttar Pradesh
2071,2071,139.4,64.12,3.34,Jaipur,Rajasthan
2072,2072,229.02,29.77,7.41,Nashik,Maharashtra
2073,2073,253.41,72.58,3.5,New Delhi,Delhi
2074,2074,130.13,54.22,8.67,Ahmedabad,Gujarat
2075,2075,93.52,39.74,7.65,Udaipur,Rajasthan
2076,2076,79.86,79.56,2.97,Chennai,Tamil Nadu
2077,2077,193.44,47.48,8.68,Guwahati,Assam
2078,2078,295.35,78.94,8.84,Ranchi,Jharkhand
2079,2079,214.34,21.78,8.86,Bhopal,Madhya Pradesh
2080,2080,73.17,60.23,6.7,Kochi,Kerala
2081,2081,102.81,41.9,2.8,Bhubaneswar,Odisha
2082,2082,247.04,53.4,5.04,Chennai,Tamil Nadu
2083,2083,294.57,67.09,6.7,Lucknow,Uttar Pradesh
2084,2084,184.52,29.61,5.7,Coimbatore,Tamil Nadu
2085,2085,223.29,54.98,8.77,Kolkata,West Bengal
2086,2086,153.96,70.33,2.88,Ahmedabad,Gujarat
2087,2087,147.17,60.37,9.13,Pune,Maharashtra
2088,2088,158.74,21.25,6.19,Mysuru,Karnataka
2089,2089,174.33,27.47,2.09,Bhopal,Madhya Pradesh
2090,2090,138.53,24.62,3.1,Guwahati,Assam
2091,2091,141.36,55.18,8.22,Nashik,Maharashtra
2092,2092,133.58,66.87,3.64,Nashik,Maharashtra
2093,2093,200.23,72.85,6.5,Bengaluru,Karnataka
2094,2094,100.11,48.6,6.54,Kochi,Kerala
2095,2095,198.06,25.1,7.86,New Delhi,Delhi
2096,2096,272.65,51.72,8.97,Hyderabad,Telangana
2097,2097,190.29,25.31,8.27,Ranchi,Jharkhand
2098,2098,80,33.83,8.37,Surat,Gujarat
2099,2099,269.35,76.17,3.67,Pune,Maharashtra
2100,2100,116.49,29.99,2.65,Guwahati,Assam
2101,2101,53.11,47.92,8.07,Siliguri,West Bengal
2102,2102,86.14,50.19,8.18,Surat,Gujarat
2103,2103,110,64.74,5.88,Hyderabad,Telangana
2104,2104,260.42,63.48,3.54,Indore,Madhya Pradesh
2105,2105,93.17,23.03,6.06,Jaipur,Rajasthan
2106,2106,95.26,23.25,4.26,Chandigarh,Chandigarh
2107,2107,214.7,62.98,8.89,Bengaluru,Karnataka
2108,2108,200.93,50.89,9.01,Chandigarh,Chandigarh
2109,2109,153.85,35.32,4.83,Bengaluru,Karnataka
2110,2110,250.78,22.06,4.33,Thiruvananthapuram,Kerala
2111,2111,217.15,40.44,6.98,Warangal,Telangana
2112,2112,53.71,66.9,7.06,Delhi,Delhi
2113,2113,91.02,36.5,2.78,Lucknow,Uttar Pradesh
2114,2114,226.63,52.35,8.25,Udaipur,Rajasthan
2115,2115,262.96,67.12,3.91,Thiruvananthapuram,Kerala
2116,2116,218.99,32.58,2.28,Siliguri,West Bengal
2117,2117,259.91,64.33,5.78,Bhubaneswar,Odisha
2118,2118,133.02,68.41,2.73,Ahmedabad,Gujarat
2119,2119,105.74,75.3,6.16,New Delhi,Delhi
2120,2120,152.13,29.8,3.3,Shimla,Himachal Pradesh
2121,2121,207.04,40.08,3.25,Nashik,Maharashtra
2122,2122,204.07,53.18,9.99,Jaipur,Rajasthan
2123,2123,93.92,25.54,9.62,Bhubaneswar,Odisha
2124,2124,208.47,45.02,2.35,Nagpur,Maharashtra
2125,2125,286.25,69.41,4.14,Warangal,Telangana
2126,2126,259.94,59.39,5.46,Coimbatore,Tamil Nadu
2127,2127,216.95,32.79,3.22,Kanpur,Uttar Pradesh
2128,2128,79.07,61.77,9.11,Hyderabad,Telangana
2129,2129,60.96,71.22,2.84,Bhopal,Madhya Pradesh
2130,2130,114.07,56.34,6.33,Nashik,Maharashtra
2131,2131,56.76,27.96,6.51,Chandigarh,Chandigarh
2132,2132,177.18,55.13,6.75,Dehradun,Uttarakhand
2133,2133,117.89,74.69,6.67,Nashik,Maharashtra
2134,2134,85.2,37.68,8.74,Ahmedabad,Gujarat
2135,2135,122.21,35.04,8.67,Siliguri,West Bengal
2136,2136,219.72,46.87,4.89,Kochi,Kerala
2137,2137,192.25,55.21,9.53,Kolkata,West Bengal
2138,2138,131.39,72.38,4.41,Ahmedabad,Gujarat
2139,2139,155.16,68.06,5.88,Chennai,Tamil Nadu
2140,2140,249.55,64.35,3.28,Guwahati,Assam
2141,2141,225.83,50.7,6.09,Pune,Maharashtra
2142,2142,124.5,39.08,2.14,Jaipur,Rajasthan
2143,2143,273.77,35,9.85,Kanpur,Uttar Pradesh
2144,2144,282.11,37.62,2.61,Indore,Madhya Pradesh
2145,2145,105.95,46.21,6.87,Kolkata,West Bengal
2146,2146,135.06,51.62,6.92,Kochi,Kerala
2147,2147,171.22,73.73,3.06,Delhi,Delhi
2148,2148,234.45,79.92,4.01,Hyderabad,Telangana
2149,2149,90.81,26.94,9.96,Lucknow,Uttar Pradesh
2150,2150,229.14,71.11,7.42,Lucknow,Uttar Pradesh
2151,2151,239.32,31.16,5.8,Ranchi,Jharkhand
2152,2152,107.4,71.9,5.64,Chandigarh,Chandigarh
2153,2153,60.89,37.85,2.55,Kochi,Kerala
2154,2154,136.38,69.39,2.39,Lucknow,Uttar Pradesh
2155,2155,263.97,34.17,3.88,Mysuru,Karnataka
2156,2156,284.5,32.58,9.65,Kochi,Kerala
2157,2157,74.24,20.04,4.73,Thiruvananthapuram,Kerala
2158,2158,291.92,47.6,4.85,Warangal,Telangana
2159,2159,292.34,76.65,3.27,Kochi,Kerala
2160,2160,181.86,36.87,9.9,Siliguri,West Bengal
2161,2161,269.75,63.64,6.45,Nagpur,Maharashtra
2162,2162,241.31,53.84,7.51,Lucknow,Uttar Pradesh
2163,2163,181.94,74.72,8.39,Surat,Gujarat
2164,2164,95.34,27.21,8.54,Bhopal,Madhya Pradesh
2165,2165,121.33,66.8,2.02,Siliguri,West Bengal
2166,2166,97.42,59.48,6.71,Warangal,Telangana
2167,2167,134.85,68.65,3.56,Dehradun,Uttarakhand
2168,2168,190.96,47.22,2.79,Kanpur,Uttar Pradesh
2169,2169,81.9,20.75,2.4,New Delhi,Delhi
2170,2170,96.31,28.9,8.2,Nashik,Maharashtra
2171,2171,266.48,56.77,2.65,Thiruvananthapuram,Kerala
2172,2172,106.24,42.57,3.77,Indore,Madhya Pradesh
2173,2173,211.99,20.23,6.13,Indore,Madhya Pradesh
2174,2174,241.23,30.24,4.04,Mysuru,Karnataka
2175,2175,259.75,64.2,9.38,Delhi,Delhi
2176,2176,273.9,25.01,9.24,Surat,Gujarat
2177,2177,173.94,68.67,9.54,Hyderabad,Telangana
2178,2178,283.64,79.08,2.4,Ahmedabad,Gujarat
2179,2179,262.85,54.13,6.02,Mumbai,Maharashtra
2180,2180,167.69,29.77,4.25,Bengaluru,Karnataka
2181,2181,94.12,22.24,5.07,Hyderabad,Telangana
2182,2182,138.92,68.97,6.32,Delhi,Delhi
2183,2183,72.51,66.45,5.71,Bhubaneswar,Odisha
2184,2184,76.69,44.34,8.84,Surat,Gujarat
2185,2185,282.81,72.75,2.39,Ranchi,Jharkhand
2186,2186,119.01,78.41,8.01,Bhopal,Madhya Pradesh
2187,2187,159.39,23.55,7.32,Kolkata,West Bengal
2188,2188,105.57,43.34,4.72,Udaipur,Rajasthan
2189,2189,141.97,21.47,2.27,Guwahati,Assam
2190,2190,146.48,44.66,6.3,Nashik,Maharashtra
2191,2191,265.24,34.35,8.23,Patna,Bihar
2192,2192,298.43,34.21,4.16,Kochi,Kerala
2193,2193,292.88,69.02,2.73,Ahmedabad,Gujarat
2194,2194,250.48,41.97,2.6,Surat,Gujarat
2195,2195,106.72,22.85,3.41,Chennai,Tamil Nadu
2196,2196,198.06,24.67,3.27,Dehradun,Uttarakhand
2197,2197,98.42,71.2,9.78,Bengaluru,Karnataka
2198,2198,256.34,25.6,6.77,Kochi,Kerala
2199,2199,235.98,32.33,8.04,Kolkata,West Bengal
2200,2200,63.18,42.84,3.86,Udaipur,Rajasthan
2201,2201,140.73,43.02,5.63,Indore,Madhya Pradesh
2202,2202,189.25,75.96,7.41,Udaipur,Rajasthan
2203,2203,265.94,29.14,3.28,Hyderabad,Telangana
2204,2204,262.21,68.09,4.69,Jaipur,Rajasthan
2205,2205,173.58,33.35,2.61,Bengaluru,Karnataka
2206,2206,124.22,41.23,6.76,Mumbai,Maharashtra
2207,2207,101.58,40.3,4.84,Thiruvananthapuram,Kerala
2208,2208,89.64,75.88,5.53,Mumbai,Maharashtra
2209,2209,159.25,47.11,5.07,Siliguri,West Bengal
2210,2210,91.84,74.69,5.85,Patna,Bihar
2211,2211,173.25,58.64,6.7,Surat,Gujarat
2212,2212,251.19,79.7,4.68,Lucknow,Uttar Pradesh
2213,2213,239.03,37.65,8.05,Lucknow,Uttar Pradesh
2214,2214,140.01,66.9,4.09,Kolkata,West Bengal
2215,2215,141.56,56.26,6.26,Bhubaneswar,Odisha
2216,2216,117.95,48.94,6.94,Hyderabad,Telangana
2217,2217,60,58.81,4.32,Kanpur,Uttar Pradesh
2218,2218,278.13,33.33,2.87,Coimbatore,Tamil Nadu
2219,2219,80.72,42.8,4.75,Delhi,Delhi
2220,2220,96.28,25.52,8.18,Indore,Madhya Pradesh
2221,2221,119.99,31.01,2.04,Thiruvananthapuram,Kerala
2222,2222,55.73,64.48,3.71,Dehradun,Uttarakhand
2223,2223,202.77,67.34,7.63,Coimbatore,Tamil Nadu
2224,2224,259.44,21.61,8.44,Surat,Gujarat
2225,2225,134.6,63.1,4.95,Warangal,Telangana
2226,2226,296.51,58.69,9.6,Ranchi,Jharkhand
2227,2227,115.22,35.77,6.49,Coimbatore,Tamil Nadu
2228,2228,241.38,46.94,6.52,Kanpur,Uttar Pradesh
2229,2229,114.99,40.97,4.34,Guwahati,Assam
2230,2230,208.01,58.88,2.46,Thiruvananthapuram,Kerala
2231,2231,103.25,51.81,8.38,Mumbai,Maharashtra
2232,2232,150.9,35.35,9.84,Surat,Gujarat
2233,2233,65.43,61.57,9.37,Udaipur,Rajasthan
2234,2234,276.85,48.87,3.45,Patna,Bihar
2235,2235,108.14,65.56,2.86,Mumbai,Maharashtra
2236,2236,185.83,44.24,5.51,New Delhi,Delhi
2237,2237,143.28,26.45,9.63,Warangal,Telangana
2238,2238,219.83,71.38,8.43,Nashik,Maharashtra
2239,2239,170.58,58.74,7.14,Kolkata,West Bengal
2240,2240,166.04,30.26,5.51,Mumbai,Maharashtra
2241,2241,55.07,20.51,3.18,Mysuru,Karnataka
2242,2242,267.12,58.44,3.52,Siliguri,West Bengal
2243,2243,250.4,53.57,5.89,Warangal,Telangana
2244,2244,63.9,32.23,3.45,Mumbai,Maharashtra
2245,2245,144.07,33.28,7.05,Thiruvananthapuram,Kerala
2246,2246,122.13,68.42,4.19,Kochi,Kerala
2247,2247,205.44,48.94,7.68,Nagpur,Maharashtra
2248,2248,67.75,23.44,5.42,Kochi,Kerala
2249,2249,182.65,20.85,6.55,Ahmedabad,Gujarat
2250,2250,88.42,63.8,8.19,Surat,Gujarat
2251,2251,59.95,77.62,5.65,Kochi,Kerala
2252,2252,271.16,65.03,9.6,Surat,Gujarat
2253,2253,56.99,47.59,6.23,Kochi,Kerala
2254,2254,258.38,55.46,6.42,Shimla,Himachal Pradesh
2255,2255,249.92,34.05,3.73,Delhi,Delhi
2256,2256,293.68,68.12,8.36,Surat,Gujarat
2257,2257,136.26,30.16,4.48,Dehradun,Uttarakhand
2258,2258,71.08,20.97,5.2,Kanpur,Uttar Pradesh
2259,2259,167.66,23.09,6.76,Bhubaneswar,Odisha
2260,2260,63.76,50.82,3.06,Siliguri,West Bengal
2261,2261,145.32,71.99,6.35,Bengaluru,Karnataka
2262,2262,73.44,51.6,4.71,Ranchi,Jharkhand
2263,2263,252.69,22.46,6,Bhubaneswar,Odisha
2264,2264,75.06,75.15,8,Guwahati,Assam
2265,2265,231.23,30.16,5.17,Patna,Bihar
2266,2266,268.49,76.63,2.33,Bhubaneswar,Odisha
2267,2267,261.22,22.15,9.38,Coimbatore,Tamil Nadu
2268,2268,240.34,73.59,9.27,Kochi,Kerala
2269,2269,191.57,67.38,7.81,Jaipur,Rajasthan
2270,2270,51.3,42.92,5.71,Lucknow,Uttar Pradesh
2271,2271,260.77,22.38,9.85,Kanpur,Uttar Pradesh
2272,2272,203.47,24.76,8.33,Nagpur,Maharashtra
2273,2273,107.34,30.77,3.2,Chennai,Tamil Nadu
2274,2274,140.7,54.05,4.06,Bhopal,Madhya Pradesh
2275,2275,278.03,75.03,9.5,Nashik,Maharashtra
2276,2276,80.39,46.76,2.87,New Delhi,Delhi
2277,2277,54.94,66.97,8.5,Lucknow,Uttar Pradesh
2278,2278,263.45,67.2,6.76,Siliguri,West Bengal
2279,2279,131.71,78.32,7.65,Ahmedabad,Gujarat
2280,2280,275.26,25.02,6.15,Guwahati,Assam
2281,2281,278.98,70.03,4.11,Chennai,Tamil Nadu
2282,2282,132.83,48,4.76,Chennai,Tamil Nadu
2283,2283,50.49,72.81,4.36,Surat,Gujarat
2284,2284,212.71,28.3,3.72,Nagpur,Maharashtra
2285,2285,94.86,26.92,5.7,Hyderabad,Telangana
2286,2286,121.87,46.56,9.54,Dehradun,Uttarakhand
2287,2287,88.41,29.27,5.2,Udaipur,Rajasthan
2288,2288,203.9,58.25,2.11,Surat,Gujarat
2289,2289,244.54,44.92,5.4,Ranchi,Jharkhand
2290,2290,120.02,51.08,3.34,Udaipur,Rajasthan
2291,2291,188.66,49.94,3.56,Hyderabad,Telangana
2292,2292,60.97,70.04,4.39,Nashik,Maharashtra
2293,2293,107.6,61.88,9.32,Dehradun,Uttarakhand
2294,2294,147.85,46.95,8.69,Bhubaneswar,Odisha
2295,2295,191.91,21.9,3.25,Delhi,Delhi
2296,2296,286.37,38.71,6.88,Guwahati,Assam
2297,2297,276.73,58.25,4.06,Kanpur,Uttar Pradesh
2298,2298,80.75,44.9,8.57,Indore,Madhya Pradesh
2299,2299,266.23,79.25,9.76,Thiruvananthapuram,Kerala
2300,2300,233.23,74.56,4.75,Bengaluru,Karnataka
2301,2301,229.24,27.08,7.5,Pune,Maharashtra
2302,2302,77.82,31.85,3.34,Kolkata,West Bengal
2303,2303,208.9,30.47,9.27,Kanpur,Uttar Pradesh
2304,2304,242.44,28.76,8.26,Ranchi,Jharkhand
2305,2305,251.46,66.05,5.41,New Delhi,Delhi
2306,2306,114.26,64.02,7.05,Mumbai,Maharashtra
2307,2307,174.9,38.31,6.75,Jaipur,Rajasthan
2308,2308,295.19,61.32,4.74,Nashik,Maharashtra
2309,2309,211.91,31.35,7.84,Coimbatore,Tamil Nadu
2310,2310,88.83,26.01,4.4,Udaipur,Rajasthan
2311,2311,153.93,65.41,9.14,Hyderabad,Telangana
2312,2312,139.78,74.92,6.43,Thiruvananthapuram,Kerala
2313,2313,295.81,32.9,9.84,Nagpur,Maharashtra
2314,2314,247.37,39.97,3.96,Bhubaneswar,Odisha
2315,2315,146.9,50.88,3.3,Lucknow,Uttar Pradesh
2316,2316,243.55,51.43,9.71,Pune,Maharashtra
2317,2317,253.99,66.22,7.37,Coimbatore,Tamil Nadu
2318,2318,201.2,58.06,7.32,Ahmedabad,Gujarat
2319,2319,260.32,56.88,2.01,Bengaluru,Karnataka
2320,2320,108.19,58.13,7.11,Nagpur,Maharashtra
2321,2321,248.08,24.68,4.92,Surat,Gujarat
2322,2322,170.46,20.48,9.31,Ahmedabad,Gujarat
2323,2323,78.8,24.74,7.99,New Delhi,Delhi
2324,2324,209.18,70.26,3.69,Surat,Gujarat
2325,2325,110.84,36.4,6.39,Pune,Maharashtra
2326,2326,139.55,47.76,7.78,Shimla,Himachal Pradesh
2327,2327,134.47,54.61,2.51,Nashik,Maharashtra
2328,2328,274.59,46.91,7.1,Bengaluru,Karnataka
2329,2329,142.28,46.35,7.94,New Delhi,Delhi
2330,2330,80.19,68.15,2.51,Surat,Gujarat
2331,2331,65.53,58.67,8.84,Delhi,Delhi
2332,2332,105.24,22.13,5.68,Nagpur,Maharashtra
2333,2333,84.58,20.85,5,Nashik,Maharashtra
2334,2334,191.47,28.76,7.15,New Delhi,Delhi
2335,2335,188.4,70.05,6.21,New Delhi,Delhi
2336,2336,265.88,76.05,8.97,Udaipur,Rajasthan
2337,2337,154.3,33.58,7.13,Siliguri,West Bengal
2338,2338,127.35,24.75,2.49,Nagpur,Maharashtra
2339,2339,107.17,55.8,8.92,Bhubaneswar,Odisha
2340,2340,298.13,36.58,4.13,Udaipur,Rajasthan
2341,2341,157.97,73.71,3.07,Guwahati,Assam
2342,2342,57.68,42.58,9.96,Jaipur,Rajasthan
2343,2343,232.63,73.32,4.25,Coimbatore,Tamil Nadu
2344,2344,176.55,32.11,9.24,Nashik,Maharashtra
2345,2345,153.26,38.03,7.79,Chennai,Tamil Nadu
2346,2346,277.07,72.32,4.85,Bhopal,Madhya Pradesh
2347,2347,214.16,35.57,6.46,New Delhi,Delhi
2348,2348,172.14,40.16,8.37,Shimla,Himachal Pradesh
2349,2349,250.28,29.72,4.44,Ranchi,Jharkhand
2350,2350,278.12,53.35,6.72,Nashik,Maharashtra
2351,2351,96.78,67.86,4.72,Hyderabad,Telangana
2352,2352,56.6,59.07,4.24,Warangal,Telangana
2353,2353,55.33,26.77,7.09,Ranchi,Jharkhand
2354,2354,79.61,65.66,8.69,Indore,Madhya Pradesh
2355,2355,181.69,68.01,4.97,Dehradun,Uttarakhand
2356,2356,230.32,46.41,6.96,Delhi,Delhi
2357,2357,146.08,27.68,7.95,Kolkata,West Bengal
2358,2358,262.4,32.9,6.53,Bhubaneswar,Odisha
2359,2359,281.6,63.86,2.07,Kochi,Kerala
2360,2360,213.59,64.29,9.54,Dehradun,Uttarakhand
2361,2361,265.16,31,7.12,Warangal,Telangana
2362,2362,223.3,47.27,8.58,Surat,Gujarat
2363,2363,76.38,69.03,3.26,Hyderabad,Telangana
2364,2364,182.71,70.42,8.45,Lucknow,Uttar Pradesh
2365,2365,105.22,25.7,8.51,Nashik,Maharashtra
2366,2366,161.23,27.32,3.9,Patna,Bihar
2367,2367,141.21,31.77,3.14,Mysuru,Karnataka
2368,2368,258.08,57.92,2.99,Mysuru,Karnataka
2369,2369,134.95,54.75,4.49,Lucknow,Uttar Pradesh
2370,2370,271.48,48.54,5.66,Nagpur,Maharashtra
2371,2371,107.75,77.06,9.07,Ranchi,Jharkhand
2372,2372,137.14,61.78,6.11,Indore,Madhya Pradesh
2373,2373,278.25,74.84,8.27,Nashik,Maharashtra
2374,2374,184.63,66.28,9.95,Mumbai,Maharashtra
2375,2375,158.3,63.3,5.87,Indore,Madhya Pradesh
2376,2376,246.51,31.95,8.23,Chandigarh,Chandigarh
2377,2377,157.62,66.03,2,Patna,Bihar
2378,2378,283.33,45.24,6.27,Chandigarh,Chandigarh
2379,2379,189.59,29.19,7.56,Bhubaneswar,Odisha
2380,2380,132.63,38.87,5.18,Hyderabad,Telangana
2381,2381,247.55,22.83,6.72,Chandigarh,Chandigarh
2382,2382,59.03,43.03,6.93,Ahmedabad,Gujarat
2383,2383,221.02,58.5,9.97,Chandigarh,Chandigarh
2384,2384,291.45,64.29,6.14,Ahmedabad,Gujarat
2385,2385,122.83,45.22,8.57,Kochi,Kerala
2386,2386,101.37,65.95,2.67,Warangal,Telangana
2387,2387,145.38,58.23,6.34,Guwahati,Assam
2388,2388,291.08,30.21,7.99,Coimbatore,Tamil Nadu
2389,2389,74.85,22.48,7.73,Bhubaneswar,Odisha
2390,2390,228.94,65.01,5.27,Kolkata,West Bengal
2391,2391,107.72,42.16,2.98,Guwahati,Assam
2392,2392,266.74,28.68,7.27,Warangal,Telangana
2393,2393,254.79,43.94,3.59,Ahmedabad,Gujarat
2394,2394,259.13,64.08,3.92,Siliguri,West Bengal
2395,2395,69.63,60.21,6.09,Lucknow,Uttar Pradesh
2396,2396,288.31,38.48,8.96,Guwahati,Assam
2397,2397,50.99,58.74,8.26,Coimbatore,Tamil Nadu
2398,2398,234.52,48.13,4.33,Mumbai,Maharashtra
2399,2399,274.67,69.31,7.99,Nashik,Maharashtra
2400,2400,266.95,50.09,2.78,Bhopal,Madhya Pradesh
2401,2401,100.16,30.5,4.94,Thiruvananthapuram,Kerala
2402,2402,226.45,31.81,4.66,Coimbatore,Tamil Nadu
2403,2403,165.83,50.34,5.04,Surat,Gujarat
2404,2404,163.3,23.5,8.62,Guwahati,Assam
2405,2405,55.81,63.14,5.05,Ranchi,Jharkhand
2406,2406,61.15,43.19,7.13,Mumbai,Maharashtra
2407,2407,54.82,76.19,7.69,Kolkata,West Bengal
2408,2408,70.47,22.84,6.1,Mumbai,Maharashtra
2409,2409,143.11,71.57,7.88,Patna,Bihar
2410,2410,146.37,78.68,5.97,Dehradun,Uttarakhand
2411,2411,212.13,35.58,3.45,Kolkata,West Bengal
2412,2412,53.5,65.15,4.08,Warangal,Telangana
2413,2413,180.1,50.89,3.68,Ranchi,Jharkhand
2414,2414,62.52,20.32,2.54,Hyderabad,Telangana
2415,2415,51.93,50.82,2.85,New Delhi,Delhi
2416,2416,182.79,53.08,6.74,Kanpur,Uttar Pradesh
2417,2417,169.19,53.98,6.05,Bhubaneswar,Odisha
2418,2418,189.76,71.36,9.63,Indore,Madhya Pradesh
2419,2419,268.81,27.71,5.31,Bhubaneswar,Odisha
2420,2420,74.33,51.48,2.59,Dehradun,Uttarakhand
2421,2421,164.15,64.67,2.82,Ranchi,Jharkhand
2422,2422,291.3,45.86,5.52,Pune,Maharashtra
2423,2423,237.35,27.57,3.05,Kochi,Kerala
2424,2424,133.45,61.17,6.92,Kanpur,Uttar Pradesh
2425,2425,177.59,74.42,9.9,Nashik,Maharashtra
2426,2426,268.08,40.22,8,Siliguri,West Bengal
2427,2427,287.03,32.05,3.65,Kanpur,Uttar Pradesh
2428,2428,275.22,54.16,2.93,Nagpur,Maharashtra
2429,2429,84.41,78.28,7.95,Patna,Bihar
2430,2430,250.03,67.01,4.76,Kolkata,West Bengal
2431,2431,288.11,45.38,4.96,Chennai,Tamil Nadu
2432,2432,265.34,72.69,4.56,Shimla,Himachal Pradesh
2433,2433,206.51,40.25,5.07,Coimbatore,Tamil Nadu
2434,2434,163.94,48.13,8.14,Surat,Gujarat
2435,2435,183.7,31.66,3.38,Mysuru,Karnataka
2436,2436,267.11,79.21,3.56,Kanpur,Uttar Pradesh
2437,2437,108.57,40.02,3.5,Bhubaneswar,Odisha
2438,2438,150.56,62.82,4.49,Coimbatore,Tamil Nadu
2439,2439,261.39,77.67,5.53,Indore,Madhya Pradesh
2440,2440,125.38,64.69,5.42,Jaipur,Rajasthan
2441,2441,126.14,35.18,3.14,Patna,Bihar
2442,2442,104.42,78.84,7.28,Patna,Bihar
2443,2443,239.54,73.66,9.24,New Delhi,Delhi
2444,2444,289.6,36.77,2.32,Mysuru,Karnataka
2445,2445,64.52,66.17,4.72,Ranchi,Jharkhand
2446,2446,127.59,59.92,4.99,Siliguri,West Bengal
2447,2447,130.8,45.09,6.5,Dehradun,Uttarakhand
2448,2448,222.43,33.15,5.92,Indore,Madhya Pradesh
2449,2449,123.29,73.08,2.63,Chennai,Tamil Nadu
2450,2450,71.69,40.37,3.91,Kanpur,Uttar Pradesh
2451,2451,115.91,69.87,2.2,Surat,Gujarat
2452,2452,244.13,69.62,3.08,Surat,Gujarat
2453,2453,155.4,42.95,5.37,Hyderabad,Telangana
2454,2454,287.31,66.4,9.01,Mysuru,Karnataka
2455,2455,207.94,72.02,9.14,Delhi,Delhi
2456,2456,103.5,42.55,8.84,Ranchi,Jharkhand
2457,2457,163.54,38.68,2.76,Pune,Maharashtra
2458,2458,100.74,48.15,2.98,Bhubaneswar,Odisha
2459,2459,179.94,79.18,2.44,Udaipur,Rajasthan
2460,2460,104.46,75.03,4.2,Jaipur,Rajasthan
2461,2461,133.83,65.32,3.47,Bhopal,Madhya Pradesh
2462,2462,279.88,49.14,7.5,Mumbai,Maharashtra
2463,2463,253.88,74.91,3.69,Thiruvananthapuram,Kerala
2464,2464,159.29,43.67,9.21,Shimla,Himachal Pradesh
2465,2465,74.11,76.77,9.46,New Delhi,Delhi
2466,2466,177.19,50.49,7.73,Thiruvananthapuram,Kerala
2467,2467,181.49,50.72,4.44,Mumbai,Maharashtra
2468,2468,204.8,72.76,5.72,Bengaluru,Karnataka
2469,2469,71.33,37.54,6.79,New Delhi,Delhi
2470,2470,279.35,56.1,4.35,Lucknow,Uttar Pradesh
2471,2471,211.83,56.73,9.45,Surat,Gujarat
2472,2472,249.98,58.32,6.57,Warangal,Telangana
2473,2473,74.11,52.33,7.19,Surat,Gujarat
2474,2474,287.06,65.72,7.36,Delhi,Delhi
2475,2475,148.12,71.4,6.34,Ahmedabad,Gujarat
2476,2476,86.53,21.25,3.5,Delhi,Delhi
2477,2477,284.83,39.86,7.13,Chandigarh,Chandigarh
2478,2478,269.56,74.95,4.09,Bhopal,Madhya Pradesh
2479,2479,118.15,30.1,7.87,Mumbai,Maharashtra
2480,2480,143.48,25.71,8.45,New Delhi,Delhi
2481,2481,134.33,70.35,4.26,Kolkata,West Bengal
2482,2482,169.1,23.18,7.7,Jaipur,Rajasthan
2483,2483,265.72,24.24,2.24,Guwahati,Assam
2484,2484,246.64,76.51,7.44,Shimla,Himachal Pradesh
2485,2485,238.79,55.44,2.43,Bengaluru,Karnataka
2486,2486,101.5,77.41,6.34,Lucknow,Uttar Pradesh
2487,2487,67.46,61.69,6.54,Jaipur,Rajasthan
2488,2488,172.73,29.14,9.6,Mysuru,Karnataka
2489,2489,133.82,57.86,5.23,Mumbai,Maharashtra
2490,2490,298.25,63.28,9.9,Nashik,Maharashtra
2491,2491,136.11,31.84,7.32,Jaipur,Rajasthan
2492,2492,220.99,38.25,8.58,Hyderabad,Telangana
2493,2493,111.26,75.79,3.43,Bengaluru,Karnataka
2494,2494,57.97,65.96,6.62,Indore,Madhya Pradesh
2495,2495,127.95,78.34,2.24,Guwahati,Assam
2496,2496,119.92,78.62,5.61,Ahmedabad,Gujarat
2497,2497,151.11,35.09,9.08,Siliguri,West Bengal
2498,2498,230.71,33.06,3.64,Surat,Gujarat
2499,2499,127.83,37.54,7.01,Surat,Gujarat
2500,2500,250.47,54.34,5.86,Dehradun,Uttarakhand
2501,2501,90.61,24.49,5.84,Hyderabad,Telangana
2502,2502,201.39,75.62,8.52,Shimla,Himachal Pradesh
2503,2503,231.89,77.71,7.13,Shimla,Himachal Pradesh
2504,2504,74.64,68.94,5.96,Nashik,Maharashtra
2505,2505,273.09,52.52,3.07,Chandigarh,Chandigarh
2506,2506,273.35,74.18,8.13,Chandigarh,Chandigarh
2507,2507,233.01,49.42,6.54,Coimbatore,Tamil Nadu
2508,2508,70.04,28.63,7.5,Warangal,Telangana
2509,2509,196.7,68.99,6.98,Mysuru,Karnataka
2510,2510,224.77,78.43,4.55,Chennai,Tamil Nadu
2511,2511,148.04,48.89,4.21,Kolkata,West Bengal
2512,2512,62.88,45.45,9.41,Ranchi,Jharkhand
2513,2513,244.72,46.15,8.69,Mumbai,Maharashtra
2514,2514,160.43,42.32,8.01,Thiruvananthapuram,Kerala
2515,2515,74.13,73.06,5.7,Udaipur,Rajasthan
2516,2516,66.46,55.44,9.74,Warangal,Telangana
2517,2517,173.16,63.28,5.83,Ahmedabad,Gujarat
2518,2518,209.23,20.09,3.37,Shimla,Himachal Pradesh
2519,2519,194.36,45.43,3.29,Surat,Gujarat
2520,2520,126.52,30.98,6.05,Shimla,Himachal Pradesh
2521,2521,287.25,20,9.75,Chennai,Tamil Nadu
2522,2522,201.61,49.82,7.1,Mysuru,Karnataka
2523,2523,155.01,66.99,4.29,Nagpur,Maharashtra
2524,2524,258.37,38.45,6.77,Bhubaneswar,Odisha
2525,2525,185.7,63.96,8.66,Patna,Bihar
2526,2526,224.24,56.13,3.55,Ahmedabad,Gujarat
2527,2527,51.93,63.3,3.13,Chennai,Tamil Nadu
2528,2528,188.23,75.89,6.01,Delhi,Delhi
2529,2529,212.04,32.42,4.94,Pune,Maharashtra
2530,2530,182.82,67.17,4.3,Kanpur,Uttar Pradesh
2531,2531,226.29,73.82,9.09,Delhi,Delhi
2532,2532,51.06,28.6,7.98,Ranchi,Jharkhand
2533,2533,121.97,21.08,6.04,Patna,Bihar
2534,2534,82.24,30.4,9.83,Thiruvananthapuram,Kerala
2535,2535,54.76,24.56,3.31,Mumbai,Maharashtra
2536,2536,126.48,34.31,8.38,Indore,Madhya Pradesh
2537,2537,193,70.3,4.52,Delhi,Delhi
2538,2538,108.1,37.19,6.56,Nagpur,Maharashtra
2539,2539,155.47,28.73,7.26,Pune,Maharashtra
2540,2540,159.6,20.15,9.84,Patna,Bihar
2541,2541,251.37,78.01,2.48,Dehradun,Uttarakhand
2542,2542,65.22,28.67,4.53,Patna,Bihar
2543,2543,118.21,57.74,7.24,Kochi,Kerala
2544,2544,199.45,70.28,6.9,Chandigarh,Chandigarh
2545,2545,214.51,65.41,8.31,Delhi,Delhi
2546,2546,238.96,56.77,3.62,Kanpur,Uttar Pradesh
2547,2547,231.11,51.62,8.55,New Delhi,Delhi
2548,2548,187.93,67.79,6.18,Bhubaneswar,Odisha
2549,2549,136.37,27.37,5.58,Lucknow,Uttar Pradesh
2550,2550,291.69,26.15,9.98,Nashik,Maharashtra
2551,2551,95.13,28.52,4.66,Mumbai,Maharashtra
2552,2552,252.07,58.1,8.67,Chandigarh,Chandigarh
2553,2553,169.98,78.5,3.86,Bhopal,Madhya Pradesh
2554,2554,83.27,54.79,6.18,Mysuru,Karnataka
2555,2555,285.5,35.34,9.32,Thiruvananthapuram,Kerala
2556,2556,57.62,31.82,3.67,Chennai,Tamil Nadu
2557,2557,94.13,74.52,8.24,Chandigarh,Chandigarh
2558,2558,64.38,43.68,3.23,Pune,Maharashtra
2559,2559,152.08,57.87,3.48,Mysuru,Karnataka
2560,2560,274.57,46.97,5.52,Lucknow,Uttar Pradesh
2561,2561,251.63,52.3,5.31,Bhubaneswar,Odisha
2562,2562,217.67,33.74,6.81,Lucknow,Uttar Pradesh
2563,2563,183.19,24.06,6.87,Thiruvananthapuram,Kerala
2564,2564,213.02,46.27,9.26,Hyderabad,Telangana
2565,2565,104.3,41.69,7.54,Bengaluru,Karnataka
2566,2566,60.73,45.47,9.8,New Delhi,Delhi
2567,2567,146.98,23.32,3.88,Nagpur,Maharashtra
2568,2568,119.91,53.37,5.78,Mysuru,Karnataka
2569,2569,147.38,26.52,6.29,Ahmedabad,Gujarat
2570,2570,203.53,69.43,8.03,Nashik,Maharashtra
2571,2571,102.87,54.82,2.17,Bhubaneswar,Odisha
2572,2572,286.1,78.3,3.46,Ahmedabad,Gujarat
2573,2573,150.74,32.23,6.41,Kanpur,Uttar Pradesh
2574,2574,241.37,68.48,7.28,Guwahati,Assam
2575,2575,58.63,47.9,6.42,Thiruvananthapuram,Kerala
2576,2576,260.87,50.49,7.7,Kanpur,Uttar Pradesh
2577,2577,181.17,72.38,2.07,Guwahati,Assam
2578,2578,158.42,61.21,7.6,Guwahati,Assam
2579,2579,246.03,78.56,7.16,Pune,Maharashtra
2580,2580,222.52,75.79,2.52,Pune,Maharashtra
2581,2581,204.09,38.63,8.04,Bengaluru,Karnataka
2582,2582,136.19,56.44,5,Patna,Bihar
2583,2583,259.09,77.08,4.57,Guwahati,Assam
2584,2584,260.22,57.12,5.13,Mysuru,Karnataka
2585,2585,171.83,63.3,6.59,Ahmedabad,Gujarat
2586,2586,164.13,28.97,3.13,Surat,Gujarat
2587,2587,126.87,74.45,7.84,Warangal,Telangana
2588,2588,239.05,39.43,3.94,Shimla,Himachal Pradesh
2589,2589,52.62,49.81,3.09,Thiruvananthapuram,Kerala
2590,2590,235.54,71.36,5.81,Delhi,Delhi
2591,2591,251.23,79.02,6.89,Indore,Madhya Pradesh
2592,2592,223.45,34.59,6.3,Hyderabad,Telangana
2593,2593,274.28,26.5,4.87,Surat,Gujarat
2594,2594,212.27,60.65,2.94,Ahmedabad,Gujarat
2595,2595,178.93,72.36,3.24,New Delhi,Delhi
2596,2596,174.49,72.34,2.44,Indore,Madhya Pradesh
2597,2597,202.97,66.22,6.94,Bhopal,Madhya Pradesh
2598,2598,287.73,41.96,9.08,Patna,Bihar
2599,2599,281.99,33.14,6.68,Bengaluru,Karnataka
2600,2600,266.24,72,4.05,Chennai,Tamil Nadu
2601,2601,285.96,40.32,3.7,Ahmedabad,Gujarat
2602,2602,73.98,64.58,6.29,Kanpur,Uttar Pradesh
2603,2603,119.91,25.04,6.98,Jaipur,Rajasthan
2604,2604,213.99,74.6,5.22,New Delhi,Delhi
2605,2605,102.15,23.11,6.41,Chandigarh,Chandigarh
2606,2606,158.49,39.63,9.3,Thiruvananthapuram,Kerala
2607,2607,53.32,64.28,7.39,Hyderabad,Telangana
2608,2608,199.43,62.5,2.1,Lucknow,Uttar Pradesh
2609,2609,255.56,32.52,9.23,Patna,Bihar
2610,2610,251.96,51.13,5.88,Nagpur,Maharashtra
2611,2611,226.23,50.15,2.9,Nagpur,Maharashtra
2612,2612,256.86,78.89,7.49,Coimbatore,Tamil Nadu
2613,2613,258.2,28.72,4.2,Shimla,Himachal Pradesh
2614,2614,186.31,73.35,8.44,Indore,Madhya Pradesh
2615,2615,83.74,54.58,9.51,Patna,Bihar
2616,2616,245.2,31.23,4.3,Chandigarh,Chandigarh
2617,2617,86.13,50.15,2.38,Mysuru,Karnataka
2618,2618,266.09,53.58,3.52,Nashik,Maharashtra
2619,2619,192.74,28.99,5.27,Nashik,Maharashtra
2620,2620,225.42,52.78,7.95,New Delhi,Delhi
2621,2621,131.49,56.8,6.41,Delhi,Delhi
2622,2622,118.09,20.93,8.99,Coimbatore,Tamil Nadu
2623,2623,138.3,38.47,2.56,Bengaluru,Karnataka
2624,2624,276.12,58.49,9.54,Hyderabad,Telangana
2625,2625,113.37,47.44,6.24,Kochi,Kerala
2626,2626,134.06,42.83,3.8,Patna,Bihar
2627,2627,258.42,43.55,2.05,Kanpur,Uttar Pradesh
2628,2628,118.05,43.48,2.86,Guwahati,Assam
2629,2629,264.77,28.31,9.12,Coimbatore,Tamil Nadu
2630,2630,279.24,23.16,5.16,Coimbatore,Tamil Nadu
2631,2631,264.94,45.97,2.44,Warangal,Telangana
2632,2632,57.27,40.93,2.17,Kochi,Kerala
2633,2633,210.98,61.77,5.43,Ahmedabad,Gujarat
2634,2634,184.46,54.47,8.61,Nagpur,Maharashtra
2635,2635,193.23,78.04,6.67,Chandigarh,Chandigarh
2636,2636,171.88,33.55,3.22,Chennai,Tamil Nadu
2637,2637,226.24,39.54,3.22,Mysuru,Karnataka
2638,2638,252.01,21.1,3,Bengaluru,Karnataka
2639,2639,163.89,74.39,4.18,Warangal,Telangana
2640,2640,277.32,66.16,4.47,Patna,Bihar
2641,2641,218.89,33.67,2.65,Bhubaneswar,Odisha
2642,2642,253.35,54.85,3.05,Patna,Bihar
2643,2643,240.48,28.02,5.88,Guwahati,Assam
2644,2644,298.01,75.91,2.87,Hyderabad,Telangana
2645,2645,287.09,67.33,2.06,Kolkata,West Bengal
2646,2646,74.43,35.79,9.83,Thiruvananthapuram,Kerala
2647,2647,172.69,75.28,8.36,Mumbai,Maharashtra
2648,2648,127.17,33.01,3.57,Mysuru,Karnataka
2649,2649,178.74,35.86,3.23,Surat,Gujarat
2650,2650,154.21,44.2,9.19,Pune,Maharashtra
2651,2651,153.48,51.89,7.98,Ranchi,Jharkhand
2652,2652,280.04,22.44,2.4,Coimbatore,Tamil Nadu
2653,2653,276.85,54.55,4.8,Mysuru,Karnataka
2654,2654,186.12,39.66,8.66,Kochi,Kerala
2655,2655,278.22,71.19,4.16,Kochi,Kerala
2656,2656,163.51,26.39,7.09,Kanpur,Uttar Pradesh
2657,2657,163.52,78,7.7,Dehradun,Uttarakhand
2658,2658,204.81,63.44,2.85,Dehradun,Uttarakhand
2659,2659,269.98,78.79,8.97,Siliguri,West Bengal
2660,2660,136.89,65.46,7.08,Jaipur,Rajasthan
2661,2661,288.79,36.27,5.25,Bhubaneswar,Odisha
2662,2662,113.13,47.25,2.28,Ranchi,Jharkhand
2663,2663,279.68,44.9,3.13,Dehradun,Uttarakhand
2664,2664,147.72,52.18,4.9,Coimbatore,Tamil Nadu
2665,2665,216.76,34.1,8.99,Dehradun,Uttarakhand
2666,2666,104.96,75.87,5.97,Bhopal,Madhya Pradesh
2667,2667,140.14,57.24,4.82,Udaipur,Rajasthan
2668,2668,92.17,33.72,4.25,Indore,Madhya Pradesh
2669,2669,108.25,68.13,2.82,Coimbatore,Tamil Nadu
2670,2670,95.25,42.87,9.78,Kolkata,West Bengal
2671,2671,203.48,26.46,7.19,Ahmedabad,Gujarat
2672,2672,128.01,73.19,6.39,Mumbai,Maharashtra
2673,2673,150.97,62.74,6.3,Nashik,Maharashtra
2674,2674,214.8,65.11,3.61,Pune,Maharashtra
2675,2675,70.52,31.98,7.42,Siliguri,West Bengal
2676,2676,136.38,26.82,2.87,Hyderabad,Telangana
2677,2677,274.17,29.83,6.05,Mumbai,Maharashtra
2678,2678,96.91,38.4,9.82,Hyderabad,Telangana
2679,2679,161.4,64.89,3.81,Warangal,Telangana
2680,2680,170.65,42.82,6.88,Delhi,Delhi
2681,2681,189.39,72.87,4.77,Dehradun,Uttarakhand
2682,2682,216.57,51.36,9.58,Ahmedabad,Gujarat
2683,2683,215.38,27.21,7.08,Bhopal,Madhya Pradesh
2684,2684,224.05,60.85,4.44,Indore,Madhya Pradesh
2685,2685,126.86,36.43,8.92,Warangal,Telangana
2686,2686,202.52,29.09,7.03,Chandigarh,Chandigarh
2687,2687,236.46,40.83,4.73,Bhopal,Madhya Pradesh
2688,2688,197.44,68.6,2.44,Ahmedabad,Gujarat
2689,2689,176.7,34.57,4.31,Dehradun,Uttarakhand
2690,2690,132.2,25.18,2.3,Patna,Bihar
2691,2691,115.18,38.79,6.68,Thiruvananthapuram,Kerala
2692,2692,122.35,42.15,3.03,Patna,Bihar
2693,2693,109.22,52.83,2.05,Mysuru,Karnataka
2694,2694,261.22,25.23,5.61,Warangal,Telangana
2695,2695,112.98,74.61,4.43,Nashik,Maharashtra
2696,2696,103.09,34.73,7.51,Coimbatore,Tamil Nadu
2697,2697,260.79,21.2,8.55,Hyderabad,Telangana
2698,2698,203.26,36.57,9.53,Siliguri,West Bengal
2699,2699,144.9,76.71,9.95,Delhi,Delhi
2700,2700,270.27,33.67,5.8,Surat,Gujarat
2701,2701,51.8,57.15,3.61,Mumbai,Maharashtra
2702,2702,207.32,50.41,2.12,Ranchi,Jharkhand
2703,2703,171.74,54.43,5.86,Hyderabad,Telangana
2704,2704,214.25,37.95,4.76,Warangal,Telangana
2705,2705,195.72,25.92,6.66,Kanpur,Uttar Pradesh
2706,2706,131.72,66.49,6.34,Bhopal,Madhya Pradesh
2707,2707,145.92,22.18,8.98,Dehradun,Uttarakhand
2708,2708,198.69,45.58,2.62,Bengaluru,Karnataka
2709,2709,183.77,34.47,6.16,Mysuru,Karnataka
2710,2710,145.65,52.45,6.24,Bhubaneswar,Odisha
2711,2711,228.38,78.74,7.22,Nashik,Maharashtra
2712,2712,255.8,56.25,5.65,Kochi,Kerala
2713,2713,246.91,63.41,5.08,Bhubaneswar,Odisha
2714,2714,135.1,34.17,7.3,Mysuru,Karnataka
2715,2715,217.89,35.7,7.71,Ahmedabad,Gujarat
2716,2716,218.52,56.88,6.09,Dehradun,Uttarakhand
2717,2717,107.69,23.17,3.42,Coimbatore,Tamil Nadu
2718,2718,109.79,79.68,8.46,Bhopal,Madhya Pradesh
2719,2719,95.84,32.4,5.97,Siliguri,West Bengal
2720,2720,203.28,39.44,4.09,New Delhi,Delhi
2721,2721,86.54,58.94,9.12,Bengaluru,Karnataka
2722,2722,196.28,35.62,3.87,Shimla,Himachal Pradesh
2723,2723,131.84,28.45,5.35,New Delhi,Delhi
2724,2724,115.04,32.36,9.72,Nagpur,Maharashtra
2725,2725,265.3,77.68,6.51,Patna,Bihar
2726,2726,242.22,70.61,2.77,Delhi,Delhi
2727,2727,252.34,55.24,4.37,Pune,Maharashtra
2728,2728,64.81,42.79,2.5,Indore,Madhya Pradesh
2729,2729,202.52,57.33,5.67,Lucknow,Uttar Pradesh
2730,2730,113.81,20.66,4.51,Coimbatore,Tamil Nadu
2731,2731,213.68,34.54,9.33,New Delhi,Delhi
2732,2732,122.74,67.47,6.86,Patna,Bihar
2733,2733,225.3,46.05,5.36,New Delhi,Delhi
2734,2734,293.37,78.68,3.25,Nagpur,Maharashtra
2735,2735,281.05,73.11,3.39,Kolkata,West Bengal
2736,2736,60.54,27.63,8.02,Siliguri,West Bengal
2737,2737,91.81,51.24,3.63,Delhi,Delhi
2738,2738,202.3,56.96,6.3,Ahmedabad,Gujarat
2739,2739,280.95,38.04,9.01,Bhopal,Madhya Pradesh
2740,2740,88.9,23.83,5.86,Hyderabad,Telangana
2741,2741,130.52,55.79,6.98,Siliguri,West Bengal
2742,2742,138.84,41.97,2.82,Coimbatore,Tamil Nadu
2743,2743,298.81,32.11,3.51,Chandigarh,Chandigarh
2744,2744,151.96,40.82,5.63,New Delhi,Delhi
2745,2745,70.07,20.2,3.34,Delhi,Delhi
2746,2746,111.35,58.64,9.46,Delhi,Delhi
2747,2747,139.11,32.61,8.22,Chandigarh,Chandigarh
2748,2748,94.64,38.08,7.9,Guwahati,Assam
2749,2749,256.13,40.15,7.41,Lucknow,Uttar Pradesh
2750,2750,238.63,47.24,6.51,Indore,Madhya Pradesh
2751,2751,204.61,73.13,9.76,Warangal,Telangana
2752,2752,140.5,42.3,4.29,Chandigarh,Chandigarh
2753,2753,205.81,31.54,4.73,Warangal,Telangana
2754,2754,282.99,40.38,9.72,Thiruvananthapuram,Kerala
2755,2755,65.79,31.74,9.88,Kochi,Kerala
2756,2756,154.99,70.99,9.52,Warangal,Telangana
2757,2757,288.21,63.43,7.12,Siliguri,West Bengal
2758,2758,293.03,35.35,2.82,Bhubaneswar,Odisha
2759,2759,168.96,39.25,9.13,Surat,Gujarat
2760,2760,186.39,59.87,2.61,Bengaluru,Karnataka
2761,2761,254.81,29.74,9.12,Bhopal,Madhya Pradesh
2762,2762,102.41,40.3,4.91,Chennai,Tamil Nadu
2763,2763,74.13,68.79,6.77,Kochi,Kerala
2764,2764,84.1,29.2,4.84,Pune,Maharashtra
2765,2765,74.68,78.57,9.48,Nagpur,Maharashtra
2766,2766,254.71,57.67,5.3,New Delhi,Delhi
2767,2767,78.45,35.84,3.62,Pune,Maharashtra
2768,2768,76.6,58.76,4.13,Nashik,Maharashtra
2769,2769,258.68,43.57,6.35,Ahmedabad,Gujarat
2770,2770,173.44,50,2.26,Ranchi,Jharkhand
2771,2771,219.75,58.33,8.09,Jaipur,Rajasthan
2772,2772,102.01,45.36,4.39,Delhi,Delhi
2773,2773,276.59,62.38,5.15,Ahmedabad,Gujarat
2774,2774,138.83,36.12,6.89,Kanpur,Uttar Pradesh
2775,2775,101.91,63.04,8.58,Bengaluru,Karnataka
2776,2776,71.64,72.58,8.82,Coimbatore,Tamil Nadu
2777,2777,70.72,47.3,3.41,Nagpur,Maharashtra
2778,2778,138.5,40.44,3.1,Nagpur,Maharashtra
2779,2779,159.26,66.69,7.04,Ranchi,Jharkhand
2780,2780,269.87,72.73,4.64,Kolkata,West Bengal
2781,2781,55.48,60.55,3.86,Kochi,Kerala
2782,2782,177.21,78.69,6.8,Kanpur,Uttar Pradesh
2783,2783,53.11,61.75,5.49,Coimbatore,Tamil Nadu
2784,2784,192.38,56.4,3.74,Dehradun,Uttarakhand
2785,2785,299.64,79.89,2.99,Udaipur,Rajasthan
2786,2786,190.49,69.08,7.46,Thiruvananthapuram,Kerala
2787,2787,147.19,30.4,9.71,Udaipur,Rajasthan
2788,2788,199.66,59.73,2.29,Nagpur,Maharashtra
2789,2789,72.76,40.21,5.96,Kolkata,West Bengal
2790,2790,179.93,43.79,3.74,Kanpur,Uttar Pradesh
2791,2791,102.69,32.26,3.33,Kolkata,West Bengal
2792,2792,58.57,50.28,8.52,Thiruvananthapuram,Kerala
2793,2793,152.1,46.07,5.46,Thiruvananthapuram,Kerala
2794,2794,253.36,70,4.15,Ranchi,Jharkhand
2795,2795,72.22,29.69,2.54,Mumbai,Maharashtra
2796,2796,138.63,70.9,2.67,Delhi,Delhi
2797,2797,260.59,32.4,6.91,Lucknow,Uttar Pradesh
2798,2798,233.51,61.06,4.32,Hyderabad,Telangana
2799,2799,69.54,40.39,5.51,Jaipur,Rajasthan
2800,2800,215.75,75.93,7.44,Ahmedabad,Gujarat
2801,2801,165.24,54.4,2.33,Dehradun,Uttarakhand
2802,2802,187,56.59,6.86,Ranchi,Jharkhand
2803,2803,266.91,37.96,4.05,Kochi,Kerala
2804,2804,97.09,35.7,4.21,Dehradun,Uttarakhand
2805,2805,91.77,26.09,4.76,Shimla,Himachal Pradesh
2806,2806,61.34,28.34,9.75,Delhi,Delhi
2807,2807,239.15,73.72,2.86,Chennai,Tamil Nadu
2808,2808,220.53,22.87,6.59,Ranchi,Jharkhand
2809,2809,129.24,67.89,4.42,Patna,Bihar
2810,2810,122.95,41.5,2.48,Nashik,Maharashtra
2811,2811,53.57,24.75,3.94,Siliguri,West Bengal
2812,2812,169.8,36.37,3.29,Thiruvananthapuram,Kerala
2813,2813,277.22,67.02,4.04,Guwahati,Assam
2814,2814,92.94,44.72,5.62,Jaipur,Rajasthan
2815,2815,223.02,61.36,7.59,Lucknow,Uttar Pradesh
2816,2816,121.35,32.71,9.43,Pune,Maharashtra
2817,2817,53.28,37.35,4.03,Dehradun,Uttarakhand
2818,2818,163.39,62.47,4.21,Mumbai,Maharashtra
2819,2819,218.17,75.75,7.59,Bhopal,Madhya Pradesh
2820,2820,181.98,40.25,7.01,Guwahati,Assam
2821,2821,248.37,76.82,5.46,Bhopal,Madhya Pradesh
2822,2822,54.79,25.87,7.18,Mysuru,Karnataka
2823,2823,91.37,38.4,9.84,New Delhi,Delhi
2824,2824,147.45,76.14,9.07,Surat,Gujarat
2825,2825,201.36,49.29,3.29,Mysuru,Karnataka
2826,2826,196.73,20.92,5.48,Bhubaneswar,Odisha
2827,2827,139.49,74.83,8.65,Mysuru,Karnataka
2828,2828,205.69,24.49,4.73,Warangal,Telangana
2829,2829,108.93,46.39,3.08,Chennai,Tamil Nadu
2830,2830,273.83,34.35,6.79,Hyderabad,Telangana
2831,2831,182.85,23.09,9.18,Lucknow,Uttar Pradesh
2832,2832,166.93,48.72,4.76,Siliguri,West Bengal
2833,2833,95.02,42.07,5.74,Siliguri,West Bengal
2834,2834,84.59,61.08,4.59,Ahmedabad,Gujarat
2835,2835,106.79,20.44,9.4,Bhopal,Madhya Pradesh
2836,2836,134.17,42.97,9.3,Lucknow,Uttar Pradesh
2837,2837,117.9,65.81,9.33,Nashik,Maharashtra
2838,2838,97.71,74.37,2.56,Dehradun,Uttarakhand
2839,2839,139.2,55.69,6.03,Coimbatore,Tamil Nadu
2840,2840,296.73,65.03,7.54,Lucknow,Uttar Pradesh
2841,2841,85.25,59.36,3.58,Coimbatore,Tamil Nadu
2842,2842,125.66,32.74,6.74,Kochi,Kerala
2843,2843,299.2,58.52,7.23,Shimla,Himachal Pradesh
2844,2844,222.86,27.05,2.61,Ahmedabad,Gujarat
2845,2845,210.15,31.76,8.56,Shimla,Himachal Pradesh
2846,2846,158.03,25.28,5.21,Kochi,Kerala
2847,2847,270.42,62.35,4.63,Nashik,Maharashtra
2848,2848,131.21,31.03,8.04,Lucknow,Uttar Pradesh
2849,2849,103.14,72.88,7.5,Coimbatore,Tamil Nadu
2850,2850,177.88,39.26,3.5,Hyderabad,Telangana
2851,2851,240.56,54.09,7.7,Udaipur,Rajasthan
2852,2852,138.82,46.29,4.52,Bhubaneswar,Odisha
2853,2853,299.63,33.27,3.41,Jaipur,Rajasthan
2854,2854,50.03,61,4.35,Nashik,Maharashtra
2855,2855,122.11,28.62,9.44,Shimla,Himachal Pradesh
2856,2856,130.87,22.45,4.47,Kolkata,West Bengal
2857,2857,175.76,20.5,9.57,Kanpur,Uttar Pradesh
2858,2858,53.63,43.99,3.13,Kolkata,West Bengal
2859,2859,289.66,59.04,6.57,Ahmedabad,Gujarat
2860,2860,75.55,20.99,4.77,Delhi,Delhi
2861,2861,287.14,57.71,3.61,Chandigarh,Chandigarh
2862,2862,283.58,30.03,9.46,Shimla,Himachal Pradesh
2863,2863,96.87,72.42,9.58,Ahmedabad,Gujarat
2864,2864,221.05,76.47,3.62,Patna,Bihar
2865,2865,154.54,58.87,8.14,Indore,Madhya Pradesh
2866,2866,169.69,38.35,5.83,Ranchi,Jharkhand
2867,2867,146.6,50.83,7.67,Warangal,Telangana
2868,2868,273.08,25.34,3.86,Bhubaneswar,Odisha
2869,2869,83.15,56.9,6.49,Delhi,Delhi
2870,2870,252.95,69.79,2.01,Udaipur,Rajasthan
2871,2871,216.57,49.04,6.82,Ahmedabad,Gujarat
2872,2872,67.63,71.4,4.26,Lucknow,Uttar Pradesh
2873,2873,264.28,41.11,4.47,Guwahati,Assam
2874,2874,138.67,77.05,9.8,Patna,Bihar
2875,2875,249.05,52.68,6.67,New Delhi,Delhi
2876,2876,293.67,29.01,2.23,Nagpur,Maharashtra
2877,2877,178.86,31.04,3.26,Kolkata,West Bengal
2878,2878,191.58,62.64,2.57,Ahmedabad,Gujarat
2879,2879,238.33,53.94,5.04,Mumbai,Maharashtra
2880,2880,218.1,42.12,3.36,Surat,Gujarat
2881,2881,89.51,40.24,9.59,Ahmedabad,Gujarat
2882,2882,277.78,50.28,8.37,Chennai,Tamil Nadu
2883,2883,155.89,20.9,2.44,Udaipur,Rajasthan
2884,2884,121.4,64.91,5.86,Lucknow,Uttar Pradesh
2885,2885,69.59,22.96,5.75,Lucknow,Uttar Pradesh
2886,2886,257.85,59,9.23,Udaipur,Rajasthan
2887,2887,209.61,69.94,7.62,Lucknow,Uttar Pradesh
2888,2888,223.56,28.36,7.01,Hyderabad,Telangana
2889,2889,166.17,28.83,2.37,Guwahati,Assam
2890,2890,110.63,64.16,3.2,Kanpur,Uttar Pradesh
2891,2891,194.09,57.04,4.87,Coimbatore,Tamil Nadu
2892,2892,224.68,77.44,7.01,Bengaluru,Karnataka
2893,2893,240.77,48.18,8.36,Bhubaneswar,Odisha
2894,2894,200.4,46.34,9.93,Lucknow,Uttar Pradesh
2895,2895,295.07,76.53,8.57,Chennai,Tamil Nadu
2896,2896,147.88,58.09,7.71,Chandigarh,Chandigarh
2897,2897,82.56,66.22,8.48,Lucknow,Uttar Pradesh
2898,2898,132.26,38.28,7.49,Bhubaneswar,Odisha
2899,2899,134.7,36.25,2.19,Delhi,Delhi
2900,2900,88.81,21.39,6.22,Ahmedabad,Gujarat
2901,2901,218.98,78.42,6.46,Delhi,Delhi
2902,2902,252.37,56.86,2.99,Shimla,Himachal Pradesh
2903,2903,85.31,30.39,6.72,Bhubaneswar,Odisha
2904,2904,65.74,20.61,2.04,Hyderabad,Telangana
2905,2905,109.4,58.81,6.68,Udaipur,Rajasthan
2906,2906,274.61,54.75,6.4,Nashik,Maharashtra
2907,2907,225.19,57.98,6.73,Jaipur,Rajasthan
2908,2908,273.21,21.27,4.7,Mumbai,Maharashtra
2909,2909,299.67,65.18,4.24,Ahmedabad,Gujarat
2910,2910,63.2,36.94,3.91,Pune,Maharashtra
2911,2911,160.25,69.55,6.72,Mysuru,Karnataka
2912,2912,85.52,51.21,9.81,Mysuru,Karnataka
2913,2913,240.55,26.69,8.27,Dehradun,Uttarakhand
2914,2914,218.54,55.51,9.83,Guwahati,Assam
2915,2915,252.23,36.38,2.47,Nagpur,Maharashtra
2916,2916,295.44,26.88,9.13,Ahmedabad,Gujarat
2917,2917,108.16,34.43,2.83,Siliguri,West Bengal
2918,2918,53.49,74.01,4.56,Delhi,Delhi
2919,2919,69.11,34.57,5.29,Shimla,Himachal Pradesh
2920,2920,93.8,71.18,4.68,Pune,Maharashtra
2921,2921,80.54,39.58,4.88,Warangal,Telangana
2922,2922,181.6,25.02,5.45,Hyderabad,Telangana
2923,2923,173.27,24.4,8.39,Chandigarh,Chandigarh
2924,2924,120.72,66.58,7.72,Pune,Maharashtra
2925,2925,255.63,36.48,5.83,Udaipur,Rajasthan
2926,2926,92.65,74.64,2.47,Bengaluru,Karnataka
2927,2927,244.01,73.24,8.66,Thiruvananthapuram,Kerala
2928,2928,284.98,51.28,8.87,Ranchi,Jharkhand
2929,2929,221.29,70.34,6.41,Ahmedabad,Gujarat
2930,2930,278.93,69.6,2.43,Pune,Maharashtra
2931,2931,146,27.9,8.13,Kochi,Kerala
2932,2932,112.5,40.27,8.28,Chandigarh,Chandigarh
2933,2933,177.34,50.61,2.12,Pune,Maharashtra
2934,2934,290.46,52.27,8.79,Lucknow,Uttar Pradesh
2935,2935,134.15,33.67,2.65,Coimbatore,Tamil Nadu
2936,2936,254.24,43.71,3.14,Kanpur,Uttar Pradesh
2937,2937,149.26,54.98,5.71,Siliguri,West Bengal
2938,2938,267.71,50.76,7.49,Lucknow,Uttar Pradesh
2939,2939,289.58,52.72,8.83,Bengaluru,Karnataka
2940,2940,260.94,51.91,4.46,Shimla,Himachal Pradesh
2941,2941,236.79,40.89,2.71,Nagpur,Maharashtra
2942,2942,168.58,79.48,9.92,Chennai,Tamil Nadu
2943,2943,96.19,51.03,9.53,Indore,Madhya Pradesh
2944,2944,78.43,24.72,4.38,Bhubaneswar,Odisha
2945,2945,127.76,73.16,2.74,Delhi,Delhi
2946,2946,234.49,21.25,8.08,Chandigarh,Chandigarh
2947,2947,145.45,47.87,7.01,Warangal,Telangana
2948,2948,86.67,39.66,5.3,Coimbatore,Tamil Nadu
2949,2949,194.91,70.18,2.13,Patna,Bihar
2950,2950,282.45,55.44,5.36,Shimla,Himachal Pradesh
2951,2951,111.69,41.58,2.49,New Delhi,Delhi
2952,2952,204.61,25.36,2.69,Chennai,Tamil Nadu
2953,2953,103.62,46.6,5.11,Nagpur,Maharashtra
2954,2954,67.63,20.25,7.62,Coimbatore,Tamil Nadu
2955,2955,146.94,63.4,6.45,Hyderabad,Telangana
2956,2956,263.7,38.65,7.52,Nashik,Maharashtra
2957,2957,248.98,78.43,9.45,Surat,Gujarat
2958,2958,81.62,38.57,6.19,Bengaluru,Karnataka
2959,2959,177.97,52.07,6.59,Chennai,Tamil Nadu
2960,2960,106.58,36.85,9.17,Kanpur,Uttar Pradesh
2961,2961,131.64,46.4,8.81,Ahmedabad,Gujarat
2962,2962,174.62,47.67,2.66,Mumbai,Maharashtra
2963,2963,245.13,44.6,3.57,Kolkata,West Bengal
2964,2964,88.18,62.43,6.66,Guwahati,Assam
2965,2965,51.9,59.66,4.18,Indore,Madhya Pradesh
2966,2966,288.03,48.62,7.61,Kanpur,Uttar Pradesh
2967,2967,67.07,57.44,2.5,Udaipur,Rajasthan
2968,2968,224.69,43.42,9.91,Bhubaneswar,Odisha
2969,2969,110.7,46.27,2.8,Shimla,Himachal Pradesh
2970,2970,246.67,54.56,8.74,Bhopal,Madhya Pradesh
2971,2971,231.66,75.36,7.24,Mumbai,Maharashtra
2972,2972,170.36,66.74,9.43,Warangal,Telangana
2973,2973,72.09,73.77,3.27,Dehradun,Uttarakhand
2974,2974,129.41,77.68,5.07,Udaipur,Rajasthan
2975,2975,75.21,45.7,5.16,Bhopal,Madhya Pradesh
2976,2976,164.39,40.11,8.18,Indore,Madhya Pradesh
2977,2977,292.78,69.33,3.12,Hyderabad,Telangana
2978,2978,54.49,51.34,7.26,Kanpur,Uttar Pradesh
2979,2979,206.5,66.08,3.53,Hyderabad,Telangana
2980,2980,192.42,49.43,6.72,Shimla,Himachal Pradesh
2981,2981,251,73.05,3.46,Nagpur,Maharashtra
2982,2982,84.31,47.63,2.63,Mysuru,Karnataka
2983,2983,227.86,74.94,9.9,Bhubaneswar,Odisha
2984,2984,96.88,72.31,6.86,Ranchi,Jharkhand
2985,2985,183.88,70.43,5.34,Bhopal,Madhya Pradesh
2986,2986,218.07,60.15,7.09,Pune,Maharashtra
2987,2987,237.96,69.15,3.63,Siliguri,West Bengal
2988,2988,90.26,56.17,7.32,Thiruvananthapuram,Kerala
2989,2989,185.05,33.01,8.61,New Delhi,Delhi
2990,2990,222.73,20.2,7.7,Chandigarh,Chandigarh
2991,2991,275.26,52.65,8.61,Nashik,Maharashtra
2992,2992,191.28,36.83,2.38,Bhubaneswar,Odisha
2993,2993,283.08,72.5,4.76,Bhubaneswar,Odisha
2994,2994,258.43,75.19,7.25,Siliguri,West Bengal
2995,2995,76.51,38.24,9.01,Delhi,Delhi
2996,2996,133.21,20.02,8.67,Chennai,Tamil Nadu
2997,2997,187.07,22.24,7.91,Surat,Gujarat
2998,2998,202.67,56.64,3.14,Bengaluru,Karnataka
2999,2999,233.86,53.82,4.17,Kochi,Kerala
3000,3000,148.73,71.52,8.22,Guwahati,Assam
3001,3001,179.08,31.57,6.17,Kochi,Kerala
3002,3002,182.66,52.45,5.04,Surat,Gujarat
3003,3003,196.69,76.93,2.64,Patna,Bihar
3004,3004,147.21,46.7,9.73,Patna,Bihar
3005,3005,163.85,62.56,4.55,Patna,Bihar
3006,3006,228.96,60.87,7.65,Kolkata,West Bengal
3007,3007,222.23,57.37,4.86,Pune,Maharashtra
3008,3008,226.83,57.95,5.7,Bhubaneswar,Odisha
3009,3009,217.9,35.89,7.52,Thiruvananthapuram,Kerala
3010,3010,131.97,29.83,5.56,Bengaluru,Karnataka
3011,3011,58.86,22.29,6.27,Kanpur,Uttar Pradesh
3012,3012,134.46,40.28,4.58,Pune,Maharashtra
3013,3013,116.38,70.56,6.27,Kolkata,West Bengal
3014,3014,160.48,77.66,7.73,Coimbatore,Tamil Nadu
3015,3015,75.36,73.23,2.9,Ranchi,Jharkhand
3016,3016,181.39,23.73,9.37,Mysuru,Karnataka
3017,3017,124.7,30.09,2.81,Surat,Gujarat
3018,3018,259.08,68.93,8.32,Nagpur,Maharashtra
3019,3019,102.95,79.09,7.98,Kanpur,Uttar Pradesh
3020,3020,283.9,38.64,4.34,Nagpur,Maharashtra
3021,3021,127.99,51.98,7.5,Mumbai,Maharashtra
3022,3022,248.85,70.44,9.42,Bengaluru,Karnataka
3023,3023,103.92,59.79,5.85,Thiruvananthapuram,Kerala
3024,3024,108.15,50.09,6.56,Udaipur,Rajasthan
3025,3025,126.45,66.59,4.48,Chandigarh,Chandigarh
3026,3026,250.87,34.94,8.09,Warangal,Telangana
3027,3027,294.13,76.5,2.34,New Delhi,Delhi
3028,3028,123.98,56.08,6.5,Lucknow,Uttar Pradesh
3029,3029,171.79,68.13,7.32,New Delhi,Delhi
3030,3030,245.46,48.34,9.46,Kochi,Kerala
3031,3031,223.77,63.27,6.89,Udaipur,Rajasthan
3032,3032,149.2,45.16,5.72,Lucknow,Uttar Pradesh
3033,3033,79.53,65.14,3.72,Ahmedabad,Gujarat
3034,3034,150.99,78.17,4.55,Kolkata,West Bengal
3035,3035,83.25,23.41,9.96,Thiruvananthapuram,Kerala
3036,3036,85.62,21.55,5.63,Coimbatore,Tamil Nadu
3037,3037,143.41,21.44,2.44,Kolkata,West Bengal
3038,3038,124.45,24.42,5.41,Chennai,Tamil Nadu
3039,3039,219.98,22.48,9.26,Chandigarh,Chandigarh
3040,3040,273.99,49.81,5.47,Bengaluru,Karnataka
3041,3041,55.44,26.82,4.55,Chandigarh,Chandigarh
3042,3042,255.59,53.68,6.52,Surat,Gujarat
3043,3043,130.11,47.57,2.94,Lucknow,Uttar Pradesh
3044,3044,210.52,62.53,7.62,Hyderabad,Telangana
3045,3045,291.66,59.9,3.48,Siliguri,West Bengal
3046,3046,88.16,63.91,6.16,Warangal,Telangana
3047,3047,257.72,28.45,7.18,Kanpur,Uttar Pradesh
3048,3048,279.14,45.23,5.81,Indore,Madhya Pradesh
3049,3049,283.88,43.28,6.36,Shimla,Himachal Pradesh
3050,3050,257.69,36.64,9.74,Lucknow,Uttar Pradesh
3051,3051,176.34,29.37,7.2,New Delhi,Delhi
3052,3052,271.88,46.48,5.81,Nashik,Maharashtra
3053,3053,159.3,40.67,4.71,Pune,Maharashtra
3054,3054,187.29,43.67,4.39,Guwahati,Assam
3055,3055,243.93,54.91,4.22,Coimbatore,Tamil Nadu
3056,3056,191.96,35.92,6.31,Bhopal,Madhya Pradesh
3057,3057,261.87,57.02,6.48,Pune,Maharashtra
3058,3058,72.8,40.75,3.47,Thiruvananthapuram,Kerala
3059,3059,293.84,32.47,2.86,Ahmedabad,Gujarat
3060,3060,170.14,43.6,4.08,Patna,Bihar
3061,3061,118.43,53.59,5.83,New Delhi,Delhi
3062,3062,160.33,46.7,5.26,Guwahati,Assam
3063,3063,196.05,59.54,2.62,Chandigarh,Chandigarh
3064,3064,98.32,51.43,5.51,Kochi,Kerala
3065,3065,174.33,72.42,9.59,Nagpur,Maharashtra
3066,3066,268.72,60.04,6.04,Delhi,Delhi
3067,3067,159.52,62.87,4.26,Siliguri,West Bengal
3068,3068,287.91,39.83,7.62,Surat,Gujarat
3069,3069,167.67,78.07,5.23,Surat,Gujarat
3070,3070,255.73,44.32,4.09,Bhubaneswar,Odisha
3071,3071,132.61,51.88,5.24,Kanpur,Uttar Pradesh
3072,3072,242.97,40.77,2.69,Mumbai,Maharashtra
3073,3073,123.27,24.3,8.87,Ahmedabad,Gujarat
3074,3074,207.16,50.11,8.73,Bengaluru,Karnataka
3075,3075,182.91,69.85,5.44,Warangal,Telangana
3076,3076,128.73,26.48,7.11,Patna,Bihar
3077,3077,259.53,68.47,8.27,Ahmedabad,Gujarat
3078,3078,173.54,67.99,7.9,Indore,Madhya Pradesh
3079,3079,203.52,47.79,2.86,Mumbai,Maharashtra
3080,3080,142.4,72.02,3.47,Siliguri,West Bengal
3081,3081,69.46,28.02,9.96,Kolkata,West Bengal
3082,3082,133.71,61.3,9.48,Siliguri,West Bengal
3083,3083,229.57,53.67,9.73,Kolkata,West Bengal
3084,3084,279.9,26.88,6.34,Chennai,Tamil Nadu
3085,3085,51.42,68.97,3.27,Udaipur,Rajasthan
3086,3086,229.15,24.95,7.22,Ranchi,Jharkhand
3087,3087,64.97,24.94,4.22,Delhi,Delhi
3088,3088,57.97,65.89,6.27,Udaipur,Rajasthan
3089,3089,293.44,38.9,8.83,Nashik,Maharashtra
3090,3090,161.66,49.15,4.32,Kochi,Kerala
3091,3091,87.42,30.83,9.07,Thiruvananthapuram,Kerala
3092,3092,97.06,79.66,7.65,Dehradun,Uttarakhand
3093,3093,187.45,69.4,3.93,Lucknow,Uttar Pradesh
3094,3094,195.04,63.58,4.1,Coimbatore,Tamil Nadu
3095,3095,139.58,50.78,2.08,New Delhi,Delhi
3096,3096,147.51,50.96,8.03,Chennai,Tamil Nadu
3097,3097,84.55,78.83,5.63,Kochi,Kerala
3098,3098,177.62,65.42,5.42,Ahmedabad,Gujarat
3099,3099,76.76,58.87,5.73,Bhubaneswar,Odisha
3100,3100,114.86,37.93,8.79,Warangal,Telangana
3101,3101,136.92,52.51,6.92,Ranchi,Jharkhand
3102,3102,200.47,42.78,9.44,Kochi,Kerala
3103,3103,193.42,48.04,3.59,Bhopal,Madhya Pradesh
3104,3104,254.09,28.82,8.76,Bhubaneswar,Odisha
3105,3105,151.37,79.09,6.02,New Delhi,Delhi
3106,3106,94.36,36.06,8.07,Indore,Madhya Pradesh
3107,3107,276.98,78.19,2.66,Surat,Gujarat
3108,3108,249.17,61.24,2.34,Delhi,Delhi
3109,3109,164.63,55.15,7.48,Siliguri,West Bengal
3110,3110,197.22,25.52,2.64,Udaipur,Rajasthan
3111,3111,59.52,77.45,2.59,Bhubaneswar,Odisha
3112,3112,296.93,58.73,6.06,Ranchi,Jharkhand
3113,3113,102.55,50.58,2.26,New Delhi,Delhi
3114,3114,260.05,62.9,7.35,Coimbatore,Tamil Nadu
3115,3115,299.06,49.31,2.01,Surat,Gujarat
3116,3116,174.54,42.31,6.92,Ahmedabad,Gujarat
3117,3117,101.41,29.51,7.8,Kochi,Kerala
3118,3118,168.95,37.22,8.98,Chandigarh,Chandigarh
3119,3119,109.96,45.57,9.64,Warangal,Telangana
3120,3120,155.55,79.79,3.75,Hyderabad,Telangana
3121,3121,254.26,79.35,3.12,Chandigarh,Chandigarh
3122,3122,186.19,59.84,4.83,Mysuru,Karnataka
3123,3123,110.68,62.92,9.67,Lucknow,Uttar Pradesh
3124,3124,109.03,64.82,6.38,Patna,Bihar
3125,3125,69.29,45.37,7.95,Mumbai,Maharashtra
3126,3126,200.63,56.77,6.36,Shimla,Himachal Pradesh
3127,3127,117.86,25.59,3.09,Dehradun,Uttarakhand
3128,3128,87.31,77.16,4.93,Chennai,Tamil Nadu
3129,3129,233.86,30.1,3.65,Delhi,Delhi
3130,3130,185.86,36.03,3.02,Dehradun,Uttarakhand
3131,3131,166.84,59.78,5.6,Chandigarh,Chandigarh
3132,3132,164.32,69.9,7.63,Chandigarh,Chandigarh
3133,3133,260.41,38.01,9.18,Bengaluru,Karnataka
3134,3134,125.11,69.54,5.75,Patna,Bihar
3135,3135,67.35,33.83,2.88,Bhubaneswar,Odisha
3136,3136,250.1,70.03,3.69,Ahmedabad,Gujarat
3137,3137,82.63,29.44,8.43,Kolkata,West Bengal
3138,3138,200.35,68.14,9.09,Pune,Maharashtra
3139,3139,291.6,51.7,4.97,Ahmedabad,Gujarat
3140,3140,227.19,68.45,8.4,Patna,Bihar
3141,3141,98.09,40.77,7.43,Chandigarh,Chandigarh
3142,3142,83.81,31.42,3.5,Kanpur,Uttar Pradesh
3143,3143,137.49,70.31,5.93,Pune,Maharashtra
3144,3144,201.49,43.33,3.47,Bengaluru,Karnataka
3145,3145,93.25,52.99,5.51,Guwahati,Assam
3146,3146,282.34,50.98,8.73,Thiruvananthapuram,Kerala
3147,3147,172.15,46.08,5.31,Nashik,Maharashtra
3148,3148,192.28,49.62,5.03,Guwahati,Assam
3149,3149,194.7,57.23,7.83,Hyderabad,Telangana
3150,3150,190.8,44.28,7.04,Nagpur,Maharashtra
3151,3151,105.16,59.73,7.69,Guwahati,Assam
3152,3152,153.51,31.33,4.67,Coimbatore,Tamil Nadu
3153,3153,93.04,73.38,8.9,Guwahati,Assam
3154,3154,51.34,22.65,2.03,Udaipur,Rajasthan
3155,3155,94.7,79.29,4.87,Kanpur,Uttar Pradesh
3156,3156,237.45,22.55,6.69,Siliguri,West Bengal
3157,3157,145.87,65.98,6.23,Shimla,Himachal Pradesh
3158,3158,122.87,42.98,8.79,Chandigarh,Chandigarh
3159,3159,258.95,20.93,2.74,Indore,Madhya Pradesh
3160,3160,265.83,30.88,8.47,Guwahati,Assam
3161,3161,274.23,56.83,2.8,Kochi,Kerala
3162,3162,276.14,31.49,2.35,Thiruvananthapuram,Kerala
3163,3163,154.68,23.5,5.22,Chennai,Tamil Nadu
3164,3164,165.51,45.78,2.31,Ahmedabad,Gujarat
3165,3165,287.04,31.81,5.4,Ranchi,Jharkhand
3166,3166,257.29,40.9,3.23,Coimbatore,Tamil Nadu
3167,3167,274.93,40.42,5.15,Mumbai,Maharashtra
3168,3168,81.66,47.78,8.68,Nashik,Maharashtra
3169,3169,283.29,61.7,4.8,Kolkata,West Bengal
3170,3170,278.72,59.66,9.55,Ranchi,Jharkhand
3171,3171,244.48,58.14,4.51,Shimla,Himachal Pradesh
3172,3172,145.4,44.94,5.73,Bhubaneswar,Odisha
3173,3173,152.93,71.42,2.96,Delhi,Delhi
3174,3174,228.57,38.3,2.14,Indore,Madhya Pradesh
3175,3175,259.22,26.58,8.08,Jaipur,Rajasthan
3176,3176,115.77,46.84,4.17,Udaipur,Rajasthan
3177,3177,54.31,48.48,6.06,Bhopal,Madhya Pradesh
3178,3178,97.62,30.83,4.6,Siliguri,West Bengal
3179,3179,105.8,45.65,8.16,Kochi,Kerala
3180,3180,210.55,28.48,9.97,Bhopal,Madhya Pradesh
3181,3181,117.14,22.66,4.74,Delhi,Delhi
3182,3182,167.68,44.29,5.69,Patna,Bihar
3183,3183,299.67,46.23,2.34,Hyderabad,Telangana
3184,3184,58.93,73.23,6.79,Pune,Maharashtra
3185,3185,182.42,42.87,7.15,Chandigarh,Chandigarh
3186,3186,174.89,65.13,6.99,Pune,Maharashtra
3187,3187,289.27,50.49,6.62,Pune,Maharashtra
3188,3188,64.02,43.69,6.71,Guwahati,Assam
3189,3189,290.95,73.72,2.69,Thiruvananthapuram,Kerala
3190,3190,292.54,40.86,4.81,Dehradun,Uttarakhand
3191,3191,212.12,50.2,4.96,Ahmedabad,Gujarat
3192,3192,165.23,25.91,7.52,Hyderabad,Telangana
3193,3193,177.24,65.74,7.88,Jaipur,Rajasthan
3194,3194,284.43,49.47,7.32,Nashik,Maharashtra
3195,3195,118.65,43.29,9.46,Bengaluru,Karnataka
3196,3196,54.13,60.06,7.05,Ranchi,Jharkhand
3197,3197,111.14,42.01,9.9,Bhopal,Madhya Pradesh
3198,3198,263.15,52.95,4.47,Kochi,Kerala
3199,3199,90.21,44.18,4.24,Hyderabad,Telangana
3200,3200,163.39,23.94,8.89,Jaipur,Rajasthan
3201,3201,112.4,70.46,5.9,Surat,Gujarat
3202,3202,66.69,45.33,3.54,Nashik,Maharashtra
3203,3203,136.5,67.4,8.61,Pune,Maharashtra
3204,3204,70.73,48.38,3.86,Bhopal,Madhya Pradesh
3205,3205,183.5,72.7,3.32,New Delhi,Delhi
3206,3206,166.97,45.1,8.2,Lucknow,Uttar Pradesh
3207,3207,158.57,21.32,2.93,Kochi,Kerala
3208,3208,204.06,43.29,6.89,Chennai,Tamil Nadu
3209,3209,146.06,71.83,2.8,Nagpur,Maharashtra
3210,3210,187.66,27.78,2.7,Lucknow,Uttar Pradesh
3211,3211,296.75,38.79,5.45,Chennai,Tamil Nadu
3212,3212,140.26,68.53,2.18,Mysuru,Karnataka
3213,3213,130.44,79.32,7.53,Ranchi,Jharkhand
3214,3214,78.22,35.71,8.92,Ahmedabad,Gujarat
3215,3215,175.4,55.5,9.91,Warangal,Telangana
3216,3216,179,44.26,7.27,Nagpur,Maharashtra
3217,3217,211.7,52.73,3.74,Indore,Madhya Pradesh
3218,3218,214.9,67.92,9.68,Jaipur,Rajasthan
3219,3219,216.88,30.17,2.23,Warangal,Telangana
3220,3220,134.58,40.59,8.19,Mysuru,Karnataka
3221,3221,52.71,67.99,4.8,Siliguri,West Bengal
3222,3222,215.97,62.48,8.22,Siliguri,West Bengal
3223,3223,151.43,79.15,3.96,Patna,Bihar
3224,3224,204.28,63.14,8.9,Siliguri,West Bengal
3225,3225,260.7,37.42,6.46,Chandigarh,Chandigarh
3226,3226,280.33,73.62,8.67,Bhubaneswar,Odisha
3227,3227,160.16,79.31,9.49,Shimla,Himachal Pradesh
3228,3228,176.52,32.58,2.38,Lucknow,Uttar Pradesh
3229,3229,84.42,77.44,2.63,Siliguri,West Bengal
3230,3230,146.53,48.43,9.19,Kolkata,West Bengal
3231,3231,162.98,25.63,2.05,Nagpur,Maharashtra
3232,3232,60.86,23.2,9.33,Mysuru,Karnataka
3233,3233,159.19,49.89,4.55,Siliguri,West Bengal
3234,3234,76.37,57.6,2.53,Indore,Madhya Pradesh
3235,3235,209.71,20.35,8.34,Warangal,Telangana
3236,3236,237.92,72.59,2.72,Patna,Bihar
3237,3237,64.75,70.29,7.11,Kanpur,Uttar Pradesh
3238,3238,119.07,52.85,2.15,Nashik,Maharashtra
3239,3239,69.92,63.6,9.18,Indore,Madhya Pradesh
3240,3240,77.24,59.63,6.47,Mumbai,Maharashtra
3241,3241,195.06,47.96,5.94,Pune,Maharashtra
3242,3242,116.64,34.99,5.59,Bhubaneswar,Odisha
3243,3243,287.64,39.34,2.6,Dehradun,Uttarakhand
3244,3244,156.57,54.4,2.79,Chennai,Tamil Nadu
3245,3245,101.59,43.83,4.63,Ranchi,Jharkhand
3246,3246,127.39,73.04,9.44,Chandigarh,Chandigarh
3247,3247,122.88,47.68,9.96,New Delhi,Delhi
3248,3248,200.81,61.84,6.87,Indore,Madhya Pradesh
3249,3249,266.43,67.3,3.78,New Delhi,Delhi
3250,3250,260.7,42.55,5.38,Bhopal,Madhya Pradesh
3251,3251,183.67,68.2,6.65,Indore,Madhya Pradesh
3252,3252,83.9,44.19,7.47,Chennai,Tamil Nadu
3253,3253,146.26,70.75,8.75,Kolkata,West Bengal
3254,3254,232.18,78.69,8.95,Guwahati,Assam
3255,3255,218.77,50.14,7.07,Thiruvananthapuram,Kerala
3256,3256,138.77,75.21,8.33,Bhopal,Madhya Pradesh
3257,3257,142.79,55.83,5.54,Indore,Madhya Pradesh
3258,3258,200.12,74.58,5.92,Delhi,Delhi
3259,3259,103.49,59.92,8.45,Patna,Bihar
3260,3260,59.81,47.74,2.27,Ranchi,Jharkhand
3261,3261,181.12,31.53,7.85,Chandigarh,Chandigarh
3262,3262,108.75,74.05,6.53,Mumbai,Maharashtra
3263,3263,166.91,36.95,2.75,Surat,Gujarat
3264,3264,158.5,53.74,5.23,Bhopal,Madhya Pradesh
3265,3265,162.2,46.81,7.16,Udaipur,Rajasthan
3266,3266,115.38,44.16,7.95,Surat,Gujarat
3267,3267,88.85,78.38,9.96,Coimbatore,Tamil Nadu
3268,3268,83.82,34.91,2.02,Bhopal,Madhya Pradesh
3269,3269,178.49,46.33,6.48,Coimbatore,Tamil Nadu
3270,3270,249.73,50.48,9.1,Chandigarh,Chandigarh
3271,3271,295.8,66.54,9.54,Coimbatore,Tamil Nadu
3272,3272,133.42,65.11,8.54,Dehradun,Uttarakhand
3273,3273,204.62,33.08,6.1,Ranchi,Jharkhand
3274,3274,174.54,61.02,5.51,Nagpur,Maharashtra
3275,3275,258.13,60.34,8.27,Delhi,Delhi
3276,3276,154.36,31.31,7.3,Bhubaneswar,Odisha
3277,3277,136.45,36.92,8.18,Guwahati,Assam
3278,3278,206.16,53.78,5.94,Kochi,Kerala
3279,3279,50.76,52.76,9.12,Surat,Gujarat
3280,3280,172,26.71,5.52,Kochi,Kerala
3281,3281,123.29,51.71,4.53,Thiruvananthapuram,Kerala
3282,3282,109.9,32.12,4.99,Coimbatore,Tamil Nadu
3283,3283,292.48,35.04,5.34,Hyderabad,Telangana
3284,3284,207.79,66.76,8.18,Kanpur,Uttar Pradesh
3285,3285,94.62,20.65,6.85,Ahmedabad,Gujarat
3286,3286,189.91,49.55,2.67,Jaipur,Rajasthan
3287,3287,85.67,26.06,9,Mysuru,Karnataka
3288,3288,155.96,23.71,7.42,Siliguri,West Bengal
3289,3289,177.7,27.13,2.89,Mysuru,Karnataka
3290,3290,246.51,62.95,6.58,Coimbatore,Tamil Nadu
3291,3291,229.11,22.7,8.48,Delhi,Delhi
3292,3292,87.46,24.73,2.84,Udaipur,Rajasthan
3293,3293,58.09,22.1,9.35,Indore,Madhya Pradesh
3294,3294,77.25,75.41,2.72,Patna,Bihar
3295,3295,123.84,76.3,5.86,Udaipur,Rajasthan
3296,3296,277.82,36.73,8.68,Warangal,Telangana
3297,3297,141.05,39.66,8.45,Mysuru,Karnataka
3298,3298,289.58,71.56,9.47,Bhopal,Madhya Pradesh
3299,3299,141.04,24.5,8.35,Ahmedabad,Gujarat
3300,3300,236.5,25.23,7.25,Bhopal,Madhya Pradesh
3301,3301,98.35,61.42,5.05,Chennai,Tamil Nadu
3302,3302,178.13,62.9,6.07,Patna,Bihar
3303,3303,54.77,46.79,4.36,Chennai,Tamil Nadu
3304,3304,131.39,73.96,4.54,Siliguri,West Bengal
3305,3305,66.08,54,5.31,Hyderabad,Telangana
3306,3306,149.4,47.66,8.46,Kanpur,Uttar Pradesh
3307,3307,203.33,70.65,7,New Delhi,Delhi
3308,3308,171.36,57.5,8.58,Indore,Madhya Pradesh
3309,3309,116.19,38.54,4.74,Thiruvananthapuram,Kerala
3310,3310,287.06,36.53,9.49,Dehradun,Uttarakhand
3311,3311,242.72,23.89,8.56,Patna,Bihar
3312,3312,136.52,21.47,2.14,Ranchi,Jharkhand
3313,3313,99.08,41.07,8.06,Bhopal,Madhya Pradesh
3314,3314,59.82,73.23,9.51,Mysuru,Karnataka
3315,3315,200.26,35.45,7.85,Chennai,Tamil Nadu
3316,3316,74.58,74.25,3.16,Chandigarh,Chandigarh
3317,3317,71.45,22.07,6.95,Nagpur,Maharashtra
3318,3318,266.41,45.76,9.63,Mysuru,Karnataka
3319,3319,294.81,34.13,6.13,Indore,Madhya Pradesh
3320,3320,227.83,63.97,6.49,Thiruvananthapuram,Kerala
3321,3321,211.78,41.74,9.44,New Delhi,Delhi
3322,3322,298.45,71.53,3.91,Lucknow,Uttar Pradesh
3323,3323,214.7,69.09,8.41,Bengaluru,Karnataka
3324,3324,129.46,79.8,3.07,Siliguri,West Bengal
3325,3325,140.33,64.81,2.96,Siliguri,West Bengal
3326,3326,227.07,78.72,7.95,Thiruvananthapuram,Kerala
3327,3327,177.72,64.64,8.18,Chandigarh,Chandigarh
3328,3328,270.95,45.66,8.97,Patna,Bihar
3329,3329,178.08,74.69,9.94,Guwahati,Assam
3330,3330,117.06,26.96,5.95,Patna,Bihar
3331,3331,173.39,44,7.46,Coimbatore,Tamil Nadu
3332,3332,51.97,57.21,2.68,Kolkata,West Bengal
3333,3333,85.16,76.93,8.94,Kolkata,West Bengal
3334,3334,107.1,78.98,4.61,Warangal,Telangana
3335,3335,112.23,32.57,3.65,Patna,Bihar
3336,3336,111.81,45.91,7.69,Kanpur,Uttar Pradesh
3337,3337,229.88,63.1,9.85,Mysuru,Karnataka
3338,3338,242.86,63.12,9.98,Bengaluru,Karnataka
3339,3339,193.63,26.21,8.35,Thiruvananthapuram,Kerala
3340,3340,72.51,69.96,6.4,Udaipur,Rajasthan
3341,3341,69.38,59.03,4.32,Indore,Madhya Pradesh
3342,3342,186.85,68.77,2.77,Mysuru,Karnataka
3343,3343,143.85,55.87,2.03,Delhi,Delhi
3344,3344,263.32,37.09,8.93,Nagpur,Maharashtra
3345,3345,269.54,28.49,7.73,Chennai,Tamil Nadu
3346,3346,276.55,77.48,4.02,Warangal,Telangana
3347,3347,99.99,79.1,6.45,Jaipur,Rajasthan
3348,3348,148.19,64.77,3.27,Guwahati,Assam
3349,3349,76.01,40.54,3.09,Bengaluru,Karnataka
3350,3350,285.35,52.49,5.81,Ranchi,Jharkhand
3351,3351,119.38,47.94,7.57,Lucknow,Uttar Pradesh
3352,3352,156.06,32.89,4.15,Surat,Gujarat
3353,3353,136.05,55.17,7.34,Mumbai,Maharashtra
3354,3354,146.68,39.3,8.05,Shimla,Himachal Pradesh
3355,3355,94.15,34.8,3.03,Mysuru,Karnataka
3356,3356,258.96,59.77,8.04,Dehradun,Uttarakhand
3357,3357,231.72,27.12,9.6,Bhopal,Madhya Pradesh
3358,3358,129.81,20.31,6.4,Jaipur,Rajasthan
3359,3359,170.71,75.33,4.11,Warangal,Telangana
3360,3360,229.25,67.05,7.95,Kolkata,West Bengal
3361,3361,56.9,45.68,3.42,Mysuru,Karnataka
3362,3362,75.88,45.73,3.39,Pune,Maharashtra
3363,3363,125.19,59.56,5.59,Udaipur,Rajasthan
3364,3364,114.76,71.95,6.38,Jaipur,Rajasthan
3365,3365,91.25,51.08,6.68,Pune,Maharashtra
3366,3366,157.41,40.91,9.41,Patna,Bihar
3367,3367,51.45,65.09,6.4,Warangal,Telangana
3368,3368,265.02,53.58,2.38,Ranchi,Jharkhand
3369,3369,55.33,48.44,6.02,Dehradun,Uttarakhand
3370,3370,198.49,50.87,3.46,Shimla,Himachal Pradesh
3371,3371,195.07,27.76,3.42,Jaipur,Rajasthan
3372,3372,50.98,62.2,6.75,Hyderabad,Telangana
3373,3373,98.88,40.73,4.07,Hyderabad,Telangana
3374,3374,102.89,63.79,5.92,Shimla,Himachal Pradesh
3375,3375,196.87,77.56,2.09,Chennai,Tamil Nadu
3376,3376,71.73,20.93,7.38,Surat,Gujarat
3377,3377,92.34,55.86,9.4,Indore,Madhya Pradesh
3378,3378,260.98,70.25,6.58,Surat,Gujarat
3379,3379,133.24,56.74,8.47,Mysuru,Karnataka
3380,3380,282.09,30.13,8.32,Dehradun,Uttarakhand
3381,3381,94.55,30.24,2.39,Indore,Madhya Pradesh
3382,3382,263.92,48.07,7.13,Mysuru,Karnataka
3383,3383,108.24,66.33,2.83,Kochi,Kerala
3384,3384,246.74,22.95,5.04,Nagpur,Maharashtra
3385,3385,87.11,42.87,6.05,Patna,Bihar
3386,3386,255.46,29.7,7.4,Ahmedabad,Gujarat
3387,3387,79.27,41.49,8.25,Warangal,Telangana
3388,3388,211.53,50.61,9.33,Kolkata,West Bengal
3389,3389,55.38,54.35,6.99,New Delhi,Delhi
3390,3390,291.68,37.39,4.25,Chandigarh,Chandigarh
3391,3391,75.7,46.52,4.99,Kanpur,Uttar Pradesh
3392,3392,108.68,37.74,9.37,Surat,Gujarat
3393,3393,112.03,27.55,4.75,Lucknow,Uttar Pradesh
3394,3394,238.71,28.76,6.82,Mumbai,Maharashtra
3395,3395,176.53,51.27,3.63,Ranchi,Jharkhand
3396,3396,224.66,79.15,9.45,Kanpur,Uttar Pradesh
3397,3397,185.24,59.62,7.03,Kanpur,Uttar Pradesh
3398,3398,133.8,78.67,9.96,Nashik,Maharashtra
3399,3399,252.36,63.93,6.54,Pune,Maharashtra
3400,3400,218.29,75.39,6.76,Nagpur,Maharashtra
3401,3401,250.8,24.9,6.65,Indore,Madhya Pradesh
3402,3402,217.88,59.3,2.41,Surat,Gujarat
3403,3403,296.22,56.01,2.67,Mumbai,Maharashtra
3404,3404,108.05,31.32,5.21,Mysuru,Karnataka
3405,3405,275.68,57.44,2.92,Nashik,Maharashtra
3406,3406,94.89,35.94,9.66,Nagpur,Maharashtra
3407,3407,143.21,51.98,7.77,Chandigarh,Chandigarh
3408,3408,155.12,69.08,2.88,Dehradun,Uttarakhand
3409,3409,216.68,52.52,2.45,Bengaluru,Karnataka
3410,3410,66.07,38.23,8.87,Pune,Maharashtra
3411,3411,78.11,74,6.18,Guwahati,Assam
3412,3412,202.95,55.84,9.16,Nagpur,Maharashtra
3413,3413,231.3,43.18,7.37,Bhopal,Madhya Pradesh
3414,3414,79.4,32.32,5.15,Patna,Bihar
3415,3415,155.76,52.92,4.23,Pune,Maharashtra
3416,3416,104.5,47.03,4.11,Warangal,Telangana
3417,3417,224.99,54.01,2.46,Lucknow,Uttar Pradesh
3418,3418,256.44,20.29,5.28,New Delhi,Delhi
3419,3419,95.29,70.26,3.88,Bhubaneswar,Odisha
3420,3420,136.83,35.93,9.36,Mysuru,Karnataka
3421,3421,70.07,50.83,7,Shimla,Himachal Pradesh
3422,3422,210.43,49.23,7.23,Pune,Maharashtra
3423,3423,264.68,23.9,5.6,Udaipur,Rajasthan
3424,3424,136.59,72.35,5.21,Thiruvananthapuram,Kerala
3425,3425,273.13,73.89,4.16,Shimla,Himachal Pradesh
3426,3426,183.46,55.67,2.23,Delhi,Delhi
3427,3427,204.25,22.96,2.37,Shimla,Himachal Pradesh
3428,3428,58.36,20.34,6.69,Lucknow,Uttar Pradesh
3429,3429,203.31,25.6,6.29,Siliguri,West Bengal
3430,3430,97.05,78.29,9.16,Pune,Maharashtra
3431,3431,149.39,55.35,8.07,Thiruvananthapuram,Kerala
3432,3432,249.81,37.28,8.1,Lucknow,Uttar Pradesh
3433,3433,226.9,46.82,2.02,Ranchi,Jharkhand
3434,3434,213.87,45.84,2.16,Hyderabad,Telangana
3435,3435,65.05,46.84,2.46,Thiruvananthapuram,Kerala
3436,3436,160.4,42.55,2.78,Warangal,Telangana
3437,3437,201.33,69.78,2.2,Ahmedabad,Gujarat
3438,3438,132.04,63.46,4.31,Kochi,Kerala
3439,3439,138.47,41.44,6.26,Indore,Madhya Pradesh
3440,3440,71.27,41.86,8.74,Udaipur,Rajasthan
3441,3441,146.3,63.01,4.05,Pune,Maharashtra
3442,3442,113.94,47.73,6.08,Guwahati,Assam
3443,3443,242.24,44.62,6.39,Lucknow,Uttar Pradesh
3444,3444,51.81,57.66,8.38,Kanpur,Uttar Pradesh
3445,3445,298.31,62.3,7.37,Shimla,Himachal Pradesh
3446,3446,64.73,55.89,2.32,Siliguri,West Bengal
3447,3447,55.72,57.65,6.2,Siliguri,West Bengal
3448,3448,234.65,27.71,9.72,Patna,Bihar
3449,3449,131.77,75.06,6.35,Kanpur,Uttar Pradesh
3450,3450,211.71,63,6.98,Warangal,Telangana
3451,3451,91.35,46.39,5.35,Shimla,Himachal Pradesh
3452,3452,262.82,52.73,5.6,Warangal,Telangana
3453,3453,127.76,35.8,5.75,Mumbai,Maharashtra
3454,3454,65.27,72.19,9.54,Bhopal,Madhya Pradesh
3455,3455,202.07,72.9,4.52,Indore,Madhya Pradesh
3456,3456,95.91,35.4,9,Kanpur,Uttar Pradesh
3457,3457,249.36,46.43,7.32,Pune,Maharashtra
3458,3458,71.93,43.46,4.03,Nashik,Maharashtra
3459,3459,292.58,24,8.64,Ahmedabad,Gujarat
3460,3460,57.01,72.71,9.65,Indore,Madhya Pradesh
3461,3461,125.88,58.69,4.49,Bhopal,Madhya Pradesh
3462,3462,92.49,64.61,4.99,Bhubaneswar,Odisha
3463,3463,155.25,34.77,9.23,Kochi,Kerala
3464,3464,254.17,77.05,7.92,Thiruvananthapuram,Kerala
3465,3465,164.37,44.22,7.94,Indore,Madhya Pradesh
3466,3466,139.16,29.1,4.05,Surat,Gujarat
3467,3467,95.43,78.04,3.92,Thiruvananthapuram,Kerala
3468,3468,170.2,55.62,2.07,Mysuru,Karnataka
3469,3469,245.9,23.94,9.98,Udaipur,Rajasthan
3470,3470,142.19,23.5,5.78,Mumbai,Maharashtra
3471,3471,158.89,39.64,7.4,Kolkata,West Bengal
3472,3472,233.73,22.93,2.82,Mysuru,Karnataka
3473,3473,297.95,47.57,8.11,Surat,Gujarat
3474,3474,153.78,32.38,9.26,Ranchi,Jharkhand
3475,3475,139.53,74.22,2.01,Udaipur,Rajasthan
3476,3476,299.35,77.49,3.39,Jaipur,Rajasthan
3477,3477,135.83,50.3,8.7,Kolkata,West Bengal
3478,3478,81.79,78.19,2.79,Kanpur,Uttar Pradesh
3479,3479,213.92,35.6,3.09,Shimla,Himachal Pradesh
3480,3480,280.11,72.93,2.66,Patna,Bihar
3481,3481,103.46,58.77,8.78,Indore,Madhya Pradesh
3482,3482,62.88,39.46,9.34,Bhubaneswar,Odisha
3483,3483,60.77,69.8,8.95,Mysuru,Karnataka
3484,3484,167.76,38.53,8.25,Surat,Gujarat
3485,3485,186.14,66.26,7.75,Mysuru,Karnataka
3486,3486,105.02,26.79,2.62,Thiruvananthapuram,Kerala
3487,3487,123.75,50.43,4.59,Patna,Bihar
3488,3488,94.43,70.42,7.91,Thiruvananthapuram,Kerala
3489,3489,134.87,61.19,8.21,Nashik,Maharashtra
3490,3490,185.73,76,3.89,Mumbai,Maharashtra
3491,3491,121.92,29.04,4.76,Chennai,Tamil Nadu
3492,3492,113.35,77.07,5.73,Delhi,Delhi
3493,3493,144.55,31.65,6.89,Mumbai,Maharashtra
3494,3494,101.87,27.95,2.77,Shimla,Himachal Pradesh
3495,3495,166.59,25.74,3.25,Mumbai,Maharashtra
3496,3496,257.95,69.42,9.03,Lucknow,Uttar Pradesh
3497,3497,134.05,35.77,8.5,Ranchi,Jharkhand
3498,3498,274.42,76.88,8.03,Shimla,Himachal Pradesh
3499,3499,94.6,52.68,3.52,Udaipur,Rajasthan
3500,3500,122.59,71.29,2.62,Kolkata,West Bengal
3501,3501,198.22,38.25,9.95,Patna,Bihar
3502,3502,207.37,72.97,9.16,Patna,Bihar
3503,3503,281.98,65.31,5.01,Bengaluru,Karnataka
3504,3504,100.41,47.08,2.83,Ranchi,Jharkhand
3505,3505,80.71,28.18,3.83,New Delhi,Delhi
3506,3506,222.49,48.77,4.15,Patna,Bihar
3507,3507,135.2,40.67,8.9,Mysuru,Karnataka
3508,3508,102.05,20.35,9.48,Nashik,Maharashtra
3509,3509,123.14,30.7,3.85,Warangal,Telangana
3510,3510,72.89,79.48,4.49,Nagpur,Maharashtra
3511,3511,215.52,31.56,8.4,Warangal,Telangana
3512,3512,279.03,68.67,6.98,Guwahati,Assam
3513,3513,206.72,29.59,2.52,Guwahati,Assam
3514,3514,129.18,77.51,6.91,Kanpur,Uttar Pradesh
3515,3515,237.99,20.52,8.35,Coimbatore,Tamil Nadu
3516,3516,231.36,45.3,5.77,Coimbatore,Tamil Nadu
3517,3517,81.42,58.06,7.71,Jaipur,Rajasthan
3518,3518,231.92,25.61,9.36,Bhubaneswar,Odisha
3519,3519,68.79,24.67,6.9,Nagpur,Maharashtra
3520,3520,57.72,60.86,4.1,Warangal,Telangana
3521,3521,62.01,39.89,7.19,Bhopal,Madhya Pradesh
3522,3522,127.83,40.42,5.1,Lucknow,Uttar Pradesh
3523,3523,183.71,44.03,4.77,Siliguri,West Bengal
3524,3524,100.06,70.51,4.87,Surat,Gujarat
3525,3525,221.41,30.89,5.67,Ranchi,Jharkhand
3526,3526,256.51,74.35,7.9,Delhi,Delhi
3527,3527,91.63,67.35,3.45,Surat,Gujarat
3528,3528,182.2,52.66,9.43,Kolkata,West Bengal
3529,3529,243.24,44.55,8.54,Bengaluru,Karnataka
3530,3530,139.22,48.39,5.19,Guwahati,Assam
3531,3531,103.33,41.15,6.77,Mysuru,Karnataka
3532,3532,188.53,26,5.39,Ranchi,Jharkhand
3533,3533,91.55,59.37,4.36,Mumbai,Maharashtra
3534,3534,114.79,35.7,7.63,Warangal,Telangana
3535,3535,287.28,44.37,7.82,Nagpur,Maharashtra
3536,3536,219.76,47.93,7.45,Jaipur,Rajasthan
3537,3537,189.5,28.7,3.71,Guwahati,Assam
3538,3538,219.76,58.06,8.39,Lucknow,Uttar Pradesh
3539,3539,163.52,68.26,8.37,Surat,Gujarat
3540,3540,181.31,67.11,5.16,Kolkata,West Bengal
3541,3541,125.3,39.71,7.6,Ahmedabad,Gujarat
3542,3542,79.51,42.08,3.12,Lucknow,Uttar Pradesh
3543,3543,114.18,42.77,2.44,Nashik,Maharashtra
3544,3544,104.85,67.36,2.68,Guwahati,Assam
3545,3545,275.88,27.78,5.23,Patna,Bihar
3546,3546,215.78,26.92,8.13,Bhubaneswar,Odisha
3547,3547,233.34,41.1,4.11,Chennai,Tamil Nadu
3548,3548,274.08,63.46,8.23,Patna,Bihar
3549,3549,160.37,70.33,2.08,Thiruvananthapuram,Kerala
3550,3550,248.49,46.48,8.89,Kolkata,West Bengal
3551,3551,65.07,57.21,7.41,Guwahati,Assam
3552,3552,110.3,56.69,7.8,Indore,Madhya Pradesh
3553,3553,150.08,43.71,2.41,Thiruvananthapuram,Kerala
3554,3554,135.92,76.83,3.7,Bhopal,Madhya Pradesh
3555,3555,254.18,25.23,7.27,Dehradun,Uttarakhand
3556,3556,187.25,29.49,9.48,Patna,Bihar
3557,3557,177.52,63.27,9.07,Surat,Gujarat
3558,3558,53.29,34.17,6,Bhopal,Madhya Pradesh
3559,3559,134.93,41.79,5.13,Jaipur,Rajasthan
3560,3560,136.43,61.08,4.12,Thiruvananthapuram,Kerala
3561,3561,165.15,50.13,5.16,Delhi,Delhi
3562,3562,90.26,48.17,9.51,Surat,Gujarat
3563,3563,281.49,60.49,9,Ahmedabad,Gujarat
3564,3564,127.44,69.08,8.63,Nashik,Maharashtra
3565,3565,117.28,41.76,8.95,Coimbatore,Tamil Nadu
3566,3566,70.82,70.75,4.15,Bhopal,Madhya Pradesh
3567,3567,135.74,59.01,2.56,Guwahati,Assam
3568,3568,146.23,32.75,6.35,Dehradun,Uttarakhand
3569,3569,131.08,40.02,2.03,Mumbai,Maharashtra
3570,3570,213.86,28.39,9.26,Delhi,Delhi
3571,3571,189.96,32.27,3.03,Surat,Gujarat
3572,3572,289.91,72.56,3.96,Delhi,Delhi
3573,3573,55.95,53.95,3.22,Bhubaneswar,Odisha
3574,3574,87.88,22.37,7.74,Bhopal,Madhya Pradesh
3575,3575,269.24,68.56,5.41,Ranchi,Jharkhand
3576,3576,61.41,67.92,8.54,Mumbai,Maharashtra
3577,3577,267.7,32.08,6.38,Chennai,Tamil Nadu
3578,3578,144.54,44.53,4.32,Kolkata,West Bengal
3579,3579,216.56,55.9,9.91,Chandigarh,Chandigarh
3580,3580,171.93,39.66,8.82,Bhopal,Madhya Pradesh
3581,3581,96.32,59.94,6.78,Indore,Madhya Pradesh
3582,3582,232.68,28.47,3.74,Chennai,Tamil Nadu
3583,3583,279.16,23.11,3.29,Surat,Gujarat
3584,3584,113.12,79.75,5.45,Mysuru,Karnataka
3585,3585,147.21,54.89,5.72,Thiruvananthapuram,Kerala
3586,3586,168.89,39.7,5.48,Ranchi,Jharkhand
3587,3587,55.72,57.79,4.14,Chandigarh,Chandigarh
3588,3588,95.87,24.44,7.82,Mysuru,Karnataka
3589,3589,288.12,65.28,5.95,Guwahati,Assam
3590,3590,272.43,40.82,4.56,Siliguri,West Bengal
3591,3591,90.68,43.8,9.75,Shimla,Himachal Pradesh
3592,3592,269.81,41.11,2.01,Nagpur,Maharashtra
3593,3593,255.95,55.75,8.39,Shimla,Himachal Pradesh
3594,3594,138.16,51.37,3.67,Hyderabad,Telangana
3595,3595,63.45,29.54,9.88,Kochi,Kerala
3596,3596,245.43,54.6,9.69,Ahmedabad,Gujarat
3597,3597,248.33,69.58,7.07,Chennai,Tamil Nadu
3598,3598,269.12,50.33,6.23,Nagpur,Maharashtra
3599,3599,57.79,57.95,4.72,Pune,Maharashtra
3600,3600,182.56,37.11,4.49,Nagpur,Maharashtra
3601,3601,58,30.48,3.69,Udaipur,Rajasthan
3602,3602,75.8,35.28,9.57,Mumbai,Maharashtra
3603,3603,158.04,67.24,9.76,Guwahati,Assam
3604,3604,54.47,58.28,5.97,Kanpur,Uttar Pradesh
3605,3605,226.36,73.77,2.36,Dehradun,Uttarakhand
3606,3606,63.24,58.99,4.35,Siliguri,West Bengal
3607,3607,271.63,46.55,6.91,Shimla,Himachal Pradesh
3608,3608,200.53,46.57,7.87,Guwahati,Assam
3609,3609,61.79,35.76,4.96,New Delhi,Delhi
3610,3610,284.59,66.34,2.2,Nashik,Maharashtra
3611,3611,266.07,30.24,8.59,Chennai,Tamil Nadu
3612,3612,180.68,57.98,4.47,Udaipur,Rajasthan
3613,3613,174.86,26.27,2.05,Kanpur,Uttar Pradesh
3614,3614,171.99,54.58,4.79,Chandigarh,Chandigarh
3615,3615,130.82,76.47,6.88,Bhubaneswar,Odisha
3616,3616,83.45,26.88,7.17,Bhopal,Madhya Pradesh
3617,3617,207.97,54.94,7.03,Ranchi,Jharkhand
3618,3618,188.67,36.92,2.11,Surat,Gujarat
3619,3619,261.7,61.38,3.84,Bhubaneswar,Odisha
3620,3620,167.74,58.47,2.8,Siliguri,West Bengal
3621,3621,275.94,59.27,8.48,Ranchi,Jharkhand
3622,3622,241.79,73.41,4.42,Chandigarh,Chandigarh
3623,3623,269.85,79.99,5.92,Pune,Maharashtra
3624,3624,119.54,46.01,3.94,Thiruvananthapuram,Kerala
3625,3625,119.98,44.49,5,Bhubaneswar,Odisha
3626,3626,188.95,69.64,3.65,Mumbai,Maharashtra
3627,3627,75.33,37.79,5.18,Chandigarh,Chandigarh
3628,3628,73.6,44.29,6.14,Thiruvananthapuram,Kerala
3629,3629,297.64,28.3,2.57,Delhi,Delhi
3630,3630,79.42,51.33,4.41,Chennai,Tamil Nadu
3631,3631,128.63,58.29,4.18,Hyderabad,Telangana
3632,3632,93.32,25.27,2.98,Nashik,Maharashtra
3633,3633,56.77,59.48,8.43,Thiruvananthapuram,Kerala
3634,3634,223.41,67.1,6.57,Chandigarh,Chandigarh
3635,3635,117.47,23.19,2.72,Ranchi,Jharkhand
3636,3636,61.36,24.9,5.63,Lucknow,Uttar Pradesh
3637,3637,166.85,62.02,2.75,Kochi,Kerala
3638,3638,221.64,54.12,2.77,Hyderabad,Telangana
3639,3639,271.53,31.33,6.01,Guwahati,Assam
3640,3640,234.73,30.37,4.58,New Delhi,Delhi
3641,3641,115.66,66.78,8,Kanpur,Uttar Pradesh
3642,3642,237.36,22.59,3.44,New Delhi,Delhi
3643,3643,162.15,63.94,5.28,Indore,Madhya Pradesh
3644,3644,90.9,36.47,7.41,Coimbatore,Tamil Nadu
3645,3645,65.19,30.33,7,Coimbatore,Tamil Nadu
3646,3646,207.32,69.43,7.29,Thiruvananthapuram,Kerala
3647,3647,151.42,56.39,3.05,Jaipur,Rajasthan
3648,3648,170.95,61.94,6.57,Nagpur,Maharashtra
3649,3649,82.89,65.23,3.88,Ahmedabad,Gujarat
3650,3650,230.04,51.39,5.5,Shimla,Himachal Pradesh
3651,3651,177.19,44.61,7.54,Nagpur,Maharashtra
3652,3652,256.94,38.15,7.86,Kochi,Kerala
3653,3653,107.65,46.37,4.88,Mysuru,Karnataka
3654,3654,187.23,54.17,7.23,Indore,Madhya Pradesh
3655,3655,288.6,63.16,4.58,Chandigarh,Chandigarh
3656,3656,289.09,53.43,4.23,Thiruvananthapuram,Kerala
3657,3657,162.68,32.01,7.54,Mysuru,Karnataka
3658,3658,188.05,74.46,9.27,Ranchi,Jharkhand
3659,3659,77.2,72.52,9.05,Jaipur,Rajasthan
3660,3660,199.87,35.84,5.65,Nagpur,Maharashtra
3661,3661,136.55,73.74,7.06,Siliguri,West Bengal
3662,3662,150.2,58.28,8.69,Bhubaneswar,Odisha
3663,3663,55.27,52.39,8.4,Kanpur,Uttar Pradesh
3664,3664,112.28,51.05,2.09,New Delhi,Delhi
3665,3665,53.45,58.19,6.75,Chennai,Tamil Nadu
3666,3666,155.31,48.9,8.34,Chandigarh,Chandigarh
3667,3667,206.47,45.32,7.05,New Delhi,Delhi
3668,3668,51.19,28.85,3.45,Mumbai,Maharashtra
3669,3669,80.24,50.84,2.83,Siliguri,West Bengal
3670,3670,101.2,77.08,8.56,Indore,Madhya Pradesh
3671,3671,243.4,74.31,7.74,Shimla,Himachal Pradesh
3672,3672,106.91,49.69,3.8,Warangal,Telangana
3673,3673,84.55,24.28,8.15,Delhi,Delhi
3674,3674,262.41,50.95,6.45,Dehradun,Uttarakhand
3675,3675,113.57,52.6,7.19,Chennai,Tamil Nadu
3676,3676,185.49,60.16,9.93,Mysuru,Karnataka
3677,3677,103.65,77.33,3.02,Pune,Maharashtra
3678,3678,156.24,71.47,5.16,Bengaluru,Karnataka
3679,3679,70.27,50.5,2.75,Coimbatore,Tamil Nadu
3680,3680,99.2,76.2,9.26,Dehradun,Uttarakhand
3681,3681,210.79,46.77,8.02,Chandigarh,Chandigarh
3682,3682,228.92,60.86,3.43,Shimla,Himachal Pradesh
3683,3683,136.18,41.43,4.42,Kanpur,Uttar Pradesh
3684,3684,82.81,48.68,7.72,Hyderabad,Telangana
3685,3685,297.63,74.49,9.35,Kanpur,Uttar Pradesh
3686,3686,250.53,66.34,3.32,Surat,Gujarat
3687,3687,214.41,56.8,8.88,Indore,Madhya Pradesh
3688,3688,57.96,49.5,6.12,Hyderabad,Telangana
3689,3689,211.94,51.48,8.27,Mysuru,Karnataka
3690,3690,259.96,70.8,3.16,Jaipur,Rajasthan
3691,3691,237.94,73.31,9.92,Warangal,Telangana
3692,3692,214.69,69.84,8.25,Nashik,Maharashtra
3693,3693,50.49,77.05,5.9,Bengaluru,Karnataka
3694,3694,236.67,42.91,8.08,Delhi,Delhi
3695,3695,195.39,46.51,5.89,Pune,Maharashtra
3696,3696,231.8,74.7,4.54,Warangal,Telangana
3697,3697,106.57,39.94,3.78,Kanpur,Uttar Pradesh
3698,3698,174.7,78.21,9.73,Dehradun,Uttarakhand
3699,3699,111.66,63.4,9.94,Patna,Bihar
3700,3700,245.33,23.36,5.49,Indore,Madhya Pradesh
3701,3701,219.76,47.51,8.1,Bhubaneswar,Odisha
3702,3702,165.83,64.3,6.2,Delhi,Delhi
3703,3703,235.78,74.09,5.69,Indore,Madhya Pradesh
3704,3704,88.69,52.46,9.03,Bhopal,Madhya Pradesh
3705,3705,89.57,35.73,3.06,Chandigarh,Chandigarh
3706,3706,131.93,26.95,5.6,Chennai,Tamil Nadu
3707,3707,274.49,46.8,2.43,Chennai,Tamil Nadu
3708,3708,262.77,61.6,9.54,Kolkata,West Bengal
3709,3709,78.08,39.27,4.64,Chandigarh,Chandigarh
3710,3710,163.67,72.35,5.84,Ranchi,Jharkhand
3711,3711,77.97,73.4,5.63,Ahmedabad,Gujarat
3712,3712,266.62,35.63,6.84,Shimla,Himachal Pradesh
3713,3713,246.37,49.46,3,Bhubaneswar,Odisha
3714,3714,172.05,49.5,9.17,Mysuru,Karnataka
3715,3715,108.76,68.61,9.82,Patna,Bihar
3716,3716,104.78,60.58,2.02,Mysuru,Karnataka
3717,3717,190.01,33.46,2.97,Patna,Bihar
3718,3718,251.34,27.22,4.56,Kochi,Kerala
3719,3719,247.5,21.1,8.47,New Delhi,Delhi
3720,3720,63.69,70.41,6.08,Ahmedabad,Gujarat
3721,3721,97.59,42.15,3.65,Mysuru,Karnataka
3722,3722,160.26,33.2,3.21,Indore,Madhya Pradesh
3723,3723,249,21.73,8.2,Jaipur,Rajasthan
3724,3724,242.79,52.47,7.61,Mumbai,Maharashtra
3725,3725,107.07,61.65,7.14,Dehradun,Uttarakhand
3726,3726,268.69,48.86,2.31,Nagpur,Maharashtra
3727,3727,276.8,34.12,8.41,Warangal,Telangana
3728,3728,102.67,54.68,7.03,Ranchi,Jharkhand
3729,3729,94.63,36.59,5.43,Thiruvananthapuram,Kerala
3730,3730,190.45,74.64,9.26,Udaipur,Rajasthan
3731,3731,185.71,71.1,6.63,Dehradun,Uttarakhand
3732,3732,186.33,48.78,5.74,Mysuru,Karnataka
3733,3733,224.63,76.94,8,Chennai,Tamil Nadu
3734,3734,118.14,36.45,2.51,Coimbatore,Tamil Nadu
3735,3735,70.46,26.35,4.1,Kolkata,West Bengal
3736,3736,160.09,78.31,4.58,Kolkata,West Bengal
3737,3737,107.14,64.19,9.94,Patna,Bihar
3738,3738,181.36,28.13,6.03,Bhopal,Madhya Pradesh
3739,3739,263.57,20.99,3.29,Hyderabad,Telangana
3740,3740,281.87,75.47,3.44,Hyderabad,Telangana
3741,3741,89.56,61.23,8.74,Coimbatore,Tamil Nadu
3742,3742,171.79,77.58,9.77,Guwahati,Assam
3743,3743,110.35,71.92,7.61,Bengaluru,Karnataka
3744,3744,121.8,63.69,5.07,Shimla,Himachal Pradesh
3745,3745,185.53,45.08,5.51,Thiruvananthapuram,Kerala
3746,3746,248.66,46.35,5.72,Surat,Gujarat
3747,3747,77.4,54.31,7.6,Ranchi,Jharkhand
3748,3748,56.64,31.32,9.4,Jaipur,Rajasthan
3749,3749,279.64,39.88,9.25,Nashik,Maharashtra
3750,3750,274.15,65.11,6.91,Bhubaneswar,Odisha
3751,3751,114.89,58.8,9.64,Hyderabad,Telangana
3752,3752,73.46,61.7,8.05,Patna,Bihar
3753,3753,247.16,56.85,6.52,Delhi,Delhi
3754,3754,170.07,31.58,8.15,Dehradun,Uttarakhand
3755,3755,110.36,69.62,2.02,Guwahati,Assam
3756,3756,71.35,20.77,2.26,Shimla,Himachal Pradesh
3757,3757,185.11,78.36,2.94,Ranchi,Jharkhand
3758,3758,233.11,32.2,7.11,Thiruvananthapuram,Kerala
3759,3759,196.71,49.08,7.96,Delhi,Delhi
3760,3760,277.89,31.16,2.45,Patna,Bihar
3761,3761,206.12,33.85,7.39,Udaipur,Rajasthan
3762,3762,168.69,72.45,7.19,Pune,Maharashtra
3763,3763,116.27,61.61,7.81,Indore,Madhya Pradesh
3764,3764,242.18,74.73,9.58,Kanpur,Uttar Pradesh
3765,3765,179.67,49.66,6.8,Dehradun,Uttarakhand
3766,3766,122.54,67.82,8.53,Patna,Bihar
3767,3767,280.55,24.55,4.49,Nagpur,Maharashtra
3768,3768,281.35,53.48,5.59,Lucknow,Uttar Pradesh
3769,3769,81.42,20.34,8.17,Nagpur,Maharashtra
3770,3770,104.67,45.74,9.79,Ahmedabad,Gujarat
3771,3771,97.77,42.55,8.58,Shimla,Himachal Pradesh
3772,3772,129.29,63.23,8.85,Siliguri,West Bengal
3773,3773,277.99,52.68,6.14,Chandigarh,Chandigarh
3774,3774,190.93,56.01,3.41,Thiruvananthapuram,Kerala
3775,3775,94.04,24.95,3.29,Hyderabad,Telangana
3776,3776,104.31,67.88,9.71,Siliguri,West Bengal
3777,3777,141.34,48.7,2.27,Ranchi,Jharkhand
3778,3778,92.84,62.56,8.05,Udaipur,Rajasthan
3779,3779,201.96,31.52,5.35,Patna,Bihar
3780,3780,122.65,49.24,3.47,Kanpur,Uttar Pradesh
3781,3781,270.84,50,2.22,Udaipur,Rajasthan
3782,3782,266.74,41.29,7.58,Mumbai,Maharashtra
3783,3783,60.78,34.73,2.37,Mumbai,Maharashtra
3784,3784,185.21,50.02,7.2,Surat,Gujarat
3785,3785,122.91,74.86,5.18,Chennai,Tamil Nadu
3786,3786,157.76,67.92,5.73,Ranchi,Jharkhand
3787,3787,56.5,78.29,5.92,Nashik,Maharashtra
3788,3788,62.55,56.56,9,Ranchi,Jharkhand
3789,3789,137.58,32.79,5.33,Chandigarh,Chandigarh
3790,3790,182.61,38.18,7.22,Mumbai,Maharashtra
3791,3791,173.67,56.88,9.99,Warangal,Telangana
3792,3792,189.15,68.79,2.55,Delhi,Delhi
3793,3793,50.72,63.3,4.17,Patna,Bihar
3794,3794,137.57,67.36,4.69,Mysuru,Karnataka
3795,3795,59.8,76.17,6.32,Hyderabad,Telangana
3796,3796,208.46,74.8,8.78,New Delhi,Delhi
3797,3797,63.63,72.74,2.38,Jaipur,Rajasthan
3798,3798,140.89,30.48,5.62,Kochi,Kerala
3799,3799,91.15,71.82,9.11,Bengaluru,Karnataka
3800,3800,246.35,59.51,4.57,Pune,Maharashtra
3801,3801,277.31,40.18,3.99,Ahmedabad,Gujarat
3802,3802,215.52,73.17,3.48,Dehradun,Uttarakhand
3803,3803,92.19,36.14,4.28,Thiruvananthapuram,Kerala
3804,3804,282.32,57.51,3.98,Patna,Bihar
3805,3805,163.23,39.03,3.06,Guwahati,Assam
3806,3806,245.4,48.16,5.52,Pune,Maharashtra
3807,3807,204.68,46.5,5.88,Kanpur,Uttar Pradesh
3808,3808,190.88,77.59,4.55,Hyderabad,Telangana
3809,3809,151.78,52.61,5.21,Jaipur,Rajasthan
3810,3810,151.09,48.97,9.38,Lucknow,Uttar Pradesh
3811,3811,202.22,54.7,8.85,Warangal,Telangana
3812,3812,164.75,48,3.09,Mumbai,Maharashtra
3813,3813,174.88,36.45,2.12,Bengaluru,Karnataka
3814,3814,67.23,58.07,8.16,Kochi,Kerala
3815,3815,112.71,60.73,3.46,Warangal,Telangana
3816,3816,278.22,56.69,5.06,Kanpur,Uttar Pradesh
3817,3817,216.32,39.49,6.18,Delhi,Delhi
3818,3818,67.74,58.35,6.57,Chandigarh,Chandigarh
3819,3819,184.44,70.22,7.7,Bengaluru,Karnataka
3820,3820,227.27,28.09,6.75,Kanpur,Uttar Pradesh
3821,3821,275.66,24.92,5.9,Nashik,Maharashtra
3822,3822,269.54,79.52,7.08,Coimbatore,Tamil Nadu
3823,3823,153.88,34.56,6.32,Lucknow,Uttar Pradesh
3824,3824,137.53,35.19,9.71,Indore,Madhya Pradesh
3825,3825,51.49,76.74,8.77,Chandigarh,Chandigarh
3826,3826,134.32,61.88,5.9,Mumbai,Maharashtra
3827,3827,70.1,29.63,9.43,Shimla,Himachal Pradesh
3828,3828,270.02,22,7.39,Ahmedabad,Gujarat
3829,3829,131.65,32.06,7.16,Nagpur,Maharashtra
3830,3830,161.71,55.5,5.18,Bhubaneswar,Odisha
3831,3831,155.46,23.01,6.28,Hyderabad,Telangana
3832,3832,140.04,40.1,8.51,Kanpur,Uttar Pradesh
3833,3833,271.93,55.43,7.33,Thiruvananthapuram,Kerala
3834,3834,156.46,45.16,7.08,Lucknow,Uttar Pradesh
3835,3835,132.51,26.29,6.39,Shimla,Himachal Pradesh
3836,3836,121.46,38.16,5.8,Surat,Gujarat
3837,3837,70.87,58.43,9.95,Kolkata,West Bengal
3838,3838,123.34,47.68,9.16,Bengaluru,Karnataka
3839,3839,55.84,22.38,8.16,Chennai,Tamil Nadu
3840,3840,234.41,53.13,6.06,Jaipur,Rajasthan
3841,3841,128.02,67.48,8.89,Chandigarh,Chandigarh
3842,3842,238.2,63.15,9.43,Mysuru,Karnataka
3843,3843,226.51,38.49,9.79,Patna,Bihar
3844,3844,231.51,39.31,4.91,Bengaluru,Karnataka
3845,3845,163.49,74.81,9.44,Bhopal,Madhya Pradesh
3846,3846,254.17,79.11,3.29,Siliguri,West Bengal
3847,3847,271.94,57.44,6.3,Bhopal,Madhya Pradesh
3848,3848,255.56,27.55,9.9,Jaipur,Rajasthan
3849,3849,56.63,53.5,4.04,Warangal,Telangana
3850,3850,254.11,45.34,8.09,Nashik,Maharashtra
3851,3851,283.07,75.57,2.31,Indore,Madhya Pradesh
3852,3852,208.65,53.85,3.61,Udaipur,Rajasthan
3853,3853,109.69,40.08,7.56,Bhubaneswar,Odisha
3854,3854,178.81,32.1,8.42,Surat,Gujarat
3855,3855,213.48,35.81,3.99,Indore,Madhya Pradesh
3856,3856,139.41,37.14,4.6,Thiruvananthapuram,Kerala
3857,3857,175.42,76.16,7.04,Indore,Madhya Pradesh
3858,3858,285.21,68.41,5.44,Bengaluru,Karnataka
3859,3859,101.91,50,5.59,Delhi,Delhi
3860,3860,58.74,21.28,3.21,New Delhi,Delhi
3861,3861,50.03,21.18,9.17,Dehradun,Uttarakhand
3862,3862,149.8,70.94,5.73,Udaipur,Rajasthan
3863,3863,177.03,50.69,5.25,Bhubaneswar,Odisha
3864,3864,127.11,57.5,7.63,Mumbai,Maharashtra
3865,3865,147.87,78.43,9.63,Bhopal,Madhya Pradesh
3866,3866,244.54,40.74,3.18,Coimbatore,Tamil Nadu
3867,3867,283.46,29.71,2.5,Bengaluru,Karnataka
3868,3868,88.53,68.78,6.59,Pune,Maharashtra
3869,3869,289.16,42.11,5.65,Kanpur,Uttar Pradesh
3870,3870,294.05,24.38,6.74,New Delhi,Delhi
3871,3871,236.33,74.48,5.01,Surat,Gujarat
3872,3872,84.07,65.14,3.52,Siliguri,West Bengal
3873,3873,77.35,60.14,8.11,Guwahati,Assam
3874,3874,270.68,22.67,5.51,Chandigarh,Chandigarh
3875,3875,127.13,21.18,3.77,Lucknow,Uttar Pradesh
3876,3876,116.33,27.02,7.95,Jaipur,Rajasthan
3877,3877,163.94,65.54,9.35,Jaipur,Rajasthan
3878,3878,282.16,77.63,3.78,Siliguri,West Bengal
3879,3879,263.44,33.58,6.79,New Delhi,Delhi
3880,3880,93.27,70.22,4.29,Bhubaneswar,Odisha
3881,3881,259.93,78,3.77,Nashik,Maharashtra
3882,3882,76.15,26.39,4.24,Bengaluru,Karnataka
3883,3883,223.68,51.7,6.62,Indore,Madhya Pradesh
3884,3884,279.7,31.38,7.75,Lucknow,Uttar Pradesh
3885,3885,288.32,27.84,6.23,Mysuru,Karnataka
3886,3886,89.84,51.55,7.57,Ahmedabad,Gujarat
3887,3887,103.86,41.59,9.37,Ranchi,Jharkhand
3888,3888,67.01,23.98,6.8,Mysuru,Karnataka
3889,3889,115.64,60.6,7.72,Mysuru,Karnataka
3890,3890,82.3,31.48,9.21,Surat,Gujarat
3891,3891,109.16,20.45,8.19,Thiruvananthapuram,Kerala
3892,3892,141.2,54.16,5.9,Warangal,Telangana
3893,3893,247.9,57.41,4.32,Chandigarh,Chandigarh
3894,3894,140.21,59.75,6.54,Chennai,Tamil Nadu
3895,3895,128.26,66.24,2.56,Guwahati,Assam
3896,3896,59.39,65.67,6.04,Siliguri,West Bengal
3897,3897,50.41,47.12,3.98,Indore,Madhya Pradesh
3898,3898,55.54,37.28,3.05,Chandigarh,Chandigarh
3899,3899,289.05,25.96,9.03,Ahmedabad,Gujarat
3900,3900,121.58,52.48,6.87,Warangal,Telangana
3901,3901,86.07,22.43,2.48,Shimla,Himachal Pradesh
3902,3902,187.81,38.82,3.4,Bhubaneswar,Odisha
3903,3903,226.9,76.46,6.14,Jaipur,Rajasthan
3904,3904,95.7,57.04,9.62,Chandigarh,Chandigarh
3905,3905,251.7,36.99,2.76,Chennai,Tamil Nadu
3906,3906,54.42,77.81,5.06,Dehradun,Uttarakhand
3907,3907,200.14,28.61,3.73,Ranchi,Jharkhand
3908,3908,238.51,70.13,5.73,New Delhi,Delhi
3909,3909,258.3,35.07,6.13,Hyderabad,Telangana
3910,3910,85.43,34.42,8.07,Chandigarh,Chandigarh
3911,3911,286.75,57.96,6.61,Indore,Madhya Pradesh
3912,3912,70.66,72.59,7.09,Pune,Maharashtra
3913,3913,126.04,48.99,2.32,Mysuru,Karnataka
3914,3914,224.42,61.23,5.57,Kolkata,West Bengal
3915,3915,165.54,34.92,3.36,Ahmedabad,Gujarat
3916,3916,103.32,29.46,8.74,Shimla,Himachal Pradesh
3917,3917,104,34.05,7.57,Coimbatore,Tamil Nadu
3918,3918,240.65,29.68,3.02,Nashik,Maharashtra
3919,3919,156.41,67.06,4.43,Siliguri,West Bengal
3920,3920,163.87,74.08,7.44,Warangal,Telangana
3921,3921,273.85,33.91,2.02,Ahmedabad,Gujarat
3922,3922,273.94,44.65,5.39,Bengaluru,Karnataka
3923,3923,281.86,76.94,3.99,Lucknow,Uttar Pradesh
3924,3924,248.49,78.67,7.92,Mumbai,Maharashtra
3925,3925,185.36,61.71,2.49,Siliguri,West Bengal
3926,3926,76.28,22.62,9.21,Warangal,Telangana
3927,3927,119.06,36.22,3.74,Nashik,Maharashtra
3928,3928,240.88,55.03,2.43,Kanpur,Uttar Pradesh
3929,3929,254.99,22.46,6.64,Jaipur,Rajasthan
3930,3930,224.22,23.29,6.23,Delhi,Delhi
3931,3931,269.29,44.25,4.33,Chandigarh,Chandigarh
3932,3932,143.38,51.29,4.43,Thiruvananthapuram,Kerala
3933,3933,137.89,70.97,5.52,Chandigarh,Chandigarh
3934,3934,166.89,41.97,5.48,Nagpur,Maharashtra
3935,3935,127.93,28.49,3.4,Pune,Maharashtra
3936,3936,135.32,25.19,3.68,Guwahati,Assam
3937,3937,82.62,44.47,5.53,Ranchi,Jharkhand
3938,3938,84.4,31.22,8.78,Hyderabad,Telangana
3939,3939,156.09,23.48,9.69,Delhi,Delhi
3940,3940,93.67,50.55,2.82,Coimbatore,Tamil Nadu
3941,3941,202.27,47,7.51,Bhubaneswar,Odisha
3942,3942,236.68,63.87,7.6,Siliguri,West Bengal
3943,3943,164.14,49.92,6.98,Chandigarh,Chandigarh
3944,3944,94.2,23.04,6.72,Thiruvananthapuram,Kerala
3945,3945,227.8,32.79,3.17,Indore,Madhya Pradesh
3946,3946,298.67,75.19,4.7,Chennai,Tamil Nadu
3947,3947,101.02,63.88,3.6,Mysuru,Karnataka
3948,3948,278.22,78.97,7.2,Indore,Madhya Pradesh
3949,3949,65.6,66.44,9.63,Indore,Madhya Pradesh
3950,3950,294.12,41.36,3.14,Udaipur,Rajasthan
3951,3951,297.82,38,8.48,Bhopal,Madhya Pradesh
3952,3952,264.11,74.51,6.69,Mumbai,Maharashtra
3953,3953,136.32,58.21,6.43,Siliguri,West Bengal
3954,3954,104.77,21.71,3.96,New Delhi,Delhi
3955,3955,238.3,75.61,10,Indore,Madhya Pradesh
3956,3956,279.93,60.16,7.41,Thiruvananthapuram,Kerala
3957,3957,209.39,27.61,6.53,Warangal,Telangana
3958,3958,152.06,48.05,2.92,Kochi,Kerala
3959,3959,165,21.41,5.17,Patna,Bihar
3960,3960,282.42,40.83,8.18,Mysuru,Karnataka
3961,3961,250.81,22.6,9.45,Delhi,Delhi
3962,3962,190.6,44.09,8.04,Chennai,Tamil Nadu
3963,3963,271.39,25.18,6.44,Nagpur,Maharashtra
3964,3964,66.03,24.31,6.02,Shimla,Himachal Pradesh
3965,3965,198.17,74.23,8.59,Patna,Bihar
3966,3966,270.55,50.42,7.13,Thiruvananthapuram,Kerala
3967,3967,239.58,30.12,8.99,Bhopal,Madhya Pradesh
3968,3968,65.07,22.91,7.11,Pune,Maharashtra
3969,3969,244.51,44.23,8.15,Ahmedabad,Gujarat
3970,3970,154.37,20.63,4.13,Pune,Maharashtra
3971,3971,240.96,71.26,9.01,Chandigarh,Chandigarh
3972,3972,233.61,66.53,6.84,Kanpur,Uttar Pradesh
3973,3973,227.58,25.01,7.87,Delhi,Delhi
3974,3974,216.53,30.39,7.65,Siliguri,West Bengal
3975,3975,285.18,61.83,8.25,Mumbai,Maharashtra
3976,3976,135.02,47.1,6.99,Nagpur,Maharashtra
3977,3977,80.11,30.86,8.49,Pune,Maharashtra
3978,3978,265.15,50.52,6.51,Warangal,Telangana
3979,3979,131.16,62.77,9.64,Thiruvananthapuram,Kerala
3980,3980,298.5,72.52,5.54,Surat,Gujarat
3981,3981,234.28,58.76,4.24,Thiruvananthapuram,Kerala
3982,3982,102.38,68.78,8.32,Dehradun,Uttarakhand
3983,3983,240.48,63.82,8.97,Guwahati,Assam
3984,3984,191.59,49.7,9.52,Thiruvananthapuram,Kerala
3985,3985,137.45,60.95,4.41,Kanpur,Uttar Pradesh
3986,3986,140.41,31.37,6.38,Ahmedabad,Gujarat
3987,3987,293.11,28.92,4.34,Hyderabad,Telangana
3988,3988,50.89,75.84,6.64,Mysuru,Karnataka
3989,3989,113.98,26.2,4.86,Siliguri,West Bengal
3990,3990,283.1,36.7,2.05,Guwahati,Assam
3991,3991,113.54,73.1,2.88,Jaipur,Rajasthan
3992,3992,222.95,57.8,4.16,Jaipur,Rajasthan
3993,3993,187.08,26.64,2.71,Thiruvananthapuram,Kerala
3994,3994,276.16,76.57,8.03,Pune,Maharashtra
3995,3995,188.2,20.5,5.75,Kochi,Kerala
3996,3996,245.26,69.11,5.53,Udaipur,Rajasthan
3997,3997,232.35,40.8,9.94,Mysuru,Karnataka
3998,3998,132.31,38.08,3.41,Pune,Maharashtra
3999,3999,160.87,49.01,5.03,Siliguri,West Bengal
4000,4000,82.41,53.24,2.44,Nagpur,Maharashtra
4001,4001,268.56,27.59,3.41,Coimbatore,Tamil Nadu
4002,4002,237.79,63.81,4.27,Chennai,Tamil Nadu
4003,4003,137.72,76.33,7.7,Mysuru,Karnataka
4004,4004,151.4,49.33,7.13,Mysuru,Karnataka
4005,4005,233.14,20.47,8.07,New Delhi,Delhi
4006,4006,53.72,32.52,4.21,Dehradun,Uttarakhand
4007,4007,258.58,49.4,2.16,Bhopal,Madhya Pradesh
4008,4008,91.77,46.66,7.82,Indore,Madhya Pradesh
4009,4009,299.38,31.12,3.83,Dehradun,Uttarakhand
4010,4010,134.4,61.3,6.52,Warangal,Telangana
4011,4011,81.39,38.69,6.17,Bhubaneswar,Odisha
4012,4012,91.47,73.87,8.79,Hyderabad,Telangana
4013,4013,134.16,31.05,9.79,Pune,Maharashtra
4014,4014,283.53,35.69,5.16,Mumbai,Maharashtra
4015,4015,98.12,51.07,5.94,Patna,Bihar
4016,4016,104.93,48.61,2.08,Chennai,Tamil Nadu
4017,4017,269.95,62.73,7.83,Udaipur,Rajasthan
4018,4018,90.66,67.32,8.79,Dehradun,Uttarakhand
4019,4019,294.72,74.45,2.27,Pune,Maharashtra
4020,4020,53.05,29.02,7.29,Delhi,Delhi
4021,4021,83.22,75.76,2.38,Hyderabad,Telangana
4022,4022,219.47,52.7,7.12,Udaipur,Rajasthan
4023,4023,143.23,66.09,3.68,Lucknow,Uttar Pradesh
4024,4024,248.46,27.52,4.51,Nagpur,Maharashtra
4025,4025,109.97,31.9,5.02,Udaipur,Rajasthan
4026,4026,209.98,31.32,8.97,New Delhi,Delhi
4027,4027,232.69,75.22,6.93,Mysuru,Karnataka
4028,4028,185.5,72.5,8.82,Udaipur,Rajasthan
4029,4029,259.91,62.58,9.17,Delhi,Delhi
4030,4030,250.33,63.55,3.98,Chandigarh,Chandigarh
4031,4031,199.12,49.88,3.52,Hyderabad,Telangana
4032,4032,195.39,72.3,3.25,Ahmedabad,Gujarat
4033,4033,72.19,58.84,6.2,Surat,Gujarat
4034,4034,77.2,77.02,5.2,Hyderabad,Telangana
4035,4035,253.38,31.09,6.1,Jaipur,Rajasthan
4036,4036,200.81,25.84,4.08,Ahmedabad,Gujarat
4037,4037,144.78,30.33,6.84,Indore,Madhya Pradesh
4038,4038,164.08,65.37,7.42,Coimbatore,Tamil Nadu
4039,4039,216.72,26.83,9.39,Bhubaneswar,Odisha
4040,4040,270.96,76.62,5.43,Surat,Gujarat
4041,4041,296.86,43.8,2.77,Hyderabad,Telangana
4042,4042,282.06,45.44,7.47,Patna,Bihar
4043,4043,294.03,73.48,5.66,Bengaluru,Karnataka
4044,4044,137.11,32.02,3.99,Bhopal,Madhya Pradesh
4045,4045,153.31,69.29,3.73,Ahmedabad,Gujarat
4046,4046,216.68,39.51,8.77,Ahmedabad,Gujarat
4047,4047,133.66,51.91,3.24,Mysuru,Karnataka
4048,4048,261.47,55.64,9.9,Dehradun,Uttarakhand
4049,4049,150.28,40.53,5.42,Coimbatore,Tamil Nadu
4050,4050,295.12,69.14,7.36,Shimla,Himachal Pradesh
4051,4051,70.94,36.39,9.32,Chandigarh,Chandigarh
4052,4052,107.54,75.28,4.07,Lucknow,Uttar Pradesh
4053,4053,145.47,67.93,8.75,Lucknow,Uttar Pradesh
4054,4054,177.31,28.98,7.38,Mumbai,Maharashtra
4055,4055,251.86,58.56,3.79,Indore,Madhya Pradesh
4056,4056,288.92,65.21,7.11,Dehradun,Uttarakhand
4057,4057,203.28,51.15,3.8,Udaipur,Rajasthan
4058,4058,225.45,61.3,6.12,Nashik,Maharashtra
4059,4059,222.46,73.15,4.11,Thiruvananthapuram,Kerala
4060,4060,181.04,46.21,6.21,Kochi,Kerala
4061,4061,99.85,20.19,2.51,Guwahati,Assam
4062,4062,293.92,44.24,4.03,Mumbai,Maharashtra
4063,4063,215.79,79.11,5.15,Chennai,Tamil Nadu
4064,4064,285.52,60.16,6.03,New Delhi,Delhi
4065,4065,221.63,62.81,4.74,Shimla,Himachal Pradesh
4066,4066,117.03,69.1,4.81,Thiruvananthapuram,Kerala
4067,4067,69.31,23.88,8.45,Udaipur,Rajasthan
4068,4068,229.45,61.9,6.27,Chandigarh,Chandigarh
4069,4069,214.16,27.28,2.98,Chandigarh,Chandigarh
4070,4070,122.16,43.43,4.49,Lucknow,Uttar Pradesh
4071,4071,273.5,38.62,4.37,Nagpur,Maharashtra
4072,4072,296.36,70.08,6.19,Bhubaneswar,Odisha
4073,4073,263.05,70.8,6.01,Shimla,Himachal Pradesh
4074,4074,212.44,21.8,2.92,Pune,Maharashtra
4075,4075,136.42,61.01,3.79,Bengaluru,Karnataka
4076,4076,189.14,78.86,2.3,Kanpur,Uttar Pradesh
4077,4077,211.5,54.94,3.44,Thiruvananthapuram,Kerala
4078,4078,59.13,65.47,9.11,Chennai,Tamil Nadu
4079,4079,185.52,41.53,7.34,Mysuru,Karnataka
4080,4080,275.27,44.02,8.98,Indore,Madhya Pradesh
4081,4081,213.08,23.16,2.57,Bhopal,Madhya Pradesh
4082,4082,159.36,70.44,4.15,Indore,Madhya Pradesh
4083,4083,234.33,41.54,7.5,Guwahati,Assam
4084,4084,293.14,39.33,7.37,Lucknow,Uttar Pradesh
4085,4085,117.72,64.74,6.23,Kolkata,West Bengal
4086,4086,263.07,54.11,6.01,Kolkata,West Bengal
4087,4087,149.6,57.38,2.63,Indore,Madhya Pradesh
4088,4088,120.64,65.9,6.15,Ahmedabad,Gujarat
4089,4089,68.97,30.54,3.19,Guwahati,Assam
4090,4090,192.37,22.1,6.82,Kanpur,Uttar Pradesh
4091,4091,239.3,22.54,5.14,Nashik,Maharashtra
4092,4092,85.8,40.04,5.13,Kanpur,Uttar Pradesh
4093,4093,145.39,26.65,8.77,Dehradun,Uttarakhand
4094,4094,64.44,39.22,2.82,Kolkata,West Bengal
4095,4095,90.42,57.24,4.24,New Delhi,Delhi
4096,4096,279.07,50.23,9.71,Guwahati,Assam
4097,4097,192.18,35.3,2.94,Delhi,Delhi
4098,4098,193.34,36.77,3.96,Bengaluru,Karnataka
4099,4099,151.23,22.65,5.48,Nashik,Maharashtra
4100,4100,175.77,53.23,8.09,Indore,Madhya Pradesh
4101,4101,294.9,46.37,6.83,Chennai,Tamil Nadu
4102,4102,233.33,38.41,5.6,Jaipur,Rajasthan
4103,4103,249.72,56.79,2.33,Patna,Bihar
4104,4104,283.04,72.47,6.57,Siliguri,West Bengal
4105,4105,81.47,63.89,3.98,Lucknow,Uttar Pradesh
4106,4106,296.08,57.94,7.77,Coimbatore,Tamil Nadu
4107,4107,296.07,72.05,8.72,Kanpur,Uttar Pradesh
4108,4108,266.25,52.1,5.6,Chandigarh,Chandigarh
4109,4109,218.63,47.13,5.74,Bhopal,Madhya Pradesh
4110,4110,130.49,72.82,2.17,Bengaluru,Karnataka
4111,4111,289.01,66.98,7.52,Ahmedabad,Gujarat
4112,4112,112.83,44.83,4.42,Siliguri,West Bengal
4113,4113,129.38,43.39,7.52,Warangal,Telangana
4114,4114,147.69,78.52,6.42,Shimla,Himachal Pradesh
4115,4115,102.21,57.14,8.37,Surat,Gujarat
4116,4116,271.14,32.65,2.46,Shimla,Himachal Pradesh
4117,4117,292.02,30.98,2.45,Guwahati,Assam
4118,4118,198.62,78.31,6.57,Jaipur,Rajasthan
4119,4119,275.93,38.13,6.3,Warangal,Telangana
4120,4120,174.6,22.76,8.05,Dehradun,Uttarakhand
4121,4121,107.94,40.11,5.58,Lucknow,Uttar Pradesh
4122,4122,235.04,57.79,7.67,Udaipur,Rajasthan
4123,4123,199.26,24.85,6.8,Jaipur,Rajasthan
4124,4124,204.77,73.28,2.54,Patna,Bihar
4125,4125,160.99,64.65,4.57,Mysuru,Karnataka
4126,4126,270.58,62.81,7.3,New Delhi,Delhi
4127,4127,62.34,63.45,5.78,Lucknow,Uttar Pradesh
4128,4128,200.48,24.7,9.75,Hyderabad,Telangana
4129,4129,201,52.31,3.57,Ahmedabad,Gujarat
4130,4130,194.96,64.92,6.99,Hyderabad,Telangana
4131,4131,243.29,53.66,2.7,Kanpur,Uttar Pradesh
4132,4132,221.93,62.86,3.74,Thiruvananthapuram,Kerala
4133,4133,190.52,69.84,9.34,Mumbai,Maharashtra
4134,4134,236.8,70.02,3.59,Warangal,Telangana
4135,4135,67.54,63.16,2.5,Patna,Bihar
4136,4136,218.31,24.59,4.31,Mysuru,Karnataka
4137,4137,272.19,45.24,9.25,Thiruvananthapuram,Kerala
4138,4138,183.98,50.31,7.16,Thiruvananthapuram,Kerala
4139,4139,149.5,77.34,6.82,Nashik,Maharashtra
4140,4140,249.69,73.63,6.63,Bhopal,Madhya Pradesh
4141,4141,282.69,23.81,6.96,Jaipur,Rajasthan
4142,4142,228.46,51.36,6.65,Dehradun,Uttarakhand
4143,4143,60.48,74.4,2.31,Shimla,Himachal Pradesh
4144,4144,279.64,48.85,3.84,Shimla,Himachal Pradesh
4145,4145,213.48,72.91,7.38,Coimbatore,Tamil Nadu
4146,4146,125,64.42,6.15,Udaipur,Rajasthan
4147,4147,72.66,73.41,4.47,Surat,Gujarat
4148,4148,51.47,76.79,3.63,Chennai,Tamil Nadu
4149,4149,112.59,40.36,5.89,Lucknow,Uttar Pradesh
4150,4150,116.68,65.48,2.74,Mumbai,Maharashtra
4151,4151,175.29,52.94,5.8,Ranchi,Jharkhand
4152,4152,60.83,32.91,3.04,Bengaluru,Karnataka
4153,4153,70.4,56.18,4.99,Bhubaneswar,Odisha
4154,4154,199.29,25.62,4.34,Jaipur,Rajasthan
4155,4155,234.74,46.68,6.62,Jaipur,Rajasthan
4156,4156,282.18,34.39,4.48,Chandigarh,Chandigarh
4157,4157,57.04,64.85,3.22,Bengaluru,Karnataka
4158,4158,86.08,22.76,6.86,Shimla,Himachal Pradesh
4159,4159,100.84,23.36,5.01,Surat,Gujarat
4160,4160,155.95,53.62,4.25,Kolkata,West Bengal
4161,4161,286.47,48.11,8.27,Ranchi,Jharkhand
4162,4162,258.48,75.26,6.89,Delhi,Delhi
4163,4163,222.45,75.58,7.07,Patna,Bihar
4164,4164,225.48,53.78,5.34,Pune,Maharashtra
4165,4165,125.35,66.1,5.94,Dehradun,Uttarakhand
4166,4166,64.51,25.61,9.73,Thiruvananthapuram,Kerala
4167,4167,65.84,63.34,6.22,Kanpur,Uttar Pradesh
4168,4168,136.02,55.54,3.43,Bhubaneswar,Odisha
4169,4169,146.73,25.8,5.83,Mumbai,Maharashtra
4170,4170,261.24,39.5,2.95,Warangal,Telangana
4171,4171,273.06,69.87,6.11,Warangal,Telangana
4172,4172,127.5,74.57,9.53,Indore,Madhya Pradesh
4173,4173,118.58,53.83,4.99,Chandigarh,Chandigarh
4174,4174,176.5,58.59,6.69,Ranchi,Jharkhand
4175,4175,214.54,25.23,7.99,Surat,Gujarat
4176,4176,278.59,27.55,2.4,Siliguri,West Bengal
4177,4177,169.84,70.38,9.12,Pune,Maharashtra
4178,4178,189.73,69.31,4.65,Nashik,Maharashtra
4179,4179,146.63,29.66,8.97,Udaipur,Rajasthan
4180,4180,123.89,33.98,7.43,Indore,Madhya Pradesh
4181,4181,188,23.27,3.4,Chennai,Tamil Nadu
4182,4182,64.9,48.82,5.81,Lucknow,Uttar Pradesh
4183,4183,85.49,69.52,4.54,Patna,Bihar
4184,4184,99.58,68.28,8.88,Surat,Gujarat
4185,4185,93.48,38.61,2.66,Bhopal,Madhya Pradesh
4186,4186,168.34,23.2,6.06,Hyderabad,Telangana
4187,4187,91.84,79.72,8.82,Guwahati,Assam
4188,4188,73.93,26,3.8,Bhubaneswar,Odisha
4189,4189,104.96,62.8,6.68,Shimla,Himachal Pradesh
4190,4190,228.79,58.87,6.02,Ahmedabad,Gujarat
4191,4191,260.16,69.48,7.31,Kolkata,West Bengal
4192,4192,232.3,59.06,7.01,Kanpur,Uttar Pradesh
4193,4193,98.96,33.83,4.18,Siliguri,West Bengal
4194,4194,104.25,72.79,7.33,Bhubaneswar,Odisha
4195,4195,186.88,24.88,2.95,Lucknow,Uttar Pradesh
4196,4196,109.05,20.19,8.98,Warangal,Telangana
4197,4197,200.58,41.64,8.71,Dehradun,Uttarakhand
4198,4198,233.43,55.79,6.78,Delhi,Delhi
4199,4199,291.27,59.28,8.13,Nagpur,Maharashtra
4200,4200,160.81,31.75,3.71,Chandigarh,Chandigarh
4201,4201,253.58,70.08,8.97,Patna,Bihar
4202,4202,235.28,71.37,4.69,Thiruvananthapuram,Kerala
4203,4203,266.89,23.56,3.25,Kolkata,West Bengal
4204,4204,52.44,51.88,4.99,Lucknow,Uttar Pradesh
4205,4205,238.86,77.22,7.39,Bhopal,Madhya Pradesh
4206,4206,162.48,42.17,3.7,Mysuru,Karnataka
4207,4207,288.9,64.58,5.17,Guwahati,Assam
4208,4208,186.54,61,9.03,Thiruvananthapuram,Kerala
4209,4209,113.75,26.8,3.34,Chandigarh,Chandigarh
4210,4210,232.54,22.44,5.63,Mysuru,Karnataka
4211,4211,118.64,20.33,8.57,Ahmedabad,Gujarat
4212,4212,250.39,59.12,7.05,Chennai,Tamil Nadu
4213,4213,234,53.7,8.44,Kolkata,West Bengal
4214,4214,243.86,71.27,5.53,Chandigarh,Chandigarh
4215,4215,127.25,56.41,6.52,Shimla,Himachal Pradesh
4216,4216,93.78,42.08,3.77,Bhopal,Madhya Pradesh
4217,4217,262.45,67.17,8.91,Nagpur,Maharashtra
4218,4218,100.51,49.66,4.62,Siliguri,West Bengal
4219,4219,75.01,31.1,7.29,Nagpur,Maharashtra
4220,4220,299.79,73.86,7.13,Mysuru,Karnataka
4221,4221,58.23,38.77,3.58,Chennai,Tamil Nadu
4222,4222,264.14,25.02,3.82,Patna,Bihar
4223,4223,209.76,31.1,6.49,Dehradun,Uttarakhand
4224,4224,53.2,60.26,6.73,Ahmedabad,Gujarat
4225,4225,295.22,49.3,7.63,Delhi,Delhi
4226,4226,267.44,74.92,4.77,Udaipur,Rajasthan
4227,4227,226.89,29.61,5.47,Coimbatore,Tamil Nadu
4228,4228,77.64,38.09,3.12,Patna,Bihar
4229,4229,68.16,63.32,9.52,Mysuru,Karnataka
4230,4230,268.83,49.47,7.2,Dehradun,Uttarakhand
4231,4231,171.23,57.29,6.9,New Delhi,Delhi
4232,4232,204.42,71.51,3.21,Indore,Madhya Pradesh
4233,4233,142.17,24.83,9.8,Ranchi,Jharkhand
4234,4234,235.2,47.92,8.32,Guwahati,Assam
4235,4235,266.87,31.32,7.92,Nashik,Maharashtra
4236,4236,122.36,35.01,4.18,Patna,Bihar
4237,4237,140.42,54.03,9.34,Thiruvananthapuram,Kerala
4238,4238,222.66,50.99,4.34,Coimbatore,Tamil Nadu
4239,4239,109.76,49.55,9.61,Chandigarh,Chandigarh
4240,4240,293.67,57.84,2.09,Bhopal,Madhya Pradesh
4241,4241,106.82,21.21,6.36,Mumbai,Maharashtra
4242,4242,105.52,25.45,2.93,Lucknow,Uttar Pradesh
4243,4243,53.12,40.66,9.79,Thiruvananthapuram,Kerala
4244,4244,184.4,46.22,2.57,Kanpur,Uttar Pradesh
4245,4245,276.57,35.14,4.45,Coimbatore,Tamil Nadu
4246,4246,108.57,23.56,3.71,Warangal,Telangana
4247,4247,282.82,58.05,5.83,Chennai,Tamil Nadu
4248,4248,273.12,21.26,6.12,Thiruvananthapuram,Kerala
4249,4249,188.65,51.69,6.27,Udaipur,Rajasthan
4250,4250,281.06,24.81,9.58,Ranchi,Jharkhand
4251,4251,195.3,39.63,6.12,Ranchi,Jharkhand
4252,4252,172.65,67.47,8.55,Bhubaneswar,Odisha
4253,4253,80.51,42.85,4.79,New Delhi,Delhi
4254,4254,85.62,38.33,8.52,Thiruvananthapuram,Kerala
4255,4255,103.68,74.72,7.71,Bengaluru,Karnataka
4256,4256,94.3,32.56,8.93,Bengaluru,Karnataka
4257,4257,181.32,65.86,8.02,New Delhi,Delhi
4258,4258,65.14,56.58,3.91,New Delhi,Delhi
4259,4259,169.23,61.66,2.23,Pune,Maharashtra
4260,4260,138.14,52.98,6.94,Patna,Bihar
4261,4261,141.68,75.62,3.32,Guwahati,Assam
4262,4262,80.17,50.46,6.03,Ahmedabad,Gujarat
4263,4263,230.19,63.79,8.54,Bhubaneswar,Odisha
4264,4264,113.29,59.56,6.18,Lucknow,Uttar Pradesh
4265,4265,168.44,49.28,8.19,Ranchi,Jharkhand
4266,4266,275.88,22.77,6.59,Thiruvananthapuram,Kerala
4267,4267,174.34,25.47,8.94,Thiruvananthapuram,Kerala
4268,4268,230.5,69.61,3.15,Guwahati,Assam
4269,4269,151.61,73.01,7.78,Jaipur,Rajasthan
4270,4270,73.73,33,4.09,Thiruvananthapuram,Kerala
4271,4271,249.09,34.83,2.47,Nagpur,Maharashtra
4272,4272,130.52,65.3,8,Thiruvananthapuram,Kerala
4273,4273,97.75,57.82,2.96,Jaipur,Rajasthan
4274,4274,78.64,72.71,4.83,Warangal,Telangana
4275,4275,216.04,79.67,2.45,Indore,Madhya Pradesh
4276,4276,278.81,53.87,3.15,Udaipur,Rajasthan
4277,4277,204.76,45.73,4.89,Shimla,Himachal Pradesh
4278,4278,225.68,58.33,2.85,Nagpur,Maharashtra
4279,4279,178.12,70.62,3.44,Thiruvananthapuram,Kerala
4280,4280,119.53,59.46,4.2,Siliguri,West Bengal
4281,4281,137.24,73.39,7.2,Patna,Bihar
4282,4282,298.94,21.07,5.44,Warangal,Telangana
4283,4283,295.78,48.5,7.52,Ahmedabad,Gujarat
4284,4284,153.87,70.81,3.61,Kolkata,West Bengal
4285,4285,173.86,30.85,4.34,Bengaluru,Karnataka
4286,4286,63.26,23.6,8.91,Shimla,Himachal Pradesh
4287,4287,182.61,68.35,4.06,Delhi,Delhi
4288,4288,104.24,34.38,2.4,Chandigarh,Chandigarh
4289,4289,139.74,39.19,9.98,Guwahati,Assam
4290,4290,169.27,60.98,6.83,Pune,Maharashtra
4291,4291,148.37,33.67,9.57,Patna,Bihar
4292,4292,150.01,51.22,4.38,Guwahati,Assam
4293,4293,277.91,50.45,5.65,Siliguri,West Bengal
4294,4294,245.13,57.06,8.12,Thiruvananthapuram,Kerala
4295,4295,116.63,76.74,7.53,Dehradun,Uttarakhand
4296,4296,119.91,68.31,6.8,Chennai,Tamil Nadu
4297,4297,140.96,57.25,8.47,Nashik,Maharashtra
4298,4298,266.96,29.83,2.84,Warangal,Telangana
4299,4299,122.76,62.3,5.33,Nagpur,Maharashtra
4300,4300,163.64,24.86,6.2,Udaipur,Rajasthan
4301,4301,282.45,64.08,2.49,Ranchi,Jharkhand
4302,4302,157.78,54.99,5.3,Bhopal,Madhya Pradesh
4303,4303,104.7,67.52,2.96,Thiruvananthapuram,Kerala
4304,4304,212.31,74.84,9.9,Mumbai,Maharashtra
4305,4305,252.83,37.91,5.89,Warangal,Telangana
4306,4306,56.03,36.8,3.8,Indore,Madhya Pradesh
4307,4307,293.57,46.55,8.29,Surat,Gujarat
4308,4308,199.55,61.76,3.1,Mumbai,Maharashtra
4309,4309,87.59,68.8,3.96,Bengaluru,Karnataka
4310,4310,214.63,23,5.21,Nashik,Maharashtra
4311,4311,59.65,47.94,6.25,Dehradun,Uttarakhand
4312,4312,101.95,32.97,8.17,Nashik,Maharashtra
4313,4313,168.47,49.44,3.64,Kanpur,Uttar Pradesh
4314,4314,265.94,33.26,3.48,Indore,Madhya Pradesh
4315,4315,175.9,47.23,9.18,Lucknow,Uttar Pradesh
4316,4316,235.45,28.52,7.14,Ahmedabad,Gujarat
4317,4317,159.45,39.7,7.38,Dehradun,Uttarakhand
4318,4318,138.32,61.13,8.5,Warangal,Telangana
4319,4319,103.05,38.01,9.2,Pune,Maharashtra
4320,4320,251.39,20.12,6.96,Ranchi,Jharkhand
4321,4321,204.16,35.66,8.06,Lucknow,Uttar Pradesh
4322,4322,196.35,71.18,5.19,Bhubaneswar,Odisha
4323,4323,146.99,44.69,3.23,Nashik,Maharashtra
4324,4324,186.16,54.41,9.03,Nagpur,Maharashtra
4325,4325,184.92,72.91,3.86,Dehradun,Uttarakhand
4326,4326,233.09,49.4,8.62,Nagpur,Maharashtra
4327,4327,205.88,43.14,8.91,Shimla,Himachal Pradesh
4328,4328,168.78,44.18,2.15,Kanpur,Uttar Pradesh
4329,4329,140.31,20.67,2.07,Kolkata,West Bengal
4330,4330,78.56,31.74,6.08,Thiruvananthapuram,Kerala
4331,4331,74.43,47.57,9.33,Mysuru,Karnataka
4332,4332,51.12,79.14,7.14,Ahmedabad,Gujarat
4333,4333,296.32,49,7.13,Coimbatore,Tamil Nadu
4334,4334,80.91,50.99,4.99,Bengaluru,Karnataka
4335,4335,153.55,35.66,9.1,Nagpur,Maharashtra
4336,4336,82.78,75.38,2.21,New Delhi,Delhi
4337,4337,276.45,30.77,4.41,Hyderabad,Telangana
4338,4338,158.28,78.35,5.31,Bhopal,Madhya Pradesh
4339,4339,168.24,69.66,6.49,Lucknow,Uttar Pradesh
4340,4340,152.31,30.99,5.23,Dehradun,Uttarakhand
4341,4341,253.59,37.92,3.75,Udaipur,Rajasthan
4342,4342,99.28,54.25,3.58,Guwahati,Assam
4343,4343,56.32,54.67,2.95,Mumbai,Maharashtra
4344,4344,272.52,24.66,5.24,Siliguri,West Bengal
4345,4345,194,41.92,5.56,Guwahati,Assam
4346,4346,91.87,32.58,4.52,Bhopal,Madhya Pradesh
4347,4347,287.8,60.75,7.44,Bhopal,Madhya Pradesh
4348,4348,56.46,68.75,4.58,Mumbai,Maharashtra
4349,4349,88.59,65.16,3.07,Nashik,Maharashtra
4350,4350,262.02,43.3,4.62,Bhopal,Madhya Pradesh
4351,4351,196.8,44.77,7.73,Udaipur,Rajasthan
4352,4352,275.54,26.65,6.83,Udaipur,Rajasthan
4353,4353,225.41,44.59,2.35,Nashik,Maharashtra
4354,4354,269.92,26.87,9.55,Guwahati,Assam
4355,4355,281.16,75.06,6.55,Jaipur,Rajasthan
4356,4356,150.43,76.49,2.37,Patna,Bihar
4357,4357,90.04,21.49,9.36,Mumbai,Maharashtra
4358,4358,126.99,27.84,6.09,Ahmedabad,Gujarat
4359,4359,112.06,39.17,3.13,Patna,Bihar
4360,4360,75.36,79.54,9.77,Dehradun,Uttarakhand
4361,4361,96.48,57.54,3.18,Chandigarh,Chandigarh
4362,4362,92.34,35.47,8.5,Bhopal,Madhya Pradesh
4363,4363,194.26,26.35,9.07,Delhi,Delhi
4364,4364,133.32,40.89,4.63,Jaipur,Rajasthan
4365,4365,74.38,66.58,4.56,Thiruvananthapuram,Kerala
4366,4366,155.45,70.89,9.52,Guwahati,Assam
4367,4367,257.13,59.28,3.41,Kochi,Kerala
4368,4368,177.81,56.96,5.86,Bhubaneswar,Odisha
4369,4369,88.15,78.11,7.31,Lucknow,Uttar Pradesh
4370,4370,227.91,25.96,7.54,Chandigarh,Chandigarh
4371,4371,151.33,37.96,8.49,Chennai,Tamil Nadu
4372,4372,285.29,54.65,4.32,Pune,Maharashtra
4373,4373,199.93,54.98,9.98,Ranchi,Jharkhand
4374,4374,199.42,63.75,6.38,Dehradun,Uttarakhand
4375,4375,105.76,70.6,2.57,Patna,Bihar
4376,4376,125.83,23.53,2.77,Ahmedabad,Gujarat
4377,4377,105.89,45.33,5.39,Bhubaneswar,Odisha
4378,4378,269.15,43.1,6.26,Udaipur,Rajasthan
4379,4379,178.69,52.34,2.21,Guwahati,Assam
4380,4380,85.56,68.13,8.37,Chennai,Tamil Nadu
4381,4381,204.47,22.23,3.53,Nashik,Maharashtra
4382,4382,133.22,63.14,6.06,Patna,Bihar
4383,4383,103.07,65.64,9.69,Chandigarh,Chandigarh
4384,4384,210.35,23.23,6.55,Nashik,Maharashtra
4385,4385,232.99,67.12,3.62,Delhi,Delhi
4386,4386,266.79,35.17,2.72,Lucknow,Uttar Pradesh
4387,4387,91.25,74.46,8.2,Ahmedabad,Gujarat
4388,4388,232.21,58.7,6.88,Chennai,Tamil Nadu
4389,4389,208.92,27.39,2.06,Chennai,Tamil Nadu
4390,4390,241.41,76.59,8.51,Coimbatore,Tamil Nadu
4391,4391,58.39,78.15,8.97,Mysuru,Karnataka
4392,4392,141.07,42.51,7.57,Bhubaneswar,Odisha
4393,4393,284.68,35.57,5.89,Chennai,Tamil Nadu
4394,4394,203.87,37.9,3.34,Mumbai,Maharashtra
4395,4395,65.9,37.08,7.16,Ranchi,Jharkhand
4396,4396,167.18,71.49,5.89,Shimla,Himachal Pradesh
4397,4397,225.44,25.08,7.02,Patna,Bihar
4398,4398,133.34,45.19,5.65,Pune,Maharashtra
4399,4399,266.14,30.65,3.81,Warangal,Telangana
4400,4400,232.32,47.49,9.64,Surat,Gujarat
4401,4401,295.3,68.62,7.6,Udaipur,Rajasthan
4402,4402,165.61,22.91,4.62,Udaipur,Rajasthan
4403,4403,226.95,22.35,4.66,Thiruvananthapuram,Kerala
4404,4404,180.18,36.25,8.85,Chandigarh,Chandigarh
4405,4405,172.34,36.26,5.13,Bhopal,Madhya Pradesh
4406,4406,252.5,35.76,3.82,Chandigarh,Chandigarh
4407,4407,145.97,63.1,2.04,Surat,Gujarat
4408,4408,250.99,70,9.43,Siliguri,West Bengal
4409,4409,82.87,50.26,2.36,Dehradun,Uttarakhand
4410,4410,86.15,65.88,3.66,Lucknow,Uttar Pradesh
4411,4411,57.63,60.06,8.3,Coimbatore,Tamil Nadu
4412,4412,104.14,79.88,5.28,Shimla,Himachal Pradesh
4413,4413,174.06,57.17,3.55,Udaipur,Rajasthan
4414,4414,84.88,47.45,8.17,Patna,Bihar
4415,4415,80.87,54.41,8.61,Lucknow,Uttar Pradesh
4416,4416,218.48,79.75,6.3,Chennai,Tamil Nadu
4417,4417,133.29,43.02,7,Jaipur,Rajasthan
4418,4418,79.87,74.25,2.32,Delhi,Delhi
4419,4419,168.21,45.51,9.76,Udaipur,Rajasthan
4420,4420,183.7,46.47,5.35,Ranchi,Jharkhand
4421,4421,229.72,78.61,7.97,Mysuru,Karnataka
4422,4422,182.47,23.32,9.9,Siliguri,West Bengal
4423,4423,201.54,73.61,9.44,Kochi,Kerala
4424,4424,270.71,26.32,7.57,Hyderabad,Telangana
4425,4425,103.01,43.86,2.88,Warangal,Telangana
4426,4426,252.33,48.32,6.43,Pune,Maharashtra
4427,4427,203.34,65.26,3.69,Mumbai,Maharashtra
4428,4428,78.36,76.77,3.04,Jaipur,Rajasthan
4429,4429,207.97,61.08,6.16,Dehradun,Uttarakhand
4430,4430,117.51,71.07,6.41,Jaipur,Rajasthan
4431,4431,206.66,35.21,6.96,New Delhi,Delhi
4432,4432,222.23,41.46,9.72,Surat,Gujarat
4433,4433,251.51,39.41,4.09,Mumbai,Maharashtra
4434,4434,200.15,71.35,9.6,Chandigarh,Chandigarh
4435,4435,146.75,23.02,3.92,Indore,Madhya Pradesh
4436,4436,178.76,52.39,6.85,Indore,Madhya Pradesh
4437,4437,205.39,69.96,8.93,Ahmedabad,Gujarat
4438,4438,241.86,70.69,5.16,Udaipur,Rajasthan
4439,4439,247.1,54.79,9.45,Kanpur,Uttar Pradesh
4440,4440,199.03,22.91,7.44,Thiruvananthapuram,Kerala
4441,4441,76.32,53.94,6.59,Kochi,Kerala
4442,4442,96.83,20.05,8.17,Mumbai,Maharashtra
4443,4443,174.69,23.06,9.64,Ahmedabad,Gujarat
4444,4444,132.43,21.2,9.76,Chennai,Tamil Nadu
4445,4445,101.7,77.21,8.38,Mysuru,Karnataka
4446,4446,162.2,40.74,6.51,Warangal,Telangana
4447,4447,138.35,52.44,2.81,Surat,Gujarat
4448,4448,284.15,61.77,6.7,Jaipur,Rajasthan
4449,4449,246.85,28.61,3.76,Kochi,Kerala
4450,4450,84.98,41.45,8.06,Kolkata,West Bengal
4451,4451,242.63,66.82,7.52,Mysuru,Karnataka
4452,4452,239.48,45.35,5.89,Patna,Bihar
4453,4453,84.28,27.72,8.61,Delhi,Delhi
4454,4454,236.1,65.77,9.36,Bhopal,Madhya Pradesh
4455,4455,212.84,38.6,9.36,Dehradun,Uttarakhand
4456,4456,53.85,60.64,8.05,Siliguri,West Bengal
4457,4457,54.57,61.48,5.11,Indore,Madhya Pradesh
4458,4458,270.03,49.69,3.97,Indore,Madhya Pradesh
4459,4459,171.15,54.83,7.95,Nagpur,Maharashtra
4460,4460,53.7,57.19,7.05,Pune,Maharashtra
4461,4461,226.39,58.06,8.31,Surat,Gujarat
4462,4462,161.71,71.91,3.38,Nashik,Maharashtra
4463,4463,59.93,58.09,9.53,Lucknow,Uttar Pradesh
4464,4464,52.26,38.2,2.16,Kanpur,Uttar Pradesh
4465,4465,68.83,53.35,9.64,Ranchi,Jharkhand
4466,4466,275.01,65.39,3.6,Mumbai,Maharashtra
4467,4467,118.47,41.88,2.26,Siliguri,West Bengal
4468,4468,200.02,35.08,2.66,Nagpur,Maharashtra
4469,4469,182.22,46.09,8.97,Indore,Madhya Pradesh
4470,4470,164.31,40.71,4.35,Kochi,Kerala
4471,4471,145.7,32.38,9.99,Mumbai,Maharashtra
4472,4472,192.15,51.38,2.76,Warangal,Telangana
4473,4473,97.65,73.04,9.19,Warangal,Telangana
4474,4474,221.95,48.33,9.91,Kolkata,West Bengal
4475,4475,66.81,38.26,2.9,Ahmedabad,Gujarat
4476,4476,270.69,23.41,7.03,Thiruvananthapuram,Kerala
4477,4477,169.09,69.3,9.12,Shimla,Himachal Pradesh
4478,4478,116.63,43.4,6.31,Chandigarh,Chandigarh
4479,4479,72.29,78.14,8.26,Bengaluru,Karnataka
4480,4480,89.42,66.3,6.07,Pune,Maharashtra
4481,4481,109.44,66.43,7.06,Delhi,Delhi
4482,4482,258.56,45.91,7.01,Surat,Gujarat
4483,4483,293.62,60.28,7.42,Dehradun,Uttarakhand
4484,4484,103.24,28.91,5.94,Pune,Maharashtra
4485,4485,266.23,55.48,7.72,Kolkata,West Bengal
4486,4486,212.31,34.82,3.11,Guwahati,Assam
4487,4487,281.64,24.32,5.22,Jaipur,Rajasthan
4488,4488,151.05,41.45,6.71,Udaipur,Rajasthan
4489,4489,277.86,35.14,4.97,Bhopal,Madhya Pradesh
4490,4490,230.35,44.4,4.87,Chandigarh,Chandigarh
4491,4491,145.59,74.39,9.08,Kochi,Kerala
4492,4492,99.92,78,7.03,Patna,Bihar
4493,4493,89.04,40.34,9.45,New Delhi,Delhi
4494,4494,130.01,43.52,2.67,Jaipur,Rajasthan
4495,4495,117.54,46.15,4.4,Shimla,Himachal Pradesh
4496,4496,64.57,28.83,2.87,Surat,Gujarat
4497,4497,223.23,44.99,5,Shimla,Himachal Pradesh
4498,4498,67.58,43.71,4.05,Dehradun,Uttarakhand
4499,4499,111.57,72.72,2.22,Kolkata,West Bengal
4500,4500,126.39,73.99,9.15,Pune,Maharashtra
4501,4501,290.43,41.42,7.75,Ranchi,Jharkhand
4502,4502,260.1,57,5.85,New Delhi,Delhi
4503,4503,165.55,48.66,5.04,Mysuru,Karnataka
4504,4504,173.24,63.67,9.29,Guwahati,Assam
4505,4505,126.28,64.72,9.16,Udaipur,Rajasthan
4506,4506,170.67,38.71,7.53,Thiruvananthapuram,Kerala
4507,4507,261.64,60.03,7.12,New Delhi,Delhi
4508,4508,83.41,64.16,3.16,Kanpur,Uttar Pradesh
4509,4509,89.87,70.07,6.67,Siliguri,West Bengal
4510,4510,162.07,54.03,8.75,Warangal,Telangana
4511,4511,195.71,61.58,2.3,Delhi,Delhi
4512,4512,94.38,47.49,5.21,Chandigarh,Chandigarh
4513,4513,230.84,37.66,2.29,Bhopal,Madhya Pradesh
4514,4514,168.05,79.07,3.15,Kochi,Kerala
4515,4515,175.83,35.97,2.57,Mysuru,Karnataka
4516,4516,262.7,36.55,2.59,Kochi,Kerala
4517,4517,136.85,43.5,3.55,Bhubaneswar,Odisha
4518,4518,273.14,24.17,3.46,Chandigarh,Chandigarh
4519,4519,115.71,41.29,3.03,Guwahati,Assam
4520,4520,232.31,50.07,9.04,Indore,Madhya Pradesh
4521,4521,166.14,49.01,2.91,Kanpur,Uttar Pradesh
4522,4522,299.72,75.16,9.08,Shimla,Himachal Pradesh
4523,4523,215.85,31.59,3,Shimla,Himachal Pradesh
4524,4524,150.01,66.1,7.39,Ahmedabad,Gujarat
4525,4525,102.11,48.33,6.74,Jaipur,Rajasthan
4526,4526,222.39,76.23,4.62,Delhi,Delhi
4527,4527,141.36,75.87,3.3,Kanpur,Uttar Pradesh
4528,4528,127.85,52.7,6.53,Indore,Madhya Pradesh
4529,4529,104.76,53.08,8.71,Udaipur,Rajasthan
4530,4530,84.49,69.02,2.38,Siliguri,West Bengal
4531,4531,64.29,69.66,8.31,Bhubaneswar,Odisha
4532,4532,233.17,58.56,8.11,Nagpur,Maharashtra
4533,4533,143.35,50.81,6.63,Ranchi,Jharkhand
4534,4534,210.33,32.67,7.12,Chandigarh,Chandigarh
4535,4535,134.22,51.59,6.09,Bhopal,Madhya Pradesh
4536,4536,88.82,42.48,5.91,Hyderabad,Telangana
4537,4537,77.68,44.7,7.99,Bengaluru,Karnataka
4538,4538,292.72,69.09,3.29,Warangal,Telangana
4539,4539,181.17,71.13,4.06,Thiruvananthapuram,Kerala
4540,4540,277.99,73.32,8.88,Bengaluru,Karnataka
4541,4541,256.66,48.93,2.88,Pune,Maharashtra
4542,4542,297.79,60.55,6.42,Indore,Madhya Pradesh
4543,4543,291.56,68.19,7.92,Kolkata,West Bengal
4544,4544,128.98,53.46,3.78,Bhubaneswar,Odisha
4545,4545,147.16,58.36,8.19,Chennai,Tamil Nadu
4546,4546,197.58,36.96,7.61,Thiruvananthapuram,Kerala
4547,4547,63.11,37.67,3.13,Bhubaneswar,Odisha
4548,4548,186.81,66.58,8.5,Nagpur,Maharashtra
4549,4549,158.56,78.07,2.52,Nagpur,Maharashtra
4550,4550,283.37,43.94,7.16,Warangal,Telangana
4551,4551,280.01,55.78,5.06,Chennai,Tamil Nadu
4552,4552,142.52,50.68,8.79,New Delhi,Delhi
4553,4553,56.87,66.38,9.78,Lucknow,Uttar Pradesh
4554,4554,283.15,29.45,9.6,Coimbatore,Tamil Nadu
4555,4555,263.31,71.95,4.27,Lucknow,Uttar Pradesh
4556,4556,106.88,47.15,9.37,Hyderabad,Telangana
4557,4557,87.36,55.91,7.85,Udaipur,Rajasthan
4558,4558,286.21,74.15,3.62,Jaipur,Rajasthan
4559,4559,255.95,73.86,5.42,Nashik,Maharashtra
4560,4560,148.82,42.38,8.26,Kanpur,Uttar Pradesh
4561,4561,76.42,37.53,4.98,Chandigarh,Chandigarh
4562,4562,128.58,54.92,7.54,Ranchi,Jharkhand
4563,4563,98.83,53.18,6.5,Patna,Bihar
4564,4564,260.64,61.32,2.18,Bengaluru,Karnataka
4565,4565,270.69,36.42,8.6,Ahmedabad,Gujarat
4566,4566,166.56,54.53,9.99,Surat,Gujarat
4567,4567,99.25,71.88,4.74,Nagpur,Maharashtra
4568,4568,229.27,54.69,6.76,Bengaluru,Karnataka
4569,4569,210.8,51.76,4.75,Nashik,Maharashtra
4570,4570,70.97,58.93,3,Surat,Gujarat
4571,4571,264.17,66.99,8.98,Bhubaneswar,Odisha
4572,4572,103.9,73.7,5.15,Ahmedabad,Gujarat
4573,4573,244.65,49.96,9.78,Indore,Madhya Pradesh
4574,4574,148.32,47.83,7.55,Jaipur,Rajasthan
4575,4575,195.83,44.51,9.88,Hyderabad,Telangana
4576,4576,77.34,67.42,2.64,Coimbatore,Tamil Nadu
4577,4577,139.1,33.62,2.31,Hyderabad,Telangana
4578,4578,76.93,58.02,9.24,Bhubaneswar,Odisha
4579,4579,243.05,70.29,2.91,Bengaluru,Karnataka
4580,4580,129.02,77.04,8.57,Kochi,Kerala
4581,4581,255.26,23.51,2.4,Bhopal,Madhya Pradesh
4582,4582,58.71,26.08,5.06,Patna,Bihar
4583,4583,158.33,44.92,9.69,Chennai,Tamil Nadu
4584,4584,90.64,66.54,8.31,Jaipur,Rajasthan
4585,4585,103.67,68.58,3.42,Jaipur,Rajasthan
4586,4586,293.78,31.97,6.52,Guwahati,Assam
4587,4587,126.15,45.22,6,Bengaluru,Karnataka
4588,4588,238.59,73.25,2.36,Kanpur,Uttar Pradesh
4589,4589,189.08,56.91,3.26,Patna,Bihar
4590,4590,80.15,42.23,5.38,Mumbai,Maharashtra
4591,4591,209.59,63.46,5.75,Delhi,Delhi
4592,4592,68.23,57.12,9.58,Chandigarh,Chandigarh
4593,4593,288.01,66.07,7.99,Kochi,Kerala
4594,4594,221.44,37.56,9.03,Surat,Gujarat
4595,4595,118.92,21.64,7.49,Thiruvananthapuram,Kerala
4596,4596,60.54,45.89,7.56,Ahmedabad,Gujarat
4597,4597,136.81,29.95,4.65,Bengaluru,Karnataka
4598,4598,62.52,35.62,5,Mysuru,Karnataka
4599,4599,183.49,68.03,6.95,Lucknow,Uttar Pradesh
4600,4600,87.88,27.56,7.91,Mumbai,Maharashtra
4601,4601,54.61,43.09,8.36,Shimla,Himachal Pradesh
4602,4602,211.68,38.35,2.92,Bhubaneswar,Odisha
4603,4603,83.88,23.37,6.06,Kochi,Kerala
4604,4604,102.72,37.11,3.15,Hyderabad,Telangana
4605,4605,299.89,75.8,5.74,Hyderabad,Telangana
4606,4606,66.92,49.97,4.24,Chennai,Tamil Nadu
4607,4607,154.44,79.66,7.14,Guwahati,Assam
4608,4608,289.79,68.22,9.13,Bengaluru,Karnataka
4609,4609,249.86,56.64,3.13,Hyderabad,Telangana
4610,4610,288.91,49,3.17,Chandigarh,Chandigarh
4611,4611,116.31,61.79,6.06,Delhi,Delhi
4612,4612,251.64,56.23,6.32,Surat,Gujarat
4613,4613,151.59,44.91,6.37,Guwahati,Assam
4614,4614,257.92,45.32,5.26,Ahmedabad,Gujarat
4615,4615,91.77,77.59,9.68,Bengaluru,Karnataka
4616,4616,185.79,71.82,7.48,Warangal,Telangana
4617,4617,75.12,71.47,7.67,Mysuru,Karnataka
4618,4618,56.12,54.25,5.05,Kanpur,Uttar Pradesh
4619,4619,200.57,35.61,6.41,Patna,Bihar
4620,4620,182.42,24.31,4.13,Patna,Bihar
4621,4621,239.3,79.06,6.47,Nagpur,Maharashtra
4622,4622,224.06,38.12,9.93,Chennai,Tamil Nadu
4623,4623,191.6,71.4,9.4,Kanpur,Uttar Pradesh
4624,4624,127.91,67.89,7.37,Dehradun,Uttarakhand
4625,4625,255.67,42.6,8.78,Bhubaneswar,Odisha
4626,4626,257.78,56.02,3.49,Shimla,Himachal Pradesh
4627,4627,92.56,78.65,6.67,Bhubaneswar,Odisha
4628,4628,205.14,20.59,9.34,Coimbatore,Tamil Nadu
4629,4629,252.49,24.93,8.11,Chennai,Tamil Nadu
4630,4630,250.73,43.52,8.81,Shimla,Himachal Pradesh
4631,4631,293.4,47.57,5.03,Indore,Madhya Pradesh
4632,4632,219.67,72.36,4.66,Bengaluru,Karnataka
4633,4633,232.35,57.2,8.76,Mumbai,Maharashtra
4634,4634,282.48,23.71,2.15,Lucknow,Uttar Pradesh
4635,4635,206.67,25.25,7.32,Dehradun,Uttarakhand
4636,4636,259.41,56.06,2.66,Kochi,Kerala
4637,4637,52.45,27.75,9.88,Pune,Maharashtra
4638,4638,289.71,41.94,2.49,Bhopal,Madhya Pradesh
4639,4639,90.02,33.64,2.63,Indore,Madhya Pradesh
4640,4640,269.31,41.06,5.29,Delhi,Delhi
4641,4641,96.44,26.45,6.09,Kochi,Kerala
4642,4642,231.89,61.97,9.69,Coimbatore,Tamil Nadu
4643,4643,81.21,25.76,7.41,Dehradun,Uttarakhand
4644,4644,251.27,54.86,6.84,Chennai,Tamil Nadu
4645,4645,89.9,35.88,3.43,Lucknow,Uttar Pradesh
4646,4646,113.7,71.42,2.22,Pune,Maharashtra
4647,4647,158.03,74.26,2.69,Nashik,Maharashtra
4648,4648,193.41,30.61,3.02,Bengaluru,Karnataka
4649,4649,268.92,49.44,5.08,Guwahati,Assam
4650,4650,254.79,43.2,6.41,Hyderabad,Telangana
4651,4651,137.12,72.82,7.51,Warangal,Telangana
4652,4652,123.66,30.59,2.59,Hyderabad,Telangana
4653,4653,227.09,30.23,4.8,Ranchi,Jharkhand
4654,4654,244.98,24.62,3.4,Nagpur,Maharashtra
4655,4655,188.1,26.83,9.64,Guwahati,Assam
4656,4656,181.57,75.11,3.6,Coimbatore,Tamil Nadu
4657,4657,290.34,63.11,5.54,Surat,Gujarat
4658,4658,87.39,35.91,9.25,Jaipur,Rajasthan
4659,4659,166.07,64.81,5.45,Guwahati,Assam
4660,4660,195.11,38.96,2.21,Udaipur,Rajasthan
4661,4661,247.37,48.77,7.23,Dehradun,Uttarakhand
4662,4662,200.34,61.98,7.67,Delhi,Delhi
4663,4663,274.18,73.32,2.56,Delhi,Delhi
4664,4664,85.85,25.16,9.91,Jaipur,Rajasthan
4665,4665,62.8,62.14,7.79,Dehradun,Uttarakhand
4666,4666,172.29,43.17,7.52,New Delhi,Delhi
4667,4667,254.33,23.21,3.16,Chennai,Tamil Nadu
4668,4668,69.82,67.15,5.34,Kanpur,Uttar Pradesh
4669,4669,54.14,32.39,6.4,Bhubaneswar,Odisha
4670,4670,54.67,67.09,9.36,Chandigarh,Chandigarh
4671,4671,125.96,33.58,2.98,Pune,Maharashtra
4672,4672,183.98,69.91,4.04,Ahmedabad,Gujarat
4673,4673,245.51,68.07,3.98,Coimbatore,Tamil Nadu
4674,4674,219.33,62.41,6.13,Nashik,Maharashtra
4675,4675,107.45,48.91,3.85,Kochi,Kerala
4676,4676,197.03,28.56,6.33,Kochi,Kerala
4677,4677,254.11,51.75,9.44,Mysuru,Karnataka
4678,4678,102.6,76.55,7.99,Shimla,Himachal Pradesh
4679,4679,85.18,33.94,5.75,Mumbai,Maharashtra
4680,4680,176.08,21.35,6.7,Patna,Bihar
4681,4681,235.31,49.05,7.39,Bhopal,Madhya Pradesh
4682,4682,204.16,36.9,7.74,Nashik,Maharashtra
4683,4683,234.28,56.38,5.7,Jaipur,Rajasthan
4684,4684,87.29,34.75,9.74,Surat,Gujarat
4685,4685,97.06,51.41,8.81,Chandigarh,Chandigarh
4686,4686,106.45,71.7,5.68,Hyderabad,Telangana
4687,4687,112.57,60.36,4.68,New Delhi,Delhi
4688,4688,248.79,41.52,4.25,Nagpur,Maharashtra
4689,4689,217.77,32.31,4.04,Indore,Madhya Pradesh
4690,4690,143.25,53.38,6.05,Kolkata,West Bengal
4691,4691,248.22,74.86,2.07,Patna,Bihar
4692,4692,208.35,26.21,2.77,Kochi,Kerala
4693,4693,273.01,59.86,4.19,Chandigarh,Chandigarh
4694,4694,110.85,40.37,8.68,Ahmedabad,Gujarat
4695,4695,121.85,69.44,7.58,Chandigarh,Chandigarh
4696,4696,220.11,69.46,4.71,Guwahati,Assam
4697,4697,266.03,78.4,4.64,Bhopal,Madhya Pradesh
4698,4698,236.17,67.63,6.3,Udaipur,Rajasthan
4699,4699,97.47,36.52,6.19,Ahmedabad,Gujarat
4700,4700,52.89,75.23,9.49,Guwahati,Assam
4701,4701,87.79,78.47,6.16,Nashik,Maharashtra
4702,4702,113.86,79.9,5.37,Indore,Madhya Pradesh
4703,4703,72.5,53.59,2.71,Indore,Madhya Pradesh
4704,4704,219.47,24.4,4.3,Pune,Maharashtra
4705,4705,228.32,21.13,2.38,Jaipur,Rajasthan
4706,4706,275.96,40.47,6.79,Chandigarh,Chandigarh
4707,4707,122.15,54.56,3.45,Surat,Gujarat
4708,4708,145.1,77.31,2.52,Thiruvananthapuram,Kerala
4709,4709,78.65,59.19,8.25,Pune,Maharashtra
4710,4710,90.99,39.21,4.15,Siliguri,West Bengal
4711,4711,260.82,75.34,2.95,Indore,Madhya Pradesh
4712,4712,65.58,62.89,9.77,Bhubaneswar,Odisha
4713,4713,256.26,49.26,3.59,Nashik,Maharashtra
4714,4714,242.6,48.76,3.54,Indore,Madhya Pradesh
4715,4715,90.47,36.39,3.67,Coimbatore,Tamil Nadu
4716,4716,278.93,78.53,2.91,Bengaluru,Karnataka
4717,4717,106.61,74.2,9.46,Coimbatore,Tamil Nadu
4718,4718,276.83,31.78,3.96,Nashik,Maharashtra
4719,4719,153.82,33.16,4.85,Dehradun,Uttarakhand
4720,4720,204.28,53.1,8.34,Warangal,Telangana
4721,4721,253.08,48.41,8.37,Guwahati,Assam
4722,4722,127,75.44,9.98,Kolkata,West Bengal
4723,4723,175.51,52.93,4.18,Mysuru,Karnataka
4724,4724,261.44,64.24,7.79,Bhopal,Madhya Pradesh
4725,4725,129.09,36.91,4.84,Surat,Gujarat
4726,4726,247.43,71.53,3.3,Indore,Madhya Pradesh
4727,4727,54.62,32.19,4.13,Pune,Maharashtra
4728,4728,283.88,44.09,7.93,Ahmedabad,Gujarat
4729,4729,282.56,38.37,5.34,Nagpur,Maharashtra
4730,4730,87.37,33.01,6.12,Patna,Bihar
4731,4731,195.47,20.33,7.01,Mumbai,Maharashtra
4732,4732,68.36,58.86,8.69,Chandigarh,Chandigarh
4733,4733,93.71,59.05,6.54,Udaipur,Rajasthan
4734,4734,232.21,75.21,2.29,Chandigarh,Chandigarh
4735,4735,252.58,77.98,7.02,Udaipur,Rajasthan
4736,4736,161.86,69.57,7.32,Warangal,Telangana
4737,4737,216.76,44.48,2.38,Hyderabad,Telangana
4738,4738,67.47,26.48,8.82,Indore,Madhya Pradesh
4739,4739,219.3,78.56,7.52,Lucknow,Uttar Pradesh
4740,4740,286.44,21.92,9.72,Dehradun,Uttarakhand
4741,4741,178.02,38.63,4.37,Ahmedabad,Gujarat
4742,4742,277.08,34.48,2.29,Mysuru,Karnataka
4743,4743,178.15,51.73,6.7,Mysuru,Karnataka
4744,4744,65.99,33.42,3.32,Nashik,Maharashtra
4745,4745,138.66,71.44,9.29,Kochi,Kerala
4746,4746,155.59,69.53,9.11,Kochi,Kerala
4747,4747,288.54,72.6,3.78,Guwahati,Assam
4748,4748,267.87,63.66,2.74,Warangal,Telangana
4749,4749,299.93,26.34,8.83,Bengaluru,Karnataka
4750,4750,289.46,54.44,3.98,Jaipur,Rajasthan
4751,4751,68.55,29.3,2.69,Coimbatore,Tamil Nadu
4752,4752,137.91,58.46,2.7,Coimbatore,Tamil Nadu
4753,4753,299.58,57.51,5.36,Indore,Madhya Pradesh
4754,4754,227.04,42.62,3.95,Kochi,Kerala
4755,4755,58.8,35.34,6.61,Coimbatore,Tamil Nadu
4756,4756,150.99,50.91,4.69,Delhi,Delhi
4757,4757,99.37,67.47,5.08,Nagpur,Maharashtra
4758,4758,131.21,29.34,4.59,Pune,Maharashtra
4759,4759,259.88,77.97,8.78,Indore,Madhya Pradesh
4760,4760,112.07,76.23,2.33,Bhopal,Madhya Pradesh
4761,4761,118.1,25.95,7.34,Nashik,Maharashtra
4762,4762,108.89,79.85,3.41,Mumbai,Maharashtra
4763,4763,236.22,69.87,9.85,New Delhi,Delhi
4764,4764,208.35,68.45,8.43,Bhopal,Madhya Pradesh
4765,4765,52.99,20.23,2.72,Surat,Gujarat
4766,4766,83.55,49.29,7.78,Indore,Madhya Pradesh
4767,4767,183.85,64.03,4.34,Chennai,Tamil Nadu
4768,4768,146.6,44.97,5.34,Bhubaneswar,Odisha
4769,4769,162.65,49.62,7.05,Surat,Gujarat
4770,4770,210.06,48.49,8.12,Kolkata,West Bengal
4771,4771,225.97,24.86,3.89,Mumbai,Maharashtra
4772,4772,265.01,41.09,4.1,Mysuru,Karnataka
4773,4773,81.51,60.86,9.08,Pune,Maharashtra
4774,4774,164.55,75.45,5.1,Mumbai,Maharashtra
4775,4775,202.83,38.41,9.25,Kolkata,West Bengal
4776,4776,193.89,74.85,2.73,Udaipur,Rajasthan
4777,4777,145.15,56.39,4.99,Chandigarh,Chandigarh
4778,4778,142.2,37.85,6.35,Ranchi,Jharkhand
4779,4779,205.54,75.11,2.45,Chandigarh,Chandigarh
4780,4780,288.41,79.84,8.42,Warangal,Telangana
4781,4781,158.68,53.12,5.09,Indore,Madhya Pradesh
4782,4782,117.71,36.33,8.87,Lucknow,Uttar Pradesh
4783,4783,236.08,74.3,8.6,Pune,Maharashtra
4784,4784,140.14,45.71,9.02,Mumbai,Maharashtra
4785,4785,90.11,37.5,2.36,Guwahati,Assam
4786,4786,238.7,39.67,3.43,Bengaluru,Karnataka
4787,4787,270.58,21.52,2.72,Shimla,Himachal Pradesh
4788,4788,170.68,29.9,7.75,Kochi,Kerala
4789,4789,92.67,25.89,7.96,Bengaluru,Karnataka
4790,4790,84.18,31.13,6.74,Guwahati,Assam
4791,4791,113.94,31.25,6.14,Bengaluru,Karnataka
4792,4792,124.28,71.89,2.68,Mysuru,Karnataka
4793,4793,165.81,63.65,5.8,Ranchi,Jharkhand
4794,4794,77.6,62.91,9.68,Chandigarh,Chandigarh
4795,4795,101.98,63.05,5.66,Kochi,Kerala
4796,4796,173.26,58.25,5.12,Kochi,Kerala
4797,4797,175.28,47.98,6.62,Coimbatore,Tamil Nadu
4798,4798,102.22,72.02,7.46,Udaipur,Rajasthan
4799,4799,130.23,39.13,3.97,Nashik,Maharashtra
4800,4800,130.9,64.21,6.56,Jaipur,Rajasthan
4801,4801,128.73,26.32,4.33,Siliguri,West Bengal
4802,4802,282.39,37.34,6.38,Dehradun,Uttarakhand
4803,4803,272.47,34.12,9.88,Ranchi,Jharkhand
4804,4804,189.6,44.26,2.26,Warangal,Telangana
4805,4805,212.58,75.71,4.39,Chennai,Tamil Nadu
4806,4806,140.7,68.49,7.52,Jaipur,Rajasthan
4807,4807,194.75,34.89,5.98,Hyderabad,Telangana
4808,4808,193.49,22.93,4.61,Udaipur,Rajasthan
4809,4809,289.28,51.75,2.01,Ranchi,Jharkhand
4810,4810,100.52,40.39,4.31,Guwahati,Assam
4811,4811,136.8,57.65,9.18,Delhi,Delhi
4812,4812,292.25,56.18,4.75,Hyderabad,Telangana
4813,4813,61.48,71.98,4.03,Siliguri,West Bengal
4814,4814,231.37,73.2,6.87,Chennai,Tamil Nadu
4815,4815,286.79,43.78,3.88,Patna,Bihar
4816,4816,63.55,25.87,6.21,Jaipur,Rajasthan
4817,4817,126.99,21.81,5.66,Nagpur,Maharashtra
4818,4818,115.46,49.42,2.42,Patna,Bihar
4819,4819,94.35,75.13,4.72,Delhi,Delhi
4820,4820,207.42,45.67,3.96,Siliguri,West Bengal
4821,4821,124.79,29.28,2.82,Coimbatore,Tamil Nadu
4822,4822,117.21,37.88,6.56,Bhopal,Madhya Pradesh
4823,4823,207.01,70.03,8.23,Udaipur,Rajasthan
4824,4824,147.24,43.68,3.5,Kochi,Kerala
4825,4825,208.67,32.78,6.96,Coimbatore,Tamil Nadu
4826,4826,266.72,74.71,3.58,Mysuru,Karnataka
4827,4827,153.81,71.96,4.99,Mysuru,Karnataka
4828,4828,173.24,77.8,8.8,Dehradun,Uttarakhand
4829,4829,115.24,40.19,4.37,Chennai,Tamil Nadu
4830,4830,299.92,68.33,3.54,Bengaluru,Karnataka
4831,4831,68.46,29.33,2.6,Jaipur,Rajasthan
4832,4832,188.83,27.05,9.71,Shimla,Himachal Pradesh
4833,4833,104.22,49.35,3.53,Siliguri,West Bengal
4834,4834,272.05,76.83,7.93,Dehradun,Uttarakhand
4835,4835,264.72,61.48,6.42,Ranchi,Jharkhand
4836,4836,279.26,61.61,5.33,Guwahati,Assam
4837,4837,285.36,50.56,6.06,Lucknow,Uttar Pradesh
4838,4838,255.71,76.29,5.47,Siliguri,West Bengal
4839,4839,199.35,32.83,9.19,Bhopal,Madhya Pradesh
4840,4840,215.96,49.42,8.31,Ranchi,Jharkhand
4841,4841,77.02,74.76,2.44,Siliguri,West Bengal
4842,4842,99.81,55.76,4.24,Pune,Maharashtra
4843,4843,169.61,34.71,9.01,Udaipur,Rajasthan
4844,4844,198.14,68.95,8.86,Kochi,Kerala
4845,4845,294.9,63.3,2.1,Jaipur,Rajasthan
4846,4846,242.65,59.97,4.95,Nagpur,Maharashtra
4847,4847,192.76,29.17,2.14,Shimla,Himachal Pradesh
4848,4848,95.62,33.48,3.3,Kanpur,Uttar Pradesh
4849,4849,278.21,56.5,5.04,Mysuru,Karnataka
4850,4850,65.14,26.63,3.83,Nashik,Maharashtra
4851,4851,130.82,41.85,4.83,Surat,Gujarat
4852,4852,73.79,52.63,8.6,Bhubaneswar,Odisha
4853,4853,262.08,75.5,9.49,Chennai,Tamil Nadu
4854,4854,125.22,43.17,5.35,Kochi,Kerala
4855,4855,126.42,44.71,5.82,Mumbai,Maharashtra
4856,4856,256.81,57.77,7.59,Jaipur,Rajasthan
4857,4857,53.97,22.42,7.05,Patna,Bihar
4858,4858,211.06,43.58,4.2,Bhubaneswar,Odisha
4859,4859,100.72,39.3,6.71,Surat,Gujarat
4860,4860,261.2,79.84,6.74,Lucknow,Uttar Pradesh
4861,4861,116.48,42.31,5.93,Guwahati,Assam
4862,4862,72.56,49.3,6.67,Siliguri,West Bengal
4863,4863,51.67,66.57,5.53,Lucknow,Uttar Pradesh
4864,4864,152.52,43.09,9.15,Coimbatore,Tamil Nadu
4865,4865,99.48,35.44,8.79,Bhopal,Madhya Pradesh
4866,4866,204.41,21.51,8.65,Hyderabad,Telangana
4867,4867,281.05,30.11,3.42,Kochi,Kerala
4868,4868,250.9,46.95,5,Mysuru,Karnataka
4869,4869,147.28,43.87,9.04,Pune,Maharashtra
4870,4870,217.45,42.23,8.07,Thiruvananthapuram,Kerala
4871,4871,123.96,26.67,3.03,Delhi,Delhi
4872,4872,175.32,30.48,5.87,Shimla,Himachal Pradesh
4873,4873,298.95,49.18,8.16,Chandigarh,Chandigarh
4874,4874,69.45,62.59,4.05,Hyderabad,Telangana
4875,4875,295.65,48.37,7.79,Shimla,Himachal Pradesh
4876,4876,100.65,48.79,5.49,Surat,Gujarat
4877,4877,181.24,37.68,6.71,Warangal,Telangana
4878,4878,208.21,43.03,3.88,Bengaluru,Karnataka
4879,4879,162.86,55.67,2.69,Chennai,Tamil Nadu
4880,4880,211.33,67.37,2.03,Hyderabad,Telangana
4881,4881,109.81,65.9,3.57,Jaipur,Rajasthan
4882,4882,200.86,51.28,2.37,Bhopal,Madhya Pradesh
4883,4883,226.09,70.47,9.28,Ranchi,Jharkhand
4884,4884,237.36,49.77,4.34,Shimla,Himachal Pradesh
4885,4885,206.75,33.88,4.45,Nagpur,Maharashtra
4886,4886,286,43.39,3.68,Shimla,Himachal Pradesh
4887,4887,145.74,48.86,6.55,Kolkata,West Bengal
4888,4888,191.91,34.96,2.66,Hyderabad,Telangana
4889,4889,287.24,42.34,8.7,Chandigarh,Chandigarh
4890,4890,294.67,57.5,2.75,Bhopal,Madhya Pradesh
4891,4891,284.42,51.95,3.31,Nagpur,Maharashtra
4892,4892,249.46,63.69,6.21,Lucknow,Uttar Pradesh
4893,4893,58.27,59.43,9.83,Mumbai,Maharashtra
4894,4894,87.04,76.32,2.81,Chennai,Tamil Nadu
4895,4895,214.15,39.72,3.32,Mysuru,Karnataka
4896,4896,230.02,54.52,8.37,Kochi,Kerala
4897,4897,162.4,32.54,5.76,Thiruvananthapuram,Kerala
4898,4898,63.98,69.99,2.69,Bhubaneswar,Odisha
4899,4899,257.66,36.69,2.43,Indore,Madhya Pradesh
4900,4900,97.01,50.67,4.34,Warangal,Telangana
4901,4901,95.12,33.37,4.86,Udaipur,Rajasthan
4902,4902,227.15,60.84,9.93,Nagpur,Maharashtra
4903,4903,265.82,27.35,9.51,Surat,Gujarat
4904,4904,239.42,31.63,2.54,Shimla,Himachal Pradesh
4905,4905,224.47,35.73,6.06,New Delhi,Delhi
4906,4906,142.22,51.84,9.67,Hyderabad,Telangana
4907,4907,234.17,24.41,5.13,Bhubaneswar,Odisha
4908,4908,133.94,60.37,2.74,Mysuru,Karnataka
4909,4909,86.26,53.46,4,Guwahati,Assam
4910,4910,242.09,46.05,9.13,Hyderabad,Telangana
4911,4911,267.06,38.24,5.87,Mysuru,Karnataka
4912,4912,269.99,30.41,7.4,Bhubaneswar,Odisha
4913,4913,132.66,76.78,6.51,Delhi,Delhi
4914,4914,70.34,36.92,4.32,Surat,Gujarat
4915,4915,186.81,20.94,4.67,Bengaluru,Karnataka
4916,4916,56.97,39.51,3.8,Bhubaneswar,Odisha
4917,4917,216.19,56.32,8.15,Chandigarh,Chandigarh
4918,4918,245.3,72.54,8.09,Shimla,Himachal Pradesh
4919,4919,223.31,61.76,6.73,Ranchi,Jharkhand
4920,4920,197.76,67.62,5.41,Dehradun,Uttarakhand
4921,4921,106.54,26.32,9.08,Kanpur,Uttar Pradesh
4922,4922,294.12,59.81,6.19,Bhopal,Madhya Pradesh
4923,4923,133.37,74.5,7.55,Thiruvananthapuram,Kerala
4924,4924,155.57,49.16,5.39,Jaipur,Rajasthan
4925,4925,158.39,22.95,6.6,Kolkata,West Bengal
4926,4926,157.6,68.72,6.37,New Delhi,Delhi
4927,4927,79.56,45.53,3.42,Surat,Gujarat
4928,4928,291.33,79.62,8.64,Chennai,Tamil Nadu
4929,4929,213.69,41.95,6.9,Bengaluru,Karnataka
4930,4930,66.5,71.68,9.58,Warangal,Telangana
4931,4931,283.39,25,4.94,Warangal,Telangana
4932,4932,149.74,67.11,6.46,Delhi,Delhi
4933,4933,76.42,53.19,2.73,Surat,Gujarat
4934,4934,219.6,66.12,5.92,Dehradun,Uttarakhand
4935,4935,99.93,50.68,2.44,Guwahati,Assam
4936,4936,79.18,35.14,9.16,Lucknow,Uttar Pradesh
4937,4937,163.2,47.48,2.8,Ahmedabad,Gujarat
4938,4938,192.84,37.43,3.12,Lucknow,Uttar Pradesh
4939,4939,296.93,78.41,8.09,Kolkata,West Bengal
4940,4940,291.05,61.18,6.48,Lucknow,Uttar Pradesh
4941,4941,196.95,40.65,2.76,Dehradun,Uttarakhand
4942,4942,253.29,58.1,6.89,Nashik,Maharashtra
4943,4943,166,22.73,5.38,Surat,Gujarat
4944,4944,136.91,57.54,3.35,Warangal,Telangana
4945,4945,271.13,76.52,3.39,Lucknow,Uttar Pradesh
4946,4946,252.14,52.16,7.42,Indore,Madhya Pradesh
4947,4947,61.06,52.24,9.22,Surat,Gujarat
4948,4948,148.12,69.46,4.2,Coimbatore,Tamil Nadu
4949,4949,268.6,72.6,7.9,Bengaluru,Karnataka
4950,4950,86.05,53.8,3.28,Pune,Maharashtra
4951,4951,245.17,54.07,9.97,Pune,Maharashtra
4952,4952,100.76,45.55,2.95,Bengaluru,Karnataka
4953,4953,231.07,52.99,4.88,Bhopal,Madhya Pradesh
4954,4954,228.93,27.76,8.42,Bhopal,Madhya Pradesh
4955,4955,158.12,47.78,9.76,Kanpur,Uttar Pradesh
4956,4956,140.95,54.64,3.71,Indore,Madhya Pradesh
4957,4957,110.13,39.42,3.93,Thiruvananthapuram,Kerala
4958,4958,143.62,67.3,7.51,Warangal,Telangana
4959,4959,287.05,66.08,6.13,New Delhi,Delhi
4960,4960,229.51,53.64,3.11,Coimbatore,Tamil Nadu
4961,4961,179.08,71.32,9.39,Thiruvananthapuram,Kerala
4962,4962,119.57,54.74,5.36,Siliguri,West Bengal
4963,4963,195.96,28.14,7.76,Coimbatore,Tamil Nadu
4964,4964,277.53,76.22,5.43,Kochi,Kerala
4965,4965,163,56.95,8.24,Nagpur,Maharashtra
4966,4966,58.93,65.31,5.58,New Delhi,Delhi
4967,4967,91.65,63.75,9.5,Chandigarh,Chandigarh
4968,4968,297.27,54.7,6.5,Mysuru,Karnataka
4969,4969,50.68,53.69,9.01,Coimbatore,Tamil Nadu
4970,4970,59.76,24.15,7.34,Guwahati,Assam
4971,4971,221.53,79.07,4.27,Bhopal,Madhya Pradesh
4972,4972,61.11,77.3,6.97,Warangal,Telangana
4973,4973,252.81,25.68,9.16,Pune,Maharashtra
4974,4974,167.94,71.2,8.53,Chennai,Tamil Nadu
4975,4975,197.17,79.94,4.73,Thiruvananthapuram,Kerala
4976,4976,86.75,21.44,6.71,Indore,Madhya Pradesh
4977,4977,76.97,71.76,8.83,Warangal,Telangana
4978,4978,109.29,36.71,2.23,Bhubaneswar,Odisha
4979,4979,76.16,69.38,8.26,New Delhi,Delhi
4980,4980,270.32,75.95,7.97,Ranchi,Jharkhand
4981,4981,136.32,67.39,8.33,Siliguri,West Bengal
4982,4982,281.11,58.22,7.48,Chandigarh,Chandigarh
4983,4983,179.61,79.96,2.77,Thiruvananthapuram,Kerala
4984,4984,120.04,53.1,7.61,Bhopal,Madhya Pradesh
4985,4985,154.07,46.36,6.37,Kolkata,West Bengal
4986,4986,92.68,30.26,6.3,Siliguri,West Bengal
4987,4987,91.27,40.08,4.42,Shimla,Himachal Pradesh
4988,4988,289.95,25.62,7.57,Dehradun,Uttarakhand
4989,4989,123.18,43.21,8.52,Bhubaneswar,Odisha
4990,4990,278.65,78.06,5.26,Bhopal,Madhya Pradesh
4991,4991,278.08,36.19,2.2,Pune,Maharashtra
4992,4992,158.24,22.27,2.8,Siliguri,West Bengal
4993,4993,225.96,79.48,8.67,Bengaluru,Karnataka
4994,4994,75.31,44.57,5.65,Kolkata,West Bengal
4995,4995,235.04,21.38,9.5,Warangal,Telangana
4996,4996,202.6,74.77,3.3,Kanpur,Uttar Pradesh
4997,4997,73.09,53.66,5.75,Ahmedabad,Gujarat
4998,4998,89.12,42.78,2.56,Guwahati,Assam
4999,4999,66.94,22.09,6.73,Delhi,Delhi
5000,5000,114.22,30.92,4.86,Bengaluru,Karnataka

