material_id,material_name,category
1,Gypsum Powder,Textile
2,Synthetic Rubber Sheet,Construction
3,Stainless Steel Bolt,Plastic
4,Printed Circuit Board,Packaging
5,MDF Board,Textile
6,Leather Sheet,Metal
7,Lithium Battery Cell,Chemical
8,Cement Bag,Metal
9,Tempered Glass Panel,Textile
10,Coolant Liquid,Chemical
11,Stainless Steel Bolt,Electronics
12,Timber Plank,Construction
13,MDF Board,Plastic
14,Thermal Insulation Wool,Plastic
15,HDPE Granules,Chemical
16,Textile Cotton Fiber,Plastic
17,ABS Plastic Pellets,Metal
18,Latex Compound,Metal
19,Industrial Adhesive,Packaging
20,Wooden Plywood Sheet,Plastic
21,Nylon Fiber,Packaging
22,Cement Bag,Metal
23,Industrial Adhesive,Textile
24,Hydraulic Oil,Electronics
25,Microcontroller Chip,Construction
26,Lithium Battery Cell,Plastic
27,Microcontroller Chip,Plastic
28,Electric Motor Coil,Metal
29,Powder Coating Material,Chemical
30,Sand Aggregate,Textile
31,Polyester Yarn,Packaging
32,ABS Plastic Pellets,Metal
33,Copper Wire,Plastic
34,Coolant Liquid,Metal
35,Epoxy Resin,Packaging
36,Lithium Battery Cell,Plastic
37,Brass Pipe,Construction
38,Electric Motor Coil,Chemical
39,Lubricating Oil,Construction
40,Polycarbonate Sheet,Metal
41,Powder Coating Material,Electronics
42,Ceramic Insulator,Construction
43,Rubber Gasket,Construction
44,Timber Plank,Plastic
45,Textile Cotton Fiber,Textile
46,Polyester Yarn,Electronics
47,Gravel Stone,Plastic
48,Tempered Glass Panel,Electronics
49,Leather Sheet,Electronics
50,Timber Plank,Textile
51,Tempered Glass Panel,Construction
52,HDPE Granules,Chemical
53,Industrial Adhesive,Textile
54,Coolant Liquid,Plastic
55,Hydraulic Oil,Metal
56,Thermal Insulation Wool,Textile
57,MDF Board,Textile
58,Silicone Sealant,Plastic
59,Powder Coating Material,Metal
60,Aluminum Sheet,Plastic
61,Electric Motor Coil,Chemical
62,Sand Aggregate,Metal
63,PVC Pipe,Chemical
64,Concrete Additive,Textile
65,Concrete Additive,Chemical
66,Timber Plank,Metal
67,Powder Coating Material,Packaging
68,Tempered Glass Panel,Chemical
69,Printed Circuit Board,Chemical
70,Rubber Gasket,Packaging
71,PVC Pipe,Textile
72,Timber Plank,Textile
73,Epoxy Resin,Electronics
74,Aluminum Sheet,Packaging
75,Sand Aggregate,Plastic
76,Stainless Steel Bolt,Electronics
77,Denim Fabric,Plastic
78,Denim Fabric,Chemical
79,Industrial Adhesive,Metal
80,Sand Aggregate,Chemical
81,Steel Rod,Textile
82,Rubber Gasket,Electronics
83,Brass Pipe,Textile
84,Paint Pigment,Chemical
85,Stainless Steel Bolt,Plastic
86,Hydraulic Oil,Chemical
87,LED Module,Packaging
88,Gravel Stone,Metal
89,Denim Fabric,Textile
90,HDPE Granules,Electronics
91,Glass Fiber,Metal
92,Industrial Adhesive,Chemical
93,Iron Ore,Plastic
94,ABS Plastic Pellets,Chemical
95,Brass Pipe,Electronics
96,Plastic Packaging Film,Metal
97,Steel Rod,Metal
98,Coolant Liquid,Electronics
99,Electric Motor Coil,Metal
100,Polycarbonate Sheet,Electronics
101,Iron Ore,Construction
102,Industrial Grease,Construction
103,Corrugated Box,Construction
104,Industrial Adhesive,Electronics
105,ABS Plastic Pellets,Metal
106,Sand Aggregate,Textile
107,Foam Padding,Metal
108,Plastic Packaging Film,Construction
109,Polycarbonate Sheet,Electronics
110,Cement Bag,Chemical
111,Gypsum Powder,Electronics
112,Electric Motor Coil,Packaging
113,Paint Pigment,Plastic
114,MDF Board,Chemical
115,Corrugated Box,Packaging
116,Lithium Battery Cell,Textile
117,Iron Ore,Packaging
118,Industrial Grease,Packaging
119,Plastic Packaging Film,Electronics
120,Tempered Glass Panel,Packaging
121,Denim Fabric,Electronics
122,Industrial Adhesive,Metal
123,Industrial Grease,Construction
124,Coolant Liquid,Electronics
125,Stainless Steel Bolt,Construction
126,Hydraulic Oil,Construction
127,Transformer Core,Construction
128,Gypsum Powder,Plastic
129,Timber Plank,Metal
130,Electric Motor Coil,Packaging
131,Industrial Grease,Plastic
132,Foam Padding,Metal
133,Lithium Battery Cell,Electronics
134,Aluminum Foil Roll,Packaging
135,Aluminum Foil Roll,Textile
136,Denim Fabric,Metal
137,Printed Circuit Board,Metal
138,Lubricating Oil,Construction
139,PVC Pipe,Textile
140,Acrylic Paint,Chemical
141,Sand Aggregate,Textile
142,LED Module,Packaging
143,Leather Sheet,Construction
144,Textile Cotton Fiber,Plastic
145,Gypsum Powder,Metal
146,Stainless Steel Bolt,Construction
147,Ceramic Insulator,Electronics
148,Glass Fiber,Plastic
149,Glass Fiber,Plastic
150,Gravel Stone,Plastic
151,Synthetic Rubber Sheet,Plastic
152,Printed Circuit Board,Metal
153,Coolant Liquid,Metal
154,Hydraulic Oil,Packaging
155,Powder Coating Material,Construction
156,Synthetic Rubber Sheet,Chemical
157,Industrial Adhesive,Metal
158,Lithium Battery Cell,Plastic
159,Timber Plank,Textile
160,Synthetic Rubber Sheet,Packaging
161,Denim Fabric,Metal
162,Silicone Sealant,Chemical
163,Electric Motor Coil,Construction
164,Lubricating Oil,Chemical
165,MDF Board,Packaging
166,Polycarbonate Sheet,Metal
167,Tempered Glass Panel,Plastic
168,PVC Pipe,Electronics
169,Nylon Fiber,Packaging
170,Paint Pigment,Plastic
171,Epoxy Resin,Electronics
172,Rubber Gasket,Metal
173,Sand Aggregate,Packaging
174,Steel Rod,Textile
175,Corrugated Box,Chemical
176,Wooden Plywood Sheet,Chemical
177,Silicone Sealant,Chemical
178,Lubricating Oil,Chemical
179,Corrugated Box,Textile
180,Industrial Adhesive,Chemical
181,Epoxy Resin,Metal
182,Hydraulic Oil,Plastic
183,Concrete Additive,Construction
184,Iron Ore,Chemical
185,Polycarbonate Sheet,Textile
186,Brass Pipe,Metal
187,Wooden Plywood Sheet,Textile
188,Brass Pipe,Packaging
189,Glass Fiber,Metal
190,Paint Pigment,Plastic
191,Powder Coating Material,Textile
192,Lithium Battery Cell,Electronics
193,Cement Bag,Plastic
194,Lithium Battery Cell,Metal
195,Industrial Adhesive,Construction
196,Aluminum Sheet,Electronics
197,Industrial Adhesive,Construction
198,Latex Compound,Packaging
199,Tempered Glass Panel,Plastic
200,Nylon Fiber,Plastic
201,Electric Motor Coil,Packaging
202,Industrial Grease,Construction
203,Polycarbonate Sheet,Packaging
204,Leather Sheet,Plastic
205,Concrete Additive,Electronics
206,Iron Ore,Plastic
207,HDPE Granules,Electronics
208,Iron Ore,Packaging
209,Microcontroller Chip,Plastic
210,Timber Plank,Plastic
211,Thermal Insulation Wool,Electronics
212,Electric Motor Coil,Packaging
213,Polycarbonate Sheet,Metal
214,Nylon Fiber,Chemical
215,Textile Cotton Fiber,Plastic
216,Sand Aggregate,Metal
217,Aluminum Foil Roll,Metal
218,Glass Fiber,Chemical
219,Concrete Additive,Construction
220,PVC Pipe,Construction
221,Electric Motor Coil,Chemical
222,Plastic Packaging Film,Textile
223,Industrial Grease,Electronics
224,PVC Pipe,Packaging
225,Acrylic Paint,Construction
226,Polycarbonate Sheet,Metal
227,Acrylic Paint,Chemical
228,Ceramic Insulator,Plastic
229,Timber Plank,Chemical
230,Sand Aggregate,Chemical
231,Sand Aggregate,Construction
232,Copper Wire,Plastic
233,Coolant Liquid,Construction
234,Polyester Yarn,Electronics
235,Transformer Core,Textile
236,Plastic Packaging Film,Electronics
237,Lithium Battery Cell,Packaging
238,Corrugated Box,Textile
239,Tempered Glass Panel,Metal
240,Latex Compound,Electronics
241,Rubber Gasket,Electronics
242,MDF Board,Plastic
243,Brass Pipe,Textile
244,Rubber Gasket,Chemical
245,Latex Compound,Metal
246,Aluminum Sheet,Plastic
247,Wooden Plywood Sheet,Chemical
248,Concrete Additive,Chemical
249,Glass Fiber,Electronics
250,Iron Ore,Construction
251,Cement Bag,Chemical
252,Ceramic Insulator,Construction
253,Stainless Steel Bolt,Electronics
254,Industrial Grease,Packaging
255,Aluminum Sheet,Construction
256,Printed Circuit Board,Chemical
257,Paint Pigment,Plastic
258,Lubricating Oil,Textile
259,Steel Rod,Metal
260,Iron Ore,Plastic
261,Steel Rod,Metal
262,Electric Motor Coil,Construction
263,Synthetic Rubber Sheet,Plastic
264,Electric Motor Coil,Plastic
265,Latex Compound,Metal
266,Lubricating Oil,Textile
267,Nylon Fiber,Metal
268,MDF Board,Construction
269,Brass Pipe,Construction
270,Wooden Plywood Sheet,Metal
271,MDF Board,Plastic
272,Leather Sheet,Textile
273,Industrial Adhesive,Plastic
274,LED Module,Construction
275,Epoxy Resin,Chemical
276,Tempered Glass Panel,Metal
277,Polyester Yarn,Construction
278,Nylon Fiber,Chemical
279,Rubber Gasket,Textile
280,Hydraulic Oil,Plastic
281,Printed Circuit Board,Metal
282,Tempered Glass Panel,Plastic
283,Cement Bag,Chemical
284,Gypsum Powder,Plastic
285,Silicone Sealant,Textile
286,Silicone Sealant,Construction
287,Acrylic Paint,Packaging
288,MDF Board,Chemical
289,ABS Plastic Pellets,Textile
290,LED Module,Packaging
291,MDF Board,Electronics
292,Cement Bag,Packaging
293,Aluminum Foil Roll,Textile
294,Brass Pipe,Plastic
295,Ceramic Insulator,Packaging
296,Timber Plank,Textile
297,Foam Padding,Packaging
298,Hydraulic Oil,Metal
299,Aluminum Sheet,Electronics
300,Nylon Fiber,Plastic
301,LED Module,Construction
302,Leather Sheet,Chemical
303,Cement Bag,Plastic
304,Industrial Grease,Textile
305,Packaging Cardboard,Electronics
306,Polyester Yarn,Packaging
307,Coolant Liquid,Metal
308,Polycarbonate Sheet,Textile
309,Stainless Steel Bolt,Metal
310,Electric Motor Coil,Chemical
311,Tempered Glass Panel,Plastic
312,Stainless Steel Bolt,Construction
313,Gypsum Powder,Chemical
314,Textile Cotton Fiber,Metal
315,Corrugated Box,Textile
316,LED Module,Electronics
317,Thermal Insulation Wool,Metal
318,Gravel Stone,Metal
319,Thermal Insulation Wool,Plastic
320,Synthetic Rubber Sheet,Metal
321,Hydraulic Oil,Textile
322,Corrugated Box,Metal
323,Steel Rod,Packaging
324,Plastic Packaging Film,Metal
325,Silicone Sealant,Metal
326,Foam Padding,Packaging
327,Leather Sheet,Textile
328,Concrete Additive,Plastic
329,MDF Board,Plastic
330,Copper Wire,Construction
331,Cement Bag,Construction
332,Polyester Yarn,Textile
333,Polyester Yarn,Packaging
334,Textile Cotton Fiber,Electronics
335,Thermal Insulation Wool,Electronics
336,Synthetic Rubber Sheet,Construction
337,PVC Pipe,Plastic
338,Denim Fabric,Metal
339,Epoxy Resin,Plastic
340,Gravel Stone,Packaging
341,Silicone Sealant,Construction
342,Hydraulic Oil,Metal
343,Aluminum Sheet,Metal
344,Cement Bag,Chemical
345,Silicone Sealant,Construction
346,Wooden Plywood Sheet,Electronics
347,Electric Motor Coil,Packaging
348,Timber Plank,Packaging
349,Industrial Adhesive,Packaging
350,Brass Pipe,Metal
351,Synthetic Rubber Sheet,Plastic
352,Silicone Sealant,Packaging
353,Textile Cotton Fiber,Metal
354,LED Module,Electronics
355,Polyester Yarn,Construction
356,Iron Ore,Chemical
357,Textile Cotton Fiber,Plastic
358,Stainless Steel Bolt,Packaging
359,Copper Wire,Electronics
360,Wooden Plywood Sheet,Chemical
361,Epoxy Resin,Textile
362,Gypsum Powder,Metal
363,Rubber Gasket,Construction
364,Hydraulic Oil,Metal
365,Nylon Fiber,Plastic
366,Transformer Core,Textile
367,Tempered Glass Panel,Chemical
368,Leather Sheet,Plastic
369,Synthetic Rubber Sheet,Plastic
370,Wooden Plywood Sheet,Construction
371,Ceramic Insulator,Construction
372,Lubricating Oil,Chemical
373,Iron Ore,Metal
374,Iron Ore,Packaging
375,Sand Aggregate,Plastic
376,Latex Compound,Electronics
377,Transformer Core,Textile
378,Wooden Plywood Sheet,Textile
379,Polycarbonate Sheet,Construction
380,Epoxy Resin,Plastic
381,Timber Plank,Metal
382,Aluminum Foil Roll,Electronics
383,Electric Motor Coil,Metal
384,Corrugated Box,Plastic
385,Concrete Additive,Electronics
386,Polycarbonate Sheet,Metal
387,Plastic Packaging Film,Construction
388,Denim Fabric,Plastic
389,Nylon Fiber,Construction
390,Lubricating Oil,Chemical
391,MDF Board,Electronics
392,Coolant Liquid,Metal
393,Silicone Sealant,Metal
394,Cement Bag,Chemical
395,Hydraulic Oil,Textile
396,Epoxy Resin,Textile
397,Printed Circuit Board,Chemical
398,HDPE Granules,Textile
399,Lithium Battery Cell,Packaging
400,Aluminum Sheet,Textile
401,Denim Fabric,Metal
402,Rubber Gasket,Electronics
403,Glass Fiber,Electronics
404,Lubricating Oil,Chemical
405,Coolant Liquid,Construction
406,Stainless Steel Bolt,Plastic
407,Lubricating Oil,Chemical
408,Hydraulic Oil,Metal
409,Packaging Cardboard,Construction
410,ABS Plastic Pellets,Textile
411,Leather Sheet,Construction
412,HDPE Granules,Packaging
413,Leather Sheet,Packaging
414,LED Module,Electronics
415,Acrylic Paint,Construction
416,PVC Pipe,Construction
417,Electric Motor Coil,Metal
418,Copper Wire,Chemical
419,Nylon Fiber,Packaging
420,Thermal Insulation Wool,Packaging
421,Foam Padding,Textile
422,Nylon Fiber,Electronics
423,Timber Plank,Packaging
424,Tempered Glass Panel,Packaging
425,Paint Pigment,Packaging
426,Plastic Packaging Film,Plastic
427,Gravel Stone,Chemical
428,Hydraulic Oil,Metal
429,ABS Plastic Pellets,Textile
430,Plastic Packaging Film,Plastic
431,Electric Motor Coil,Packaging
432,Paint Pigment,Chemical
433,Gypsum Powder,Chemical
434,Sand Aggregate,Construction
435,Concrete Additive,Packaging
436,MDF Board,Metal
437,Concrete Additive,Construction
438,Ceramic Insulator,Electronics
439,Epoxy Resin,Textile
440,Hydraulic Oil,Textile
441,Synthetic Rubber Sheet,Packaging
442,Electric Motor Coil,Electronics
443,Synthetic Rubber Sheet,Electronics
444,Leather Sheet,Textile
445,Concrete Additive,Packaging
446,Sand Aggregate,Construction
447,Synthetic Rubber Sheet,Packaging
448,Epoxy Resin,Metal
449,Microcontroller Chip,Textile
450,Gravel Stone,Metal
451,Powder Coating Material,Chemical
452,Foam Padding,Construction
453,Stainless Steel Bolt,Textile
454,Hydraulic Oil,Metal
455,MDF Board,Textile
456,Polyester Yarn,Electronics
457,MDF Board,Textile
458,Textile Cotton Fiber,Construction
459,Epoxy Resin,Construction
460,Paint Pigment,Chemical
461,Corrugated Box,Metal
462,Aluminum Sheet,Construction
463,Cement Bag,Chemical
464,Polyester Yarn,Plastic
465,Gypsum Powder,Construction
466,Timber Plank,Chemical
467,Hydraulic Oil,Plastic
468,Powder Coating Material,Metal
469,Polycarbonate Sheet,Packaging
470,Acrylic Paint,Electronics
471,PVC Pipe,Construction
472,Gravel Stone,Construction
473,Leather Sheet,Electronics
474,Copper Wire,Metal
475,Steel Rod,Packaging
476,Leather Sheet,Chemical
477,Printed Circuit Board,Textile
478,Denim Fabric,Textile
479,Silicone Sealant,Packaging
480,Aluminum Foil Roll,Textile
481,Coolant Liquid,Packaging
482,Microcontroller Chip,Construction
483,Glass Fiber,Packaging
484,ABS Plastic Pellets,Construction
485,Aluminum Sheet,Construction
486,Concrete Additive,Metal
487,Sand Aggregate,Packaging
488,PVC Pipe,Plastic
489,Timber Plank,Electronics
490,Plastic Packaging Film,Metal
491,Wooden Plywood Sheet,Construction
492,Aluminum Foil Roll,Textile
493,Corrugated Box,Textile
494,Paint Pigment,Electronics
495,Sand Aggregate,Electronics
496,Aluminum Foil Roll,Electronics
497,Gypsum Powder,Packaging
498,Rubber Gasket,Construction
499,Aluminum Foil Roll,Plastic
500,Epoxy Resin,Construction
501,Copper Wire,Packaging
502,Industrial Adhesive,Electronics
503,Nylon Fiber,Chemical
504,Powder Coating Material,Plastic
505,Cement Bag,Chemical
506,Silicone Sealant,Plastic
507,Acrylic Paint,Electronics
508,Gravel Stone,Construction
509,Steel Rod,Packaging
510,Aluminum Foil Roll,Electronics
511,Steel Rod,Packaging
512,Thermal Insulation Wool,Metal
513,Transformer Core,Metal
514,Nylon Fiber,Construction
515,Thermal Insulation Wool,Construction
516,Cement Bag,Metal
517,Polyester Yarn,Textile
518,PVC Pipe,Metal
519,Paint Pigment,Construction
520,Glass Fiber,Chemical
521,Lithium Battery Cell,Chemical
522,Ceramic Insulator,Plastic
523,PVC Pipe,Metal
524,Rubber Gasket,Plastic
525,ABS Plastic Pellets,Construction
526,Polycarbonate Sheet,Packaging
527,Coolant Liquid,Textile
528,Thermal Insulation Wool,Metal
529,Epoxy Resin,Metal
530,MDF Board,Construction
531,MDF Board,Textile
532,HDPE Granules,Packaging
533,Concrete Additive,Packaging
534,Timber Plank,Packaging
535,ABS Plastic Pellets,Plastic
536,Lithium Battery Cell,Electronics
537,Stainless Steel Bolt,Chemical
538,Copper Wire,Construction
539,Cement Bag,Plastic
540,HDPE Granules,Plastic
541,Transformer Core,Electronics
542,Silicone Sealant,Plastic
543,Wooden Plywood Sheet,Construction
544,Aluminum Sheet,Construction
545,Textile Cotton Fiber,Plastic
546,Timber Plank,Electronics
547,Microcontroller Chip,Metal
548,Lubricating Oil,Metal
549,Brass Pipe,Construction
550,Aluminum Foil Roll,Chemical
551,Textile Cotton Fiber,Electronics
552,Electric Motor Coil,Packaging
553,Microcontroller Chip,Metal
554,Hydraulic Oil,Plastic
555,Concrete Additive,Packaging
556,Nylon Fiber,Packaging
557,Acrylic Paint,Plastic
558,Timber Plank,Plastic
559,Plastic Packaging Film,Plastic
560,Glass Fiber,Metal
561,Gravel Stone,Electronics
562,Polyester Yarn,Textile
563,Leather Sheet,Packaging
564,Powder Coating Material,Electronics
565,Denim Fabric,Textile
566,Polycarbonate Sheet,Construction
567,Steel Rod,Electronics
568,ABS Plastic Pellets,Packaging
569,Lubricating Oil,Chemical
570,Brass Pipe,Textile
571,Printed Circuit Board,Packaging
572,Microcontroller Chip,Construction
573,Foam Padding,Packaging
574,Glass Fiber,Metal
575,Gravel Stone,Metal
576,Tempered Glass Panel,Electronics
577,Glass Fiber,Construction
578,Plastic Packaging Film,Construction
579,Acrylic Paint,Metal
580,HDPE Granules,Electronics
581,Paint Pigment,Packaging
582,Sand Aggregate,Packaging
583,Iron Ore,Construction
584,Aluminum Sheet,Electronics
585,Synthetic Rubber Sheet,Textile
586,Aluminum Foil Roll,Electronics
587,Packaging Cardboard,Electronics
588,Industrial Grease,Textile
589,Gravel Stone,Packaging
590,Denim Fabric,Textile
591,Microcontroller Chip,Chemical
592,Gypsum Powder,Textile
593,Foam Padding,Electronics
594,Glass Fiber,Electronics
595,Aluminum Foil Roll,Packaging
596,Steel Rod,Electronics
597,Ceramic Insulator,Packaging
598,Plastic Packaging Film,Plastic
599,Leather Sheet,Chemical
600,Aluminum Foil Roll,Textile
601,Copper Wire,Plastic
602,Stainless Steel Bolt,Chemical
603,HDPE Granules,Textile
604,LED Module,Textile
605,Denim Fabric,Metal
606,Copper Wire,Chemical
607,Nylon Fiber,Textile
608,Printed Circuit Board,Chemical
609,Latex Compound,Textile
610,Aluminum Sheet,Chemical
611,Denim Fabric,Electronics
612,Paint Pigment,Plastic
613,Timber Plank,Plastic
614,Lithium Battery Cell,Chemical
615,Printed Circuit Board,Construction
616,Stainless Steel Bolt,Textile
617,Nylon Fiber,Plastic
618,Sand Aggregate,Chemical
619,Industrial Adhesive,Construction
620,Copper Wire,Electronics
621,Foam Padding,Packaging
622,Microcontroller Chip,Construction
623,MDF Board,Electronics
624,HDPE Granules,Packaging
625,Polyester Yarn,Electronics
626,Industrial Grease,Textile
627,Ceramic Insulator,Construction
628,Sand Aggregate,Plastic
629,Coolant Liquid,Construction
630,Acrylic Paint,Metal
631,Tempered Glass Panel,Packaging
632,Lithium Battery Cell,Metal
633,PVC Pipe,Construction
634,Gypsum Powder,Textile
635,Iron Ore,Construction
636,Gypsum Powder,Electronics
637,Nylon Fiber,Metal
638,Gypsum Powder,Packaging
639,ABS Plastic Pellets,Construction
640,ABS Plastic Pellets,Textile
641,Denim Fabric,Chemical
642,Iron Ore,Chemical
643,Gypsum Powder,Packaging
644,Powder Coating Material,Chemical
645,ABS Plastic Pellets,Metal
646,Transformer Core,Electronics
647,Aluminum Sheet,Plastic
648,Epoxy Resin,Textile
649,Synthetic Rubber Sheet,Packaging
650,Iron Ore,Plastic
651,Polycarbonate Sheet,Chemical
652,Polycarbonate Sheet,Plastic
653,Electric Motor Coil,Electronics
654,Polyester Yarn,Textile
655,Timber Plank,Packaging
656,PVC Pipe,Electronics
657,Aluminum Sheet,Textile
658,Transformer Core,Construction
659,Glass Fiber,Textile
660,Brass Pipe,Electronics
661,Aluminum Foil Roll,Electronics
662,Aluminum Foil Roll,Construction
663,Steel Rod,Electronics
664,Wooden Plywood Sheet,Chemical
665,Lithium Battery Cell,Packaging
666,Printed Circuit Board,Electronics
667,Copper Wire,Textile
668,Powder Coating Material,Chemical
669,Tempered Glass Panel,Electronics
670,Glass Fiber,Metal
671,Acrylic Paint,Packaging
672,Epoxy Resin,Electronics
673,Timber Plank,Chemical
674,Paint Pigment,Construction
675,Plastic Packaging Film,Chemical
676,Cement Bag,Chemical
677,Polyester Yarn,Chemical
678,Powder Coating Material,Electronics
679,Powder Coating Material,Electronics
680,Packaging Cardboard,Metal
681,Packaging Cardboard,Metal
682,Wooden Plywood Sheet,Packaging
683,Thermal Insulation Wool,Textile
684,Corrugated Box,Packaging
685,Packaging Cardboard,Metal
686,Thermal Insulation Wool,Textile
687,Plastic Packaging Film,Metal
688,MDF Board,Metal
689,Foam Padding,Construction
690,Lubricating Oil,Textile
691,Gravel Stone,Packaging
692,Powder Coating Material,Electronics
693,Printed Circuit Board,Electronics
694,Aluminum Sheet,Metal
695,Industrial Grease,Packaging
696,Electric Motor Coil,Chemical
697,Synthetic Rubber Sheet,Packaging
698,Paint Pigment,Electronics
699,Aluminum Foil Roll,Plastic
700,Tempered Glass Panel,Textile
701,Aluminum Foil Roll,Chemical
702,MDF Board,Plastic
703,Aluminum Foil Roll,Metal
704,Brass Pipe,Plastic
705,Corrugated Box,Chemical
706,Acrylic Paint,Plastic
707,Industrial Grease,Construction
708,Copper Wire,Electronics
709,Denim Fabric,Textile
710,Ceramic Insulator,Plastic
711,Stainless Steel Bolt,Plastic
712,Brass Pipe,Textile
713,HDPE Granules,Construction
714,Concrete Additive,Metal
715,Synthetic Rubber Sheet,Construction
716,MDF Board,Metal
717,ABS Plastic Pellets,Plastic
718,Powder Coating Material,Plastic
719,Industrial Grease,Textile
720,Thermal Insulation Wool,Plastic
721,Denim Fabric,Chemical
722,Printed Circuit Board,Electronics
723,Polyester Yarn,Chemical
724,Aluminum Foil Roll,Metal
725,Synthetic Rubber Sheet,Chemical
726,ABS Plastic Pellets,Plastic
727,HDPE Granules,Plastic
728,Epoxy Resin,Textile
729,Denim Fabric,Plastic
730,Glass Fiber,Plastic
731,Gypsum Powder,Chemical
732,Hydraulic Oil,Electronics
733,Leather Sheet,Construction
734,Latex Compound,Plastic
735,Industrial Adhesive,Electronics
736,Epoxy Resin,Electronics
737,PVC Pipe,Textile
738,HDPE Granules,Metal
739,Tempered Glass Panel,Textile
740,Cement Bag,Chemical
741,Thermal Insulation Wool,Metal
742,Lubricating Oil,Textile
743,Corrugated Box,Electronics
744,Glass Fiber,Textile
745,Paint Pigment,Chemical
746,Paint Pigment,Electronics
747,Copper Wire,Plastic
748,Latex Compound,Plastic
749,Sand Aggregate,Packaging
750,Denim Fabric,Chemical
751,Stainless Steel Bolt,Metal
752,Coolant Liquid,Metal
753,Transformer Core,Packaging
754,Stainless Steel Bolt,Textile
755,LED Module,Packaging
756,Lubricating Oil,Construction
757,Iron Ore,Packaging
758,Polyester Yarn,Chemical
759,Hydraulic Oil,Plastic
760,Lubricating Oil,Plastic
761,PVC Pipe,Construction
762,LED Module,Packaging
763,Iron Ore,Packaging
764,Tempered Glass Panel,Packaging
765,Copper Wire,Electronics
766,Microcontroller Chip,Metal
767,Sand Aggregate,Chemical
768,Stainless Steel Bolt,Electronics
769,Aluminum Foil Roll,Electronics
770,Cement Bag,Metal
771,Lithium Battery Cell,Plastic
772,Industrial Grease,Electronics
773,Textile Cotton Fiber,Textile
774,Silicone Sealant,Metal
775,Hydraulic Oil,Plastic
776,Gypsum Powder,Electronics
777,Synthetic Rubber Sheet,Metal
778,Concrete Additive,Packaging
779,Epoxy Resin,Metal
780,Concrete Additive,Packaging
781,Industrial Grease,Textile
782,ABS Plastic Pellets,Packaging
783,Textile Cotton Fiber,Chemical
784,Coolant Liquid,Textile
785,Stainless Steel Bolt,Metal
786,Lubricating Oil,Metal
787,Sand Aggregate,Electronics
788,Steel Rod,Electronics
789,Thermal Insulation Wool,Packaging
790,Industrial Adhesive,Textile
791,Glass Fiber,Construction
792,Nylon Fiber,Packaging
793,Thermal Insulation Wool,Chemical
794,LED Module,Construction
795,HDPE Granules,Plastic
796,Gravel Stone,Chemical
797,Tempered Glass Panel,Packaging
798,Hydraulic Oil,Construction
799,Coolant Liquid,Metal
800,Tempered Glass Panel,Metal
801,LED Module,Textile
802,Denim Fabric,Metal
803,PVC Pipe,Chemical
804,Leather Sheet,Chemical
805,Gravel Stone,Plastic
806,Tempered Glass Panel,Metal
807,Timber Plank,Electronics
808,Coolant Liquid,Packaging
809,PVC Pipe,Packaging
810,Hydraulic Oil,Chemical
811,Coolant Liquid,Electronics
812,Transformer Core,Chemical
813,Textile Cotton Fiber,Textile
814,Iron Ore,Electronics
815,Aluminum Sheet,Chemical
816,Industrial Adhesive,Metal
817,Lubricating Oil,Metal
818,Lubricating Oil,Packaging
819,Transformer Core,Chemical
820,Polyester Yarn,Plastic
821,Transformer Core,Chemical
822,Lubricating Oil,Plastic
823,Lithium Battery Cell,Construction
824,Microcontroller Chip,Construction
825,Nylon Fiber,Chemical
826,Iron Ore,Textile
827,Copper Wire,Construction
828,Powder Coating Material,Electronics
829,Acrylic Paint,Metal
830,Powder Coating Material,Textile
831,Coolant Liquid,Electronics
832,Steel Rod,Chemical
833,LED Module,Packaging
834,Denim Fabric,Textile
835,Latex Compound,Packaging
836,Industrial Adhesive,Construction
837,Latex Compound,Plastic
838,Textile Cotton Fiber,Electronics
839,Concrete Additive,Packaging
840,Leather Sheet,Chemical
841,Transformer Core,Construction
842,HDPE Granules,Electronics
843,Nylon Fiber,Plastic
844,Cement Bag,Plastic
845,Printed Circuit Board,Metal
846,ABS Plastic Pellets,Construction
847,Electric Motor Coil,Textile
848,MDF Board,Construction
849,Electric Motor Coil,Plastic
850,Brass Pipe,Textile
851,Electric Motor Coil,Chemical
852,Wooden Plywood Sheet,Chemical
853,Stainless Steel Bolt,Plastic
854,LED Module,Textile
855,Aluminum Sheet,Textile
856,Corrugated Box,Electronics
857,HDPE Granules,Packaging
858,Transformer Core,Construction
859,Latex Compound,Textile
860,Tempered Glass Panel,Electronics
861,Aluminum Sheet,Chemical
862,Acrylic Paint,Metal
863,Industrial Adhesive,Plastic
864,MDF Board,Textile
865,Textile Cotton Fiber,Textile
866,Paint Pigment,Chemical
867,Plastic Packaging Film,Plastic
868,Nylon Fiber,Textile
869,Industrial Adhesive,Electronics
870,Copper Wire,Construction
871,Hydraulic Oil,Plastic
872,Plastic Packaging Film,Electronics
873,Gypsum Powder,Construction
874,Rubber Gasket,Metal
875,Silicone Sealant,Textile
876,Silicone Sealant,Textile
877,Latex Compound,Chemical
878,Timber Plank,Metal
879,Paint Pigment,Chemical
880,Copper Wire,Plastic
881,MDF Board,Electronics
882,Corrugated Box,Plastic
883,Microcontroller Chip,Construction
884,Synthetic Rubber Sheet,Textile
885,Cement Bag,Plastic
886,Packaging Cardboard,Textile
887,HDPE Granules,Metal
888,Leather Sheet,Plastic
889,Sand Aggregate,Plastic
890,MDF Board,Textile
891,Transformer Core,Plastic
892,Leather Sheet,Chemical
893,Cement Bag,Textile
894,Industrial Grease,Construction
895,Brass Pipe,Packaging
896,Thermal Insulation Wool,Chemical
897,Powder Coating Material,Metal
898,Synthetic Rubber Sheet,Chemical
899,Leather Sheet,Packaging
900,Microcontroller Chip,Plastic
901,Wooden Plywood Sheet,Textile
902,Polyester Yarn,Electronics
903,Synthetic Rubber Sheet,Plastic
904,Coolant Liquid,Plastic
905,MDF Board,Construction
906,Concrete Additive,Chemical
907,Nylon Fiber,Metal
908,Aluminum Sheet,Electronics
909,Cement Bag,Packaging
910,Timber Plank,Construction
911,Corrugated Box,Packaging
912,Packaging Cardboard,Metal
913,Plastic Packaging Film,Construction
914,Nylon Fiber,Construction
915,Packaging Cardboard,Plastic
916,Sand Aggregate,Chemical
917,Printed Circuit Board,Construction
918,Aluminum Foil Roll,Packaging
919,Concrete Additive,Construction
920,Printed Circuit Board,Electronics
921,Printed Circuit Board,Metal
922,Timber Plank,Packaging
923,PVC Pipe,Plastic
924,Printed Circuit Board,Construction
925,Aluminum Foil Roll,Plastic
926,LED Module,Textile
927,Latex Compound,Chemical
928,Thermal Insulation Wool,Electronics
929,Industrial Grease,Plastic
930,Plastic Packaging Film,Plastic
931,Leather Sheet,Electronics
932,Wooden Plywood Sheet,Textile
933,Stainless Steel Bolt,Textile
934,Epoxy Resin,Textile
935,Stainless Steel Bolt,Packaging
936,Sand Aggregate,Construction
937,Coolant Liquid,Textile
938,MDF Board,Chemical
939,Epoxy Resin,Construction
940,Microcontroller Chip,Electronics
941,Coolant Liquid,Metal
942,Powder Coating Material,Plastic
943,Tempered Glass Panel,Metal
944,Latex Compound,Construction
945,Paint Pigment,Textile
946,Electric Motor Coil,Construction
947,Thermal Insulation Wool,Electronics
948,Transformer Core,Construction
949,Printed Circuit Board,Packaging
950,Steel Rod,Plastic
951,Timber Plank,Textile
952,Silicone Sealant,Plastic
953,Polyester Yarn,Construction
954,HDPE Granules,Packaging
955,Stainless Steel Bolt,Electronics
956,Electric Motor Coil,Plastic
957,Wooden Plywood Sheet,Plastic
958,Powder Coating Material,Construction
959,Rubber Gasket,Textile
960,Gravel Stone,Textile
961,MDF Board,Textile
962,Concrete Additive,Electronics
963,Wooden Plywood Sheet,Electronics
964,Timber Plank,Construction
965,Rubber Gasket,Electronics
966,Gravel Stone,Construction
967,Industrial Adhesive,Plastic
968,Corrugated Box,Textile
969,Gypsum Powder,Electronics
970,HDPE Granules,Packaging
971,Electric Motor Coil,Packaging
972,Brass Pipe,Metal
973,Industrial Grease,Plastic
974,Corrugated Box,Electronics
975,Lubricating Oil,Electronics
976,MDF Board,Metal
977,Rubber Gasket,Chemical
978,Cement Bag,Chemical
979,Lubricating Oil,Textile
980,Electric Motor Coil,Textile
981,Microcontroller Chip,Textile
982,Corrugated Box,Chemical
983,Polyester Yarn,Chemical
984,Leather Sheet,Electronics
985,Ceramic Insulator,Chemical
986,Polycarbonate Sheet,Metal
987,Stainless Steel Bolt,Chemical
988,Lubricating Oil,Chemical
989,Industrial Adhesive,Metal
990,Stainless Steel Bolt,Plastic
991,Iron Ore,Textile
992,Latex Compound,Electronics
993,Denim Fabric,Packaging
994,LED Module,Plastic
995,Industrial Grease,Chemical
996,Lubricating Oil,Chemical
997,Industrial Adhesive,Packaging
998,Gypsum Powder,Plastic
999,Thermal Insulation Wool,Electronics
1000,Rubber Gasket,Plastic
1001,Gypsum Powder,Chemical
1002,Foam Padding,Metal
1003,Acrylic Paint,Electronics
1004,Corrugated Box,Packaging
1005,Printed Circuit Board,Chemical
1006,Transformer Core,Packaging
1007,Paint Pigment,Plastic
1008,Nylon Fiber,Packaging
1009,Synthetic Rubber Sheet,Chemical
1010,Tempered Glass Panel,Plastic
1011,Epoxy Resin,Plastic
1012,Lithium Battery Cell,Chemical
1013,Ceramic Insulator,Construction
1014,Stainless Steel Bolt,Plastic
1015,Aluminum Sheet,Chemical
1016,Steel Rod,Construction
1017,Aluminum Foil Roll,Packaging
1018,Nylon Fiber,Packaging
1019,Aluminum Foil Roll,Plastic
1020,Latex Compound,Electronics
1021,Wooden Plywood Sheet,Packaging
1022,Aluminum Sheet,Packaging
1023,Electric Motor Coil,Plastic
1024,Hydraulic Oil,Plastic
1025,Lithium Battery Cell,Metal
1026,Thermal Insulation Wool,Metal
1027,MDF Board,Chemical
1028,Foam Padding,Plastic
1029,HDPE Granules,Metal
1030,Latex Compound,Packaging
1031,Polyester Yarn,Textile
1032,Transformer Core,Construction
1033,Gypsum Powder,Electronics
1034,Ceramic Insulator,Textile
1035,PVC Pipe,Construction
1036,Gypsum Powder,Chemical
1037,Ceramic Insulator,Packaging
1038,Polycarbonate Sheet,Construction
1039,Rubber Gasket,Electronics
1040,PVC Pipe,Construction
1041,Coolant Liquid,Plastic
1042,Synthetic Rubber Sheet,Metal
1043,Stainless Steel Bolt,Electronics
1044,Acrylic Paint,Packaging
1045,Glass Fiber,Plastic
1046,Leather Sheet,Chemical
1047,Latex Compound,Textile
1048,Cement Bag,Metal
1049,Hydraulic Oil,Construction
1050,Ceramic Insulator,Packaging
1051,LED Module,Chemical
1052,Leather Sheet,Electronics
1053,Transformer Core,Electronics
1054,Wooden Plywood Sheet,Metal
1055,Acrylic Paint,Metal
1056,Wooden Plywood Sheet,Construction
1057,ABS Plastic Pellets,Metal
1058,Thermal Insulation Wool,Chemical
1059,Concrete Additive,Metal
1060,Ceramic Insulator,Plastic
1061,Lubricating Oil,Textile
1062,Packaging Cardboard,Construction
1063,Textile Cotton Fiber,Electronics
1064,Synthetic Rubber Sheet,Plastic
1065,Nylon Fiber,Packaging
1066,Cement Bag,Chemical
1067,Microcontroller Chip,Packaging
1068,Microcontroller Chip,Packaging
1069,Industrial Grease,Construction
1070,ABS Plastic Pellets,Chemical
1071,Foam Padding,Construction
1072,Foam Padding,Plastic
1073,Leather Sheet,Chemical
1074,Glass Fiber,Construction
1075,Aluminum Foil Roll,Textile
1076,Concrete Additive,Metal
1077,Aluminum Sheet,Plastic
1078,Powder Coating Material,Packaging
1079,Packaging Cardboard,Electronics
1080,Concrete Additive,Plastic
1081,Lubricating Oil,Plastic
1082,Nylon Fiber,Plastic
1083,Industrial Grease,Chemical
1084,MDF Board,Construction
1085,Sand Aggregate,Packaging
1086,Brass Pipe,Packaging
1087,Sand Aggregate,Plastic
1088,Brass Pipe,Chemical
1089,LED Module,Plastic
1090,Brass Pipe,Metal
1091,Polyester Yarn,Plastic
1092,Polycarbonate Sheet,Construction
1093,Wooden Plywood Sheet,Plastic
1094,Lubricating Oil,Metal
1095,LED Module,Construction
1096,Coolant Liquid,Electronics
1097,Packaging Cardboard,Packaging
1098,Microcontroller Chip,Metal
1099,Polyester Yarn,Chemical
1100,Electric Motor Coil,Construction
1101,Industrial Adhesive,Construction
1102,ABS Plastic Pellets,Construction
1103,Powder Coating Material,Metal
1104,Industrial Grease,Metal
1105,Lithium Battery Cell,Textile
1106,Brass Pipe,Plastic
1107,Industrial Adhesive,Textile
1108,Plastic Packaging Film,Chemical
1109,Corrugated Box,Electronics
1110,Aluminum Foil Roll,Metal
1111,Thermal Insulation Wool,Electronics
1112,Nylon Fiber,Textile
1113,Sand Aggregate,Chemical
1114,Tempered Glass Panel,Construction
1115,Thermal Insulation Wool,Textile
1116,Electric Motor Coil,Electronics
1117,Ceramic Insulator,Construction
1118,Latex Compound,Construction
1119,Steel Rod,Textile
1120,Denim Fabric,Construction
1121,ABS Plastic Pellets,Metal
1122,Gravel Stone,Plastic
1123,Polycarbonate Sheet,Metal
1124,Rubber Gasket,Chemical
1125,Industrial Adhesive,Packaging
1126,Electric Motor Coil,Plastic
1127,Brass Pipe,Packaging
1128,Wooden Plywood Sheet,Metal
1129,Tempered Glass Panel,Textile
1130,Rubber Gasket,Chemical
1131,Wooden Plywood Sheet,Electronics
1132,Gravel Stone,Plastic
1133,Printed Circuit Board,Metal
1134,Stainless Steel Bolt,Packaging
1135,Lubricating Oil,Construction
1136,Synthetic Rubber Sheet,Packaging
1137,Tempered Glass Panel,Construction
1138,Nylon Fiber,Construction
1139,Gravel Stone,Metal
1140,Aluminum Foil Roll,Textile
1141,PVC Pipe,Textile
1142,Gypsum Powder,Metal
1143,Transformer Core,Packaging
1144,Microcontroller Chip,Plastic
1145,Synthetic Rubber Sheet,Electronics
1146,Gravel Stone,Construction
1147,Synthetic Rubber Sheet,Chemical
1148,Polycarbonate Sheet,Packaging
1149,MDF Board,Chemical
1150,Lithium Battery Cell,Plastic
1151,Latex Compound,Construction
1152,Foam Padding,Packaging
1153,Polycarbonate Sheet,Packaging
1154,Corrugated Box,Metal
1155,ABS Plastic Pellets,Textile
1156,Nylon Fiber,Electronics
1157,Corrugated Box,Electronics
1158,Industrial Grease,Packaging
1159,Gravel Stone,Textile
1160,Powder Coating Material,Chemical
1161,Aluminum Foil Roll,Plastic
1162,Aluminum Foil Roll,Metal
1163,Printed Circuit Board,Textile
1164,Textile Cotton Fiber,Textile
1165,Plastic Packaging Film,Plastic
1166,Transformer Core,Electronics
1167,Corrugated Box,Metal
1168,Industrial Grease,Plastic
1169,Timber Plank,Electronics
1170,Transformer Core,Metal
1171,Polyester Yarn,Electronics
1172,Transformer Core,Plastic
1173,Aluminum Foil Roll,Plastic
1174,Industrial Grease,Electronics
1175,Timber Plank,Packaging
1176,Glass Fiber,Plastic
1177,Denim Fabric,Textile
1178,Aluminum Foil Roll,Chemical
1179,Steel Rod,Plastic
1180,Iron Ore,Construction
1181,Timber Plank,Textile
1182,Steel Rod,Construction
1183,MDF Board,Construction
1184,Lubricating Oil,Construction
1185,Latex Compound,Metal
1186,Ceramic Insulator,Construction
1187,Lithium Battery Cell,Packaging
1188,Gypsum Powder,Electronics
1189,Iron Ore,Chemical
1190,Packaging Cardboard,Construction
1191,Leather Sheet,Metal
1192,Brass Pipe,Metal
1193,Concrete Additive,Plastic
1194,Glass Fiber,Packaging
1195,Concrete Additive,Construction
1196,Brass Pipe,Metal
1197,Transformer Core,Construction
1198,Transformer Core,Plastic
1199,Paint Pigment,Textile
1200,Stainless Steel Bolt,Packaging
1201,PVC Pipe,Chemical
1202,Printed Circuit Board,Metal
1203,Industrial Adhesive,Packaging
1204,Gravel Stone,Construction
1205,Tempered Glass Panel,Chemical
1206,HDPE Granules,Packaging
1207,Sand Aggregate,Textile
1208,Rubber Gasket,Chemical
1209,Lithium Battery Cell,Plastic
1210,LED Module,Packaging
1211,Polycarbonate Sheet,Plastic
1212,Rubber Gasket,Plastic
1213,Aluminum Foil Roll,Textile
1214,Packaging Cardboard,Metal
1215,Corrugated Box,Electronics
1216,Hydraulic Oil,Chemical
1217,Copper Wire,Metal
1218,Ceramic Insulator,Plastic
1219,Powder Coating Material,Construction
1220,Ceramic Insulator,Chemical
1221,Latex Compound,Metal
1222,LED Module,Metal
1223,Concrete Additive,Packaging
1224,Gravel Stone,Construction
1225,Industrial Adhesive,Textile
1226,Nylon Fiber,Textile
1227,Aluminum Foil Roll,Plastic
1228,Corrugated Box,Metal
1229,Coolant Liquid,Chemical
1230,Foam Padding,Chemical
1231,Timber Plank,Metal
1232,Rubber Gasket,Packaging
1233,Gravel Stone,Electronics
1234,Aluminum Sheet,Electronics
1235,Electric Motor Coil,Textile
1236,Nylon Fiber,Construction
1237,Coolant Liquid,Textile
1238,Denim Fabric,Textile
1239,Glass Fiber,Textile
1240,Tempered Glass Panel,Metal
1241,Foam Padding,Chemical
1242,Stainless Steel Bolt,Packaging
1243,Thermal Insulation Wool,Construction
1244,Aluminum Foil Roll,Metal
1245,Timber Plank,Construction
1246,Brass Pipe,Electronics
1247,Steel Rod,Metal
1248,Thermal Insulation Wool,Packaging
1249,Rubber Gasket,Textile
1250,Concrete Additive,Plastic
1251,Lubricating Oil,Electronics
1252,Corrugated Box,Packaging
1253,Printed Circuit Board,Textile
1254,Rubber Gasket,Electronics
1255,Aluminum Foil Roll,Chemical
1256,MDF Board,Textile
1257,Transformer Core,Electronics
1258,Denim Fabric,Electronics
1259,Industrial Adhesive,Construction
1260,Corrugated Box,Metal
1261,Coolant Liquid,Chemical
1262,Coolant Liquid,Packaging
1263,Iron Ore,Chemical
1264,Brass Pipe,Chemical
1265,Paint Pigment,Electronics
1266,Concrete Additive,Chemical
1267,Timber Plank,Textile
1268,Foam Padding,Textile
1269,Concrete Additive,Construction
1270,Gravel Stone,Chemical
1271,Microcontroller Chip,Textile
1272,Polycarbonate Sheet,Textile
1273,Industrial Adhesive,Electronics
1274,Gypsum Powder,Electronics
1275,Leather Sheet,Packaging
1276,Aluminum Sheet,Textile
1277,Printed Circuit Board,Packaging
1278,Polyester Yarn,Construction
1279,LED Module,Electronics
1280,Foam Padding,Plastic
1281,Silicone Sealant,Chemical
1282,Steel Rod,Plastic
1283,ABS Plastic Pellets,Metal
1284,Corrugated Box,Electronics
1285,Leather Sheet,Chemical
1286,Paint Pigment,Plastic
1287,PVC Pipe,Textile
1288,Plastic Packaging Film,Packaging
1289,Epoxy Resin,Electronics
1290,Denim Fabric,Metal
1291,Steel Rod,Metal
1292,Concrete Additive,Packaging
1293,Microcontroller Chip,Packaging
1294,Aluminum Sheet,Chemical
1295,Copper Wire,Chemical
1296,Steel Rod,Packaging
1297,Rubber Gasket,Chemical
1298,Ceramic Insulator,Construction
1299,Lubricating Oil,Plastic
1300,Steel Rod,Packaging
1301,Silicone Sealant,Packaging
1302,Glass Fiber,Plastic
1303,Epoxy Resin,Textile
1304,Leather Sheet,Construction
1305,Lubricating Oil,Textile
1306,Acrylic Paint,Plastic
1307,Polyester Yarn,Chemical
1308,Iron Ore,Textile
1309,Denim Fabric,Plastic
1310,Epoxy Resin,Construction
1311,Industrial Adhesive,Chemical
1312,PVC Pipe,Metal
1313,Cement Bag,Construction
1314,Acrylic Paint,Textile
1315,HDPE Granules,Chemical
1316,Industrial Grease,Packaging
1317,Gravel Stone,Packaging
1318,Epoxy Resin,Plastic
1319,Ceramic Insulator,Construction
1320,Powder Coating Material,Packaging
1321,Wooden Plywood Sheet,Plastic
1322,Sand Aggregate,Metal
1323,Lubricating Oil,Metal
1324,Powder Coating Material,Metal
1325,Steel Rod,Construction
1326,Gravel Stone,Metal
1327,Industrial Adhesive,Construction
1328,LED Module,Construction
1329,Timber Plank,Chemical
1330,Aluminum Sheet,Textile
1331,Lubricating Oil,Electronics
1332,Plastic Packaging Film,Packaging
1333,Electric Motor Coil,Metal
1334,Glass Fiber,Chemical
1335,ABS Plastic Pellets,Packaging
1336,Polyester Yarn,Packaging
1337,Corrugated Box,Construction
1338,Hydraulic Oil,Electronics
1339,Tempered Glass Panel,Electronics
1340,Microcontroller Chip,Chemical
1341,MDF Board,Plastic
1342,Leather Sheet,Plastic
1343,LED Module,Chemical
1344,Wooden Plywood Sheet,Textile
1345,Microcontroller Chip,Construction
1346,Aluminum Sheet,Chemical
1347,Synthetic Rubber Sheet,Electronics
1348,Corrugated Box,Metal
1349,Sand Aggregate,Packaging
1350,Thermal Insulation Wool,Textile
1351,Polycarbonate Sheet,Chemical
1352,Steel Rod,Packaging
1353,Brass Pipe,Packaging
1354,PVC Pipe,Construction
1355,Synthetic Rubber Sheet,Chemical
1356,Acrylic Paint,Textile
1357,Industrial Grease,Construction
1358,Stainless Steel Bolt,Plastic
1359,Iron Ore,Metal
1360,LED Module,Chemical
1361,PVC Pipe,Electronics
1362,Brass Pipe,Construction
1363,HDPE Granules,Chemical
1364,Transformer Core,Plastic
1365,Industrial Adhesive,Textile
1366,HDPE Granules,Metal
1367,Acrylic Paint,Packaging
1368,Printed Circuit Board,Construction
1369,LED Module,Packaging
1370,Paint Pigment,Metal
1371,Cement Bag,Textile
1372,Stainless Steel Bolt,Chemical
1373,Gypsum Powder,Metal
1374,Aluminum Foil Roll,Electronics
1375,Corrugated Box,Textile
1376,Epoxy Resin,Construction
1377,Lubricating Oil,Electronics
1378,Polyester Yarn,Textile
1379,Gravel Stone,Construction
1380,Textile Cotton Fiber,Electronics
1381,HDPE Granules,Chemical
1382,Corrugated Box,Construction
1383,Textile Cotton Fiber,Chemical
1384,Electric Motor Coil,Construction
1385,Paint Pigment,Textile
1386,Denim Fabric,Packaging
1387,Cement Bag,Chemical
1388,Microcontroller Chip,Plastic
1389,Electric Motor Coil,Metal
1390,Nylon Fiber,Plastic
1391,Polyester Yarn,Plastic
1392,Electric Motor Coil,Plastic
1393,Nylon Fiber,Plastic
1394,Latex Compound,Electronics
1395,Synthetic Rubber Sheet,Metal
1396,Thermal Insulation Wool,Plastic
1397,Hydraulic Oil,Construction
1398,Gravel Stone,Electronics
1399,Copper Wire,Chemical
1400,Rubber Gasket,Packaging
1401,Tempered Glass Panel,Metal
1402,Gypsum Powder,Textile
1403,Rubber Gasket,Metal
1404,Paint Pigment,Packaging
1405,HDPE Granules,Construction
1406,Cement Bag,Packaging
1407,Cement Bag,Metal
1408,Hydraulic Oil,Metal
1409,Polycarbonate Sheet,Chemical
1410,Synthetic Rubber Sheet,Chemical
1411,Silicone Sealant,Construction
1412,Polycarbonate Sheet,Electronics
1413,Foam Padding,Metal
1414,Coolant Liquid,Textile
1415,Hydraulic Oil,Construction
1416,Printed Circuit Board,Textile
1417,Electric Motor Coil,Chemical
1418,Polyester Yarn,Packaging
1419,Leather Sheet,Chemical
1420,Rubber Gasket,Construction
1421,Thermal Insulation Wool,Packaging
1422,Ceramic Insulator,Metal
1423,Glass Fiber,Plastic
1424,Powder Coating Material,Textile
1425,Concrete Additive,Plastic
1426,Acrylic Paint,Construction
1427,Iron Ore,Electronics
1428,Packaging Cardboard,Electronics
1429,PVC Pipe,Construction
1430,Stainless Steel Bolt,Construction
1431,Lubricating Oil,Construction
1432,Packaging Cardboard,Plastic
1433,Plastic Packaging Film,Textile
1434,Epoxy Resin,Construction
1435,Silicone Sealant,Textile
1436,Tempered Glass Panel,Plastic
1437,LED Module,Metal
1438,Microcontroller Chip,Packaging
1439,Denim Fabric,Textile
1440,Corrugated Box,Electronics
1441,Aluminum Sheet,Chemical
1442,Epoxy Resin,Electronics
1443,Coolant Liquid,Metal
1444,Polyester Yarn,Metal
1445,Cement Bag,Construction
1446,Synthetic Rubber Sheet,Construction
1447,Thermal Insulation Wool,Metal
1448,Glass Fiber,Construction
1449,Electric Motor Coil,Packaging
1450,Printed Circuit Board,Plastic
1451,Wooden Plywood Sheet,Construction
1452,Sand Aggregate,Electronics
1453,Foam Padding,Construction
1454,Rubber Gasket,Packaging
1455,Wooden Plywood Sheet,Construction
1456,Latex Compound,Construction
1457,Plastic Packaging Film,Electronics
1458,Silicone Sealant,Chemical
1459,Sand Aggregate,Packaging
1460,Brass Pipe,Electronics
1461,Timber Plank,Packaging
1462,Packaging Cardboard,Electronics
1463,Thermal Insulation Wool,Plastic
1464,HDPE Granules,Construction
1465,Industrial Adhesive,Chemical
1466,Ceramic Insulator,Plastic
1467,Iron Ore,Construction
1468,Plastic Packaging Film,Construction
1469,Denim Fabric,Plastic
1470,Aluminum Sheet,Electronics
1471,MDF Board,Chemical
1472,Printed Circuit Board,Construction
1473,Wooden Plywood Sheet,Metal
1474,Rubber Gasket,Electronics
1475,PVC Pipe,Chemical
1476,Polyester Yarn,Construction
1477,Denim Fabric,Packaging
1478,Industrial Adhesive,Plastic
1479,Hydraulic Oil,Packaging
1480,Lithium Battery Cell,Textile
1481,Glass Fiber,Metal
1482,Stainless Steel Bolt,Construction
1483,Denim Fabric,Chemical
1484,Cement Bag,Chemical
1485,Polycarbonate Sheet,Chemical
1486,Aluminum Foil Roll,Construction
1487,Lithium Battery Cell,Chemical
1488,Latex Compound,Textile
1489,Plastic Packaging Film,Construction
1490,Coolant Liquid,Metal
1491,Leather Sheet,Chemical
1492,Latex Compound,Plastic
1493,Silicone Sealant,Construction
1494,Nylon Fiber,Textile
1495,Wooden Plywood Sheet,Chemical
1496,Coolant Liquid,Electronics
1497,Polyester Yarn,Textile
1498,Polycarbonate Sheet,Chemical
1499,Nylon Fiber,Metal
1500,Polycarbonate Sheet,Construction
1501,Concrete Additive,Packaging
1502,Printed Circuit Board,Chemical
1503,Industrial Adhesive,Metal
1504,Silicone Sealant,Metal
1505,Timber Plank,Metal
1506,Copper Wire,Metal
1507,ABS Plastic Pellets,Metal
1508,Polycarbonate Sheet,Textile
1509,Tempered Glass Panel,Construction
1510,Timber Plank,Metal
1511,Wooden Plywood Sheet,Construction
1512,MDF Board,Chemical
1513,Industrial Adhesive,Plastic
1514,Polyester Yarn,Metal
1515,Hydraulic Oil,Electronics
1516,Polyester Yarn,Packaging
1517,Iron Ore,Electronics
1518,Brass Pipe,Chemical
1519,Glass Fiber,Metal
1520,Thermal Insulation Wool,Electronics
1521,Corrugated Box,Construction
1522,Aluminum Foil Roll,Construction
1523,Wooden Plywood Sheet,Electronics
1524,Copper Wire,Electronics
1525,Ceramic Insulator,Packaging
1526,Brass Pipe,Metal
1527,Latex Compound,Metal
1528,Brass Pipe,Textile
1529,Microcontroller Chip,Electronics
1530,Latex Compound,Packaging
1531,Gypsum Powder,Plastic
1532,Stainless Steel Bolt,Plastic
1533,Plastic Packaging Film,Chemical
1534,Synthetic Rubber Sheet,Electronics
1535,Paint Pigment,Plastic
1536,Ceramic Insulator,Electronics
1537,Synthetic Rubber Sheet,Electronics
1538,Thermal Insulation Wool,Chemical
1539,Polyester Yarn,Chemical
1540,Gravel Stone,Construction
1541,LED Module,Construction
1542,Powder Coating Material,Electronics
1543,Ceramic Insulator,Plastic
1544,Copper Wire,Metal
1545,Industrial Adhesive,Chemical
1546,Aluminum Foil Roll,Metal
1547,Transformer Core,Plastic
1548,Concrete Additive,Textile
1549,Aluminum Sheet,Textile
1550,Lithium Battery Cell,Electronics
1551,Corrugated Box,Construction
1552,Concrete Additive,Electronics
1553,Industrial Adhesive,Electronics
1554,Latex Compound,Plastic
1555,Electric Motor Coil,Textile
1556,Tempered Glass Panel,Chemical
1557,Rubber Gasket,Textile
1558,Industrial Grease,Chemical
1559,Lubricating Oil,Plastic
1560,HDPE Granules,Packaging
1561,LED Module,Plastic
1562,Thermal Insulation Wool,Electronics
1563,Industrial Adhesive,Chemical
1564,Latex Compound,Metal
1565,Industrial Grease,Chemical
1566,Tempered Glass Panel,Textile
1567,Copper Wire,Electronics
1568,Iron Ore,Metal
1569,Microcontroller Chip,Construction
1570,Electric Motor Coil,Textile
1571,Leather Sheet,Construction
1572,Brass Pipe,Packaging
1573,Industrial Grease,Electronics
1574,Copper Wire,Chemical
1575,Stainless Steel Bolt,Textile
1576,Aluminum Foil Roll,Metal
1577,Polyester Yarn,Metal
1578,Concrete Additive,Packaging
1579,Thermal Insulation Wool,Chemical
1580,Polycarbonate Sheet,Chemical
1581,Latex Compound,Electronics
1582,Nylon Fiber,Metal
1583,Powder Coating Material,Plastic
1584,Epoxy Resin,Plastic
1585,Wooden Plywood Sheet,Electronics
1586,ABS Plastic Pellets,Metal
1587,Lubricating Oil,Construction
1588,PVC Pipe,Packaging
1589,Foam Padding,Metal
1590,Electric Motor Coil,Textile
1591,Concrete Additive,Construction
1592,Gypsum Powder,Construction
1593,Sand Aggregate,Plastic
1594,Powder Coating Material,Packaging
1595,Latex Compound,Metal
1596,Industrial Grease,Electronics
1597,Industrial Grease,Chemical
1598,Timber Plank,Construction
1599,Timber Plank,Metal
1600,Foam Padding,Electronics
1601,Aluminum Sheet,Construction
1602,Leather Sheet,Plastic
1603,Electric Motor Coil,Chemical
1604,Powder Coating Material,Metal
1605,Industrial Adhesive,Electronics
1606,Wooden Plywood Sheet,Metal
1607,Denim Fabric,Construction
1608,Coolant Liquid,Packaging
1609,Aluminum Sheet,Chemical
1610,PVC Pipe,Electronics
1611,Tempered Glass Panel,Packaging
1612,Industrial Adhesive,Textile
1613,Lubricating Oil,Plastic
1614,MDF Board,Packaging
1615,Glass Fiber,Textile
1616,Printed Circuit Board,Metal
1617,Corrugated Box,Metal
1618,Coolant Liquid,Textile
1619,Sand Aggregate,Textile
1620,Printed Circuit Board,Textile
1621,Transformer Core,Plastic
1622,Aluminum Foil Roll,Plastic
1623,ABS Plastic Pellets,Packaging
1624,Foam Padding,Chemical
1625,Concrete Additive,Electronics
1626,Thermal Insulation Wool,Packaging
1627,Denim Fabric,Construction
1628,Copper Wire,Packaging
1629,Epoxy Resin,Plastic
1630,ABS Plastic Pellets,Electronics
1631,Silicone Sealant,Metal
1632,LED Module,Packaging
1633,Industrial Grease,Electronics
1634,Cement Bag,Packaging
1635,Glass Fiber,Electronics
1636,Gypsum Powder,Metal
1637,Copper Wire,Textile
1638,Aluminum Foil Roll,Textile
1639,Lithium Battery Cell,Metal
1640,Plastic Packaging Film,Plastic
1641,Iron Ore,Plastic
1642,Industrial Adhesive,Chemical
1643,Sand Aggregate,Chemical
1644,Concrete Additive,Construction
1645,Polycarbonate Sheet,Chemical
1646,Industrial Grease,Chemical
1647,Industrial Grease,Electronics
1648,Timber Plank,Metal
1649,ABS Plastic Pellets,Chemical
1650,Rubber Gasket,Chemical
1651,Iron Ore,Metal
1652,Hydraulic Oil,Textile
1653,Packaging Cardboard,Construction
1654,Hydraulic Oil,Textile
1655,Epoxy Resin,Electronics
1656,Rubber Gasket,Plastic
1657,Packaging Cardboard,Construction
1658,Transformer Core,Electronics
1659,Denim Fabric,Textile
1660,Corrugated Box,Textile
1661,Brass Pipe,Metal
1662,Concrete Additive,Electronics
1663,Nylon Fiber,Packaging
1664,Corrugated Box,Construction
1665,Denim Fabric,Chemical
1666,Acrylic Paint,Chemical
1667,Corrugated Box,Textile
1668,Corrugated Box,Chemical
1669,Industrial Adhesive,Metal
1670,Powder Coating Material,Construction
1671,Microcontroller Chip,Textile
1672,Microcontroller Chip,Metal
1673,Corrugated Box,Plastic
1674,Steel Rod,Chemical
1675,Thermal Insulation Wool,Construction
1676,Lithium Battery Cell,Packaging
1677,Timber Plank,Plastic
1678,Steel Rod,Construction
1679,Epoxy Resin,Textile
1680,Nylon Fiber,Construction
1681,Polyester Yarn,Textile
1682,Rubber Gasket,Plastic
1683,Aluminum Foil Roll,Textile
1684,Acrylic Paint,Electronics
1685,Polyester Yarn,Packaging
1686,Gypsum Powder,Packaging
1687,Stainless Steel Bolt,Electronics
1688,Acrylic Paint,Metal
1689,Wooden Plywood Sheet,Textile
1690,Printed Circuit Board,Electronics
1691,Latex Compound,Textile
1692,Latex Compound,Electronics
1693,Textile Cotton Fiber,Plastic
1694,Brass Pipe,Plastic
1695,Powder Coating Material,Plastic
1696,ABS Plastic Pellets,Textile
1697,Polycarbonate Sheet,Metal
1698,Paint Pigment,Chemical
1699,Industrial Grease,Plastic
1700,Microcontroller Chip,Construction
1701,Electric Motor Coil,Electronics
1702,LED Module,Electronics
1703,Polycarbonate Sheet,Electronics
1704,Lithium Battery Cell,Packaging
1705,Epoxy Resin,Plastic
1706,Rubber Gasket,Electronics
1707,Corrugated Box,Textile
1708,Latex Compound,Metal
1709,LED Module,Construction
1710,Lubricating Oil,Plastic
1711,Corrugated Box,Electronics
1712,Silicone Sealant,Textile
1713,Copper Wire,Plastic
1714,Sand Aggregate,Plastic
1715,Microcontroller Chip,Electronics
1716,Paint Pigment,Plastic
1717,Silicone Sealant,Textile
1718,Hydraulic Oil,Electronics
1719,LED Module,Construction
1720,Stainless Steel Bolt,Chemical
1721,Lubricating Oil,Metal
1722,Rubber Gasket,Electronics
1723,Packaging Cardboard,Electronics
1724,Cement Bag,Chemical
1725,Gypsum Powder,Plastic
1726,Silicone Sealant,Plastic
1727,Tempered Glass Panel,Electronics
1728,Printed Circuit Board,Textile
1729,Industrial Adhesive,Textile
1730,Aluminum Foil Roll,Construction
1731,MDF Board,Packaging
1732,Hydraulic Oil,Plastic
1733,Industrial Adhesive,Textile
1734,Latex Compound,Chemical
1735,Concrete Additive,Packaging
1736,Powder Coating Material,Packaging
1737,Lubricating Oil,Textile
1738,Microcontroller Chip,Plastic
1739,Timber Plank,Electronics
1740,Gypsum Powder,Construction
1741,Wooden Plywood Sheet,Metal
1742,Industrial Adhesive,Textile
1743,Electric Motor Coil,Textile
1744,HDPE Granules,Electronics
1745,Electric Motor Coil,Construction
1746,Epoxy Resin,Plastic
1747,Hydraulic Oil,Plastic
1748,Coolant Liquid,Packaging
1749,ABS Plastic Pellets,Construction
1750,Gravel Stone,Chemical
1751,Polycarbonate Sheet,Construction
1752,Gypsum Powder,Plastic
1753,Aluminum Sheet,Construction
1754,Thermal Insulation Wool,Packaging
1755,Microcontroller Chip,Packaging
1756,Lubricating Oil,Electronics
1757,Coolant Liquid,Electronics
1758,Aluminum Sheet,Textile
1759,Gypsum Powder,Electronics
1760,Latex Compound,Packaging
1761,Lithium Battery Cell,Packaging
1762,Synthetic Rubber Sheet,Electronics
1763,Sand Aggregate,Plastic
1764,Epoxy Resin,Metal
1765,Nylon Fiber,Metal
1766,Lithium Battery Cell,Construction
1767,Transformer Core,Metal
1768,Glass Fiber,Textile
1769,Denim Fabric,Metal
1770,Polycarbonate Sheet,Electronics
1771,Foam Padding,Metal
1772,Packaging Cardboard,Textile
1773,Copper Wire,Metal
1774,Polycarbonate Sheet,Packaging
1775,Iron Ore,Packaging
1776,Hydraulic Oil,Chemical
1777,Foam Padding,Chemical
1778,Packaging Cardboard,Packaging
1779,Textile Cotton Fiber,Chemical
1780,ABS Plastic Pellets,Chemical
1781,Rubber Gasket,Textile
1782,Aluminum Foil Roll,Chemical
1783,Industrial Adhesive,Metal
1784,Polycarbonate Sheet,Construction
1785,Industrial Grease,Electronics
1786,Coolant Liquid,Chemical
1787,Steel Rod,Chemical
1788,MDF Board,Metal
1789,Latex Compound,Construction
1790,Acrylic Paint,Packaging
1791,MDF Board,Metal
1792,Leather Sheet,Chemical
1793,Brass Pipe,Plastic
1794,Printed Circuit Board,Chemical
1795,PVC Pipe,Textile
1796,Copper Wire,Chemical
1797,Epoxy Resin,Construction
1798,Nylon Fiber,Chemical
1799,Plastic Packaging Film,Chemical
1800,Denim Fabric,Plastic
1801,Copper Wire,Electronics
1802,Concrete Additive,Packaging
1803,Packaging Cardboard,Plastic
1804,Wooden Plywood Sheet,Textile
1805,Concrete Additive,Plastic
1806,Industrial Grease,Metal
1807,Textile Cotton Fiber,Packaging
1808,Textile Cotton Fiber,Construction
1809,Polyester Yarn,Electronics
1810,Nylon Fiber,Plastic
1811,Rubber Gasket,Electronics
1812,Transformer Core,Chemical
1813,Thermal Insulation Wool,Plastic
1814,HDPE Granules,Packaging
1815,Leather Sheet,Metal
1816,Aluminum Sheet,Metal
1817,Sand Aggregate,Electronics
1818,Denim Fabric,Electronics
1819,LED Module,Textile
1820,Aluminum Foil Roll,Metal
1821,Powder Coating Material,Chemical
1822,Rubber Gasket,Plastic
1823,Tempered Glass Panel,Metal
1824,Stainless Steel Bolt,Packaging
1825,Silicone Sealant,Textile
1826,Steel Rod,Electronics
1827,ABS Plastic Pellets,Construction
1828,Tempered Glass Panel,Textile
1829,Acrylic Paint,Plastic
1830,Corrugated Box,Electronics
1831,Industrial Adhesive,Metal
1832,Acrylic Paint,Packaging
1833,Leather Sheet,Textile
1834,Thermal Insulation Wool,Plastic
1835,Textile Cotton Fiber,Construction
1836,Powder Coating Material,Plastic
1837,Textile Cotton Fiber,Plastic
1838,Leather Sheet,Construction
1839,Concrete Additive,Plastic
1840,Ceramic Insulator,Packaging
1841,MDF Board,Construction
1842,Cement Bag,Plastic
1843,Transformer Core,Electronics
1844,Copper Wire,Chemical
1845,Leather Sheet,Textile
1846,Corrugated Box,Textile
1847,Wooden Plywood Sheet,Construction
1848,Electric Motor Coil,Chemical
1849,Transformer Core,Metal
1850,Copper Wire,Construction
1851,Hydraulic Oil,Packaging
1852,MDF Board,Metal
1853,Acrylic Paint,Chemical
1854,Timber Plank,Textile
1855,Microcontroller Chip,Construction
1856,HDPE Granules,Chemical
1857,Epoxy Resin,Electronics
1858,Tempered Glass Panel,Textile
1859,Textile Cotton Fiber,Packaging
1860,Concrete Additive,Chemical
1861,Synthetic Rubber Sheet,Packaging
1862,Concrete Additive,Chemical
1863,Microcontroller Chip,Metal
1864,Foam Padding,Packaging
1865,Tempered Glass Panel,Packaging
1866,Concrete Additive,Packaging
1867,LED Module,Textile
1868,Epoxy Resin,Packaging
1869,ABS Plastic Pellets,Chemical
1870,LED Module,Metal
1871,Timber Plank,Plastic
1872,Acrylic Paint,Packaging
1873,Copper Wire,Chemical
1874,Steel Rod,Construction
1875,Aluminum Foil Roll,Chemical
1876,Foam Padding,Plastic
1877,ABS Plastic Pellets,Metal
1878,PVC Pipe,Chemical
1879,Rubber Gasket,Textile
1880,Cement Bag,Textile
1881,Paint Pigment,Packaging
1882,Synthetic Rubber Sheet,Electronics
1883,Lithium Battery Cell,Metal
1884,ABS Plastic Pellets,Plastic
1885,Industrial Adhesive,Electronics
1886,Plastic Packaging Film,Construction
1887,Polyester Yarn,Electronics
1888,Aluminum Foil Roll,Textile
1889,Polycarbonate Sheet,Electronics
1890,ABS Plastic Pellets,Plastic
1891,HDPE Granules,Construction
1892,Lithium Battery Cell,Chemical
1893,Polycarbonate Sheet,Electronics
1894,Iron Ore,Textile
1895,Microcontroller Chip,Electronics
1896,PVC Pipe,Packaging
1897,Corrugated Box,Plastic
1898,Electric Motor Coil,Plastic
1899,Packaging Cardboard,Construction
1900,Textile Cotton Fiber,Construction
1901,Timber Plank,Metal
1902,Steel Rod,Chemical
1903,Copper Wire,Electronics
1904,Gravel Stone,Metal
1905,Paint Pigment,Chemical
1906,Steel Rod,Textile
1907,Nylon Fiber,Packaging
1908,PVC Pipe,Construction
1909,Latex Compound,Textile
1910,Wooden Plywood Sheet,Construction
1911,Wooden Plywood Sheet,Textile
1912,Sand Aggregate,Construction
1913,Microcontroller Chip,Metal
1914,Stainless Steel Bolt,Packaging
1915,Electric Motor Coil,Textile
1916,Denim Fabric,Chemical
1917,Steel Rod,Textile
1918,MDF Board,Metal
1919,Gravel Stone,Textile
1920,Iron Ore,Chemical
1921,Electric Motor Coil,Textile
1922,Sand Aggregate,Packaging
1923,Gravel Stone,Construction
1924,Transformer Core,Construction
1925,Stainless Steel Bolt,Electronics
1926,Plastic Packaging Film,Textile
1927,Leather Sheet,Electronics
1928,Silicone Sealant,Packaging
1929,Hydraulic Oil,Metal
1930,Epoxy Resin,Plastic
1931,Printed Circuit Board,Textile
1932,Foam Padding,Electronics
1933,Polyester Yarn,Electronics
1934,Latex Compound,Plastic
1935,MDF Board,Electronics
1936,Timber Plank,Metal
1937,Packaging Cardboard,Textile
1938,Ceramic Insulator,Plastic
1939,Silicone Sealant,Electronics
1940,Steel Rod,Textile
1941,Sand Aggregate,Packaging
1942,Textile Cotton Fiber,Packaging
1943,Sand Aggregate,Packaging
1944,Textile Cotton Fiber,Plastic
1945,Nylon Fiber,Packaging
1946,Polyester Yarn,Electronics
1947,Hydraulic Oil,Metal
1948,Synthetic Rubber Sheet,Electronics
1949,Leather Sheet,Packaging
1950,Microcontroller Chip,Chemical
1951,Hydraulic Oil,Chemical
1952,Thermal Insulation Wool,Metal
1953,Textile Cotton Fiber,Chemical
1954,Industrial Adhesive,Chemical
1955,Tempered Glass Panel,Construction
1956,Electric Motor Coil,Construction
1957,Copper Wire,Chemical
1958,Leather Sheet,Plastic
1959,Industrial Grease,Construction
1960,Glass Fiber,Chemical
1961,Transformer Core,Textile
1962,Glass Fiber,Chemical
1963,Gypsum Powder,Chemical
1964,Electric Motor Coil,Textile
1965,Synthetic Rubber Sheet,Chemical
1966,Gypsum Powder,Packaging
1967,Nylon Fiber,Chemical
1968,Industrial Grease,Packaging
1969,Plastic Packaging Film,Metal
1970,Latex Compound,Construction
1971,Microcontroller Chip,Construction
1972,Glass Fiber,Plastic
1973,Coolant Liquid,Electronics
1974,Thermal Insulation Wool,Chemical
1975,Epoxy Resin,Construction
1976,Iron Ore,Chemical
1977,Gypsum Powder,Textile
1978,Coolant Liquid,Construction
1979,Polyester Yarn,Metal
1980,Tempered Glass Panel,Chemical
1981,Silicone Sealant,Construction
1982,Concrete Additive,Plastic
1983,Transformer Core,Metal
1984,Ceramic Insulator,Metal
1985,Powder Coating Material,Packaging
1986,Latex Compound,Packaging
1987,Concrete Additive,Plastic
1988,Industrial Grease,Construction
1989,Cement Bag,Metal
1990,PVC Pipe,Chemical
1991,Gypsum Powder,Packaging
1992,Aluminum Sheet,Construction
1993,Glass Fiber,Textile
1994,PVC Pipe,Packaging
1995,Printed Circuit Board,Metal
1996,Textile Cotton Fiber,Chemical
1997,Copper Wire,Metal
1998,Rubber Gasket,Plastic
1999,Microcontroller Chip,Electronics
2000,Lithium Battery Cell,Metal
2001,MDF Board,Construction
2002,Polycarbonate Sheet,Construction
2003,PVC Pipe,Chemical
2004,Gravel Stone,Textile
2005,Microcontroller Chip,Construction
2006,Transformer Core,Plastic
2007,ABS Plastic Pellets,Metal
2008,HDPE Granules,Construction
2009,Acrylic Paint,Construction
2010,PVC Pipe,Textile
2011,Lubricating Oil,Chemical
2012,MDF Board,Metal
2013,Sand Aggregate,Metal
2014,Coolant Liquid,Metal
2015,ABS Plastic Pellets,Plastic
2016,Microcontroller Chip,Construction
2017,Industrial Grease,Packaging
2018,Aluminum Foil Roll,Packaging
2019,Stainless Steel Bolt,Metal
2020,Nylon Fiber,Electronics
2021,Gypsum Powder,Construction
2022,Foam Padding,Textile
2023,Industrial Grease,Textile
2024,Ceramic Insulator,Metal
2025,Synthetic Rubber Sheet,Plastic
2026,Stainless Steel Bolt,Chemical
2027,Denim Fabric,Construction
2028,Powder Coating Material,Textile
2029,Aluminum Sheet,Construction
2030,Sand Aggregate,Electronics
2031,Cement Bag,Textile
2032,Silicone Sealant,Textile
2033,Corrugated Box,Construction
2034,Polyester Yarn,Textile
2035,Foam Padding,Packaging
2036,Industrial Grease,Plastic
2037,Acrylic Paint,Textile
2038,Aluminum Foil Roll,Plastic
2039,Coolant Liquid,Chemical
2040,Textile Cotton Fiber,Packaging
2041,Denim Fabric,Chemical
2042,Foam Padding,Packaging
2043,Hydraulic Oil,Textile
2044,Brass Pipe,Chemical
2045,Gravel Stone,Chemical
2046,Steel Rod,Plastic
2047,Wooden Plywood Sheet,Plastic
2048,Steel Rod,Electronics
2049,Thermal Insulation Wool,Plastic
2050,Polycarbonate Sheet,Metal
2051,Lubricating Oil,Plastic
2052,Aluminum Foil Roll,Construction
2053,Polycarbonate Sheet,Construction
2054,Industrial Adhesive,Construction
2055,Gypsum Powder,Electronics
2056,Lubricating Oil,Construction
2057,Industrial Grease,Textile
2058,Synthetic Rubber Sheet,Textile
2059,Wooden Plywood Sheet,Plastic
2060,Lithium Battery Cell,Electronics
2061,Polycarbonate Sheet,Plastic
2062,MDF Board,Textile
2063,Iron Ore,Textile
2064,Steel Rod,Packaging
2065,Sand Aggregate,Plastic
2066,Gypsum Powder,Chemical
2067,Foam Padding,Electronics
2068,Powder Coating Material,Construction
2069,Ceramic Insulator,Electronics
2070,Denim Fabric,Textile
2071,ABS Plastic Pellets,Metal
2072,Gravel Stone,Construction
2073,Wooden Plywood Sheet,Electronics
2074,Corrugated Box,Packaging
2075,Glass Fiber,Construction
2076,Corrugated Box,Textile
2077,Sand Aggregate,Construction
2078,Ceramic Insulator,Metal
2079,Foam Padding,Packaging
2080,Foam Padding,Plastic
2081,Sand Aggregate,Construction
2082,Electric Motor Coil,Metal
2083,Coolant Liquid,Chemical
2084,Paint Pigment,Electronics
2085,Rubber Gasket,Plastic
2086,Denim Fabric,Packaging
2087,Coolant Liquid,Packaging
2088,Cement Bag,Metal
2089,Gypsum Powder,Chemical
2090,Iron Ore,Construction
2091,Aluminum Sheet,Electronics
2092,Lithium Battery Cell,Plastic
2093,Denim Fabric,Electronics
2094,Epoxy Resin,Plastic
2095,Steel Rod,Textile
2096,Polyester Yarn,Textile
2097,Corrugated Box,Textile
2098,Cement Bag,Chemical
2099,MDF Board,Metal
2100,Paint Pigment,Electronics
2101,Rubber Gasket,Construction
2102,Latex Compound,Chemical
2103,Gypsum Powder,Metal
2104,Polyester Yarn,Plastic
2105,Electric Motor Coil,Metal
2106,Lubricating Oil,Textile
2107,Aluminum Sheet,Plastic
2108,Industrial Adhesive,Textile
2109,Timber Plank,Textile
2110,Copper Wire,Textile
2111,Glass Fiber,Packaging
2112,Industrial Adhesive,Packaging
2113,Latex Compound,Metal
2114,Powder Coating Material,Plastic
2115,Aluminum Sheet,Chemical
2116,Aluminum Sheet,Construction
2117,Microcontroller Chip,Plastic
2118,Hydraulic Oil,Chemical
2119,Denim Fabric,Plastic
2120,Cement Bag,Plastic
2121,Rubber Gasket,Metal
2122,MDF Board,Textile
2123,Lubricating Oil,Electronics
2124,Thermal Insulation Wool,Packaging
2125,Cement Bag,Plastic
2126,ABS Plastic Pellets,Textile
2127,Leather Sheet,Electronics
2128,LED Module,Textile
2129,Thermal Insulation Wool,Packaging
2130,Lithium Battery Cell,Textile
2131,Paint Pigment,Construction
2132,Glass Fiber,Chemical
2133,Sand Aggregate,Metal
2134,Tempered Glass Panel,Metal
2135,Foam Padding,Packaging
2136,Leather Sheet,Construction
2137,Rubber Gasket,Chemical
2138,Lubricating Oil,Chemical
2139,Silicone Sealant,Plastic
2140,Coolant Liquid,Metal
2141,Steel Rod,Construction
2142,Latex Compound,Metal
2143,Thermal Insulation Wool,Metal
2144,Brass Pipe,Metal
2145,Leather Sheet,Packaging
2146,LED Module,Electronics
2147,Brass Pipe,Chemical
2148,Microcontroller Chip,Packaging
2149,Microcontroller Chip,Electronics
2150,MDF Board,Electronics
2151,Coolant Liquid,Construction
2152,HDPE Granules,Textile
2153,Ceramic Insulator,Metal
2154,Paint Pigment,Construction
2155,Wooden Plywood Sheet,Electronics
2156,Gravel Stone,Metal
2157,Transformer Core,Packaging
2158,ABS Plastic Pellets,Chemical
2159,Epoxy Resin,Electronics
2160,HDPE Granules,Construction
2161,HDPE Granules,Packaging
2162,Electric Motor Coil,Packaging
2163,Iron Ore,Textile
2164,Gravel Stone,Electronics
2165,Industrial Adhesive,Construction
2166,Glass Fiber,Textile
2167,Timber Plank,Chemical
2168,Electric Motor Coil,Textile
2169,Steel Rod,Packaging
2170,Cement Bag,Textile
2171,Corrugated Box,Plastic
2172,Rubber Gasket,Chemical
2173,Steel Rod,Chemical
2174,Brass Pipe,Plastic
2175,Transformer Core,Metal
2176,Brass Pipe,Chemical
2177,Rubber Gasket,Chemical
2178,Aluminum Foil Roll,Plastic
2179,Paint Pigment,Textile
2180,Industrial Grease,Textile
2181,Timber Plank,Chemical
2182,Sand Aggregate,Packaging
2183,Nylon Fiber,Construction
2184,Cement Bag,Packaging
2185,Transformer Core,Electronics
2186,Synthetic Rubber Sheet,Plastic
2187,Sand Aggregate,Packaging
2188,Steel Rod,Plastic
2189,Microcontroller Chip,Packaging
2190,Hydraulic Oil,Chemical
2191,Leather Sheet,Chemical
2192,Latex Compound,Construction
2193,Glass Fiber,Chemical
2194,HDPE Granules,Chemical
2195,Silicone Sealant,Plastic
2196,Glass Fiber,Metal
2197,Acrylic Paint,Packaging
2198,PVC Pipe,Chemical
2199,Foam Padding,Chemical
2200,Thermal Insulation Wool,Construction
2201,Iron Ore,Packaging
2202,Ceramic Insulator,Metal
2203,Stainless Steel Bolt,Textile
2204,Hydraulic Oil,Plastic
2205,Foam Padding,Plastic
2206,Ceramic Insulator,Packaging
2207,Polycarbonate Sheet,Construction
2208,Thermal Insulation Wool,Chemical
2209,ABS Plastic Pellets,Chemical
2210,Thermal Insulation Wool,Textile
2211,Gravel Stone,Electronics
2212,Packaging Cardboard,Chemical
2213,Epoxy Resin,Textile
2214,Foam Padding,Plastic
2215,Polycarbonate Sheet,Packaging
2216,Wooden Plywood Sheet,Construction
2217,Aluminum Foil Roll,Textile
2218,Lubricating Oil,Construction
2219,Sand Aggregate,Construction
2220,Synthetic Rubber Sheet,Plastic
2221,Aluminum Sheet,Chemical
2222,Lithium Battery Cell,Textile
2223,Corrugated Box,Chemical
2224,Rubber Gasket,Plastic
2225,Gypsum Powder,Metal
2226,Nylon Fiber,Construction
2227,ABS Plastic Pellets,Electronics
2228,Timber Plank,Metal
2229,Transformer Core,Packaging
2230,Rubber Gasket,Textile
2231,Coolant Liquid,Chemical
2232,Printed Circuit Board,Electronics
2233,ABS Plastic Pellets,Metal
2234,Printed Circuit Board,Construction
2235,Thermal Insulation Wool,Electronics
2236,HDPE Granules,Chemical
2237,Timber Plank,Textile
2238,Nylon Fiber,Electronics
2239,Printed Circuit Board,Metal
2240,Hydraulic Oil,Textile
2241,Industrial Grease,Construction
2242,Gypsum Powder,Plastic
2243,Copper Wire,Metal
2244,Wooden Plywood Sheet,Chemical
2245,Copper Wire,Textile
2246,Industrial Adhesive,Metal
2247,Gypsum Powder,Electronics
2248,Leather Sheet,Chemical
2249,Stainless Steel Bolt,Plastic
2250,Thermal Insulation Wool,Textile
2251,ABS Plastic Pellets,Electronics
2252,Microcontroller Chip,Construction
2253,Brass Pipe,Electronics
2254,ABS Plastic Pellets,Construction
2255,Cement Bag,Packaging
2256,Tempered Glass Panel,Chemical
2257,Steel Rod,Electronics
2258,Nylon Fiber,Chemical
2259,Foam Padding,Construction
2260,Industrial Grease,Plastic
2261,Tempered Glass Panel,Metal
2262,LED Module,Construction
2263,MDF Board,Metal
2264,Stainless Steel Bolt,Metal
2265,Polyester Yarn,Packaging
2266,Microcontroller Chip,Textile
2267,Gypsum Powder,Construction
2268,Wooden Plywood Sheet,Textile
2269,ABS Plastic Pellets,Packaging
2270,Electric Motor Coil,Metal
2271,Lithium Battery Cell,Plastic
2272,Hydraulic Oil,Construction
2273,Glass Fiber,Metal
2274,PVC Pipe,Metal
2275,Foam Padding,Electronics
2276,Lithium Battery Cell,Chemical
2277,Polyester Yarn,Electronics
2278,Ceramic Insulator,Packaging
2279,Concrete Additive,Chemical
2280,Lithium Battery Cell,Construction
2281,Glass Fiber,Metal
2282,Synthetic Rubber Sheet,Construction
2283,Thermal Insulation Wool,Metal
2284,Denim Fabric,Textile
2285,Powder Coating Material,Packaging
2286,Steel Rod,Textile
2287,Latex Compound,Textile
2288,Steel Rod,Metal
2289,Aluminum Foil Roll,Textile
2290,Corrugated Box,Metal
2291,Textile Cotton Fiber,Construction
2292,Powder Coating Material,Electronics
2293,Corrugated Box,Textile
2294,Gravel Stone,Plastic
2295,Industrial Adhesive,Construction
2296,Nylon Fiber,Electronics
2297,Cement Bag,Electronics
2298,Corrugated Box,Construction
2299,Latex Compound,Plastic
2300,Transformer Core,Chemical
2301,Paint Pigment,Packaging
2302,MDF Board,Metal
2303,Concrete Additive,Chemical
2304,Industrial Adhesive,Packaging
2305,Sand Aggregate,Packaging
2306,Tempered Glass Panel,Metal
2307,Latex Compound,Textile
2308,Foam Padding,Metal
2309,Stainless Steel Bolt,Packaging
2310,HDPE Granules,Chemical
2311,Ceramic Insulator,Chemical
2312,Steel Rod,Packaging
2313,Lithium Battery Cell,Electronics
2314,Corrugated Box,Plastic
2315,Latex Compound,Electronics
2316,Electric Motor Coil,Construction
2317,Leather Sheet,Plastic
2318,PVC Pipe,Electronics
2319,Packaging Cardboard,Metal
2320,Tempered Glass Panel,Textile
2321,PVC Pipe,Electronics
2322,Glass Fiber,Packaging
2323,Brass Pipe,Textile
2324,Acrylic Paint,Plastic
2325,Textile Cotton Fiber,Textile
2326,Aluminum Foil Roll,Construction
2327,Wooden Plywood Sheet,Construction
2328,Gravel Stone,Packaging
2329,Denim Fabric,Construction
2330,Nylon Fiber,Packaging
2331,Glass Fiber,Packaging
2332,Hydraulic Oil,Plastic
2333,Paint Pigment,Textile
2334,HDPE Granules,Textile
2335,Gypsum Powder,Electronics
2336,Timber Plank,Chemical
2337,Synthetic Rubber Sheet,Chemical
2338,Powder Coating Material,Packaging
2339,Electric Motor Coil,Textile
2340,Iron Ore,Construction
2341,Glass Fiber,Metal
2342,Acrylic Paint,Construction
2343,Industrial Adhesive,Plastic
2344,Steel Rod,Packaging
2345,Plastic Packaging Film,Chemical
2346,Stainless Steel Bolt,Construction
2347,Silicone Sealant,Textile
2348,Synthetic Rubber Sheet,Plastic
2349,Silicone Sealant,Textile
2350,Cement Bag,Construction
2351,Thermal Insulation Wool,Textile
2352,Gypsum Powder,Electronics
2353,Stainless Steel Bolt,Chemical
2354,Leather Sheet,Electronics
2355,Coolant Liquid,Electronics
2356,Aluminum Foil Roll,Chemical
2357,Thermal Insulation Wool,Construction
2358,Iron Ore,Electronics
2359,Acrylic Paint,Metal
2360,Steel Rod,Electronics
2361,Synthetic Rubber Sheet,Packaging
2362,Iron Ore,Chemical
2363,PVC Pipe,Textile
2364,Industrial Adhesive,Construction
2365,Brass Pipe,Packaging
2366,Microcontroller Chip,Textile
2367,HDPE Granules,Construction
2368,Industrial Adhesive,Construction
2369,Polycarbonate Sheet,Chemical
2370,Polyester Yarn,Packaging
2371,HDPE Granules,Electronics
2372,Gravel Stone,Construction
2373,Cement Bag,Chemical
2374,LED Module,Packaging
2375,Epoxy Resin,Construction
2376,Steel Rod,Plastic
2377,Leather Sheet,Electronics
2378,Aluminum Foil Roll,Metal
2379,Textile Cotton Fiber,Plastic
2380,Polycarbonate Sheet,Plastic
2381,Industrial Grease,Metal
2382,Industrial Grease,Metal
2383,Wooden Plywood Sheet,Construction
2384,Concrete Additive,Packaging
2385,Acrylic Paint,Packaging
2386,Industrial Grease,Construction
2387,Acrylic Paint,Textile
2388,Foam Padding,Metal
2389,Silicone Sealant,Packaging
2390,Stainless Steel Bolt,Electronics
2391,MDF Board,Textile
2392,Packaging Cardboard,Metal
2393,Aluminum Sheet,Construction
2394,Packaging Cardboard,Electronics
2395,Microcontroller Chip,Textile
2396,Aluminum Sheet,Chemical
2397,Lithium Battery Cell,Electronics
2398,Aluminum Foil Roll,Electronics
2399,Ceramic Insulator,Plastic
2400,Gypsum Powder,Chemical
2401,Stainless Steel Bolt,Electronics
2402,Wooden Plywood Sheet,Metal
2403,Coolant Liquid,Textile
2404,Leather Sheet,Textile
2405,Brass Pipe,Construction
2406,Powder Coating Material,Construction
2407,Timber Plank,Electronics
2408,Ceramic Insulator,Chemical
2409,Denim Fabric,Metal
2410,Industrial Grease,Textile
2411,Transformer Core,Plastic
2412,Brass Pipe,Textile
2413,Packaging Cardboard,Packaging
2414,Gravel Stone,Plastic
2415,Glass Fiber,Packaging
2416,Aluminum Sheet,Metal
2417,Foam Padding,Electronics
2418,Packaging Cardboard,Plastic
2419,Textile Cotton Fiber,Metal
2420,Foam Padding,Metal
2421,Steel Rod,Metal
2422,Coolant Liquid,Construction
2423,Industrial Adhesive,Metal
2424,Printed Circuit Board,Packaging
2425,Iron Ore,Electronics
2426,Acrylic Paint,Construction
2427,Aluminum Sheet,Packaging
2428,Gravel Stone,Metal
2429,Gypsum Powder,Packaging
2430,ABS Plastic Pellets,Plastic
2431,Denim Fabric,Metal
2432,Coolant Liquid,Chemical
2433,Hydraulic Oil,Construction
2434,Brass Pipe,Plastic
2435,Tempered Glass Panel,Chemical
2436,Thermal Insulation Wool,Electronics
2437,Ceramic Insulator,Packaging
2438,Acrylic Paint,Electronics
2439,Microcontroller Chip,Packaging
2440,Industrial Grease,Electronics
2441,Sand Aggregate,Metal
2442,Timber Plank,Plastic
2443,Steel Rod,Packaging
2444,PVC Pipe,Metal
2445,Transformer Core,Packaging
2446,ABS Plastic Pellets,Plastic
2447,HDPE Granules,Packaging
2448,ABS Plastic Pellets,Construction
2449,Ceramic Insulator,Plastic
2450,Latex Compound,Chemical
2451,Denim Fabric,Construction
2452,Powder Coating Material,Metal
2453,Stainless Steel Bolt,Textile
2454,Paint Pigment,Textile
2455,Iron Ore,Textile
2456,Epoxy Resin,Chemical
2457,Silicone Sealant,Construction
2458,MDF Board,Chemical
2459,Wooden Plywood Sheet,Chemical
2460,ABS Plastic Pellets,Metal
2461,Synthetic Rubber Sheet,Textile
2462,Gypsum Powder,Packaging
2463,Iron Ore,Electronics
2464,Packaging Cardboard,Electronics
2465,Aluminum Sheet,Construction
2466,Tempered Glass Panel,Construction
2467,Leather Sheet,Electronics
2468,Rubber Gasket,Electronics
2469,ABS Plastic Pellets,Electronics
2470,Rubber Gasket,Construction
2471,Gypsum Powder,Textile
2472,Acrylic Paint,Construction
2473,PVC Pipe,Plastic
2474,Wooden Plywood Sheet,Textile
2475,Hydraulic Oil,Plastic
2476,Sand Aggregate,Packaging
2477,Thermal Insulation Wool,Construction
2478,Plastic Packaging Film,Construction
2479,Denim Fabric,Textile
2480,Thermal Insulation Wool,Chemical
2481,HDPE Granules,Packaging
2482,Coolant Liquid,Metal
2483,Tempered Glass Panel,Metal
2484,Iron Ore,Electronics
2485,Tempered Glass Panel,Construction
2486,Iron Ore,Textile
2487,HDPE Granules,Packaging
2488,Coolant Liquid,Textile
2489,Iron Ore,Textile
2490,Foam Padding,Metal
2491,Hydraulic Oil,Construction
2492,Latex Compound,Plastic
2493,HDPE Granules,Packaging
2494,Latex Compound,Chemical
2495,Denim Fabric,Construction
2496,Thermal Insulation Wool,Chemical
2497,PVC Pipe,Packaging
2498,Microcontroller Chip,Electronics
2499,ABS Plastic Pellets,Electronics
2500,Electric Motor Coil,Packaging
2501,Rubber Gasket,Chemical
2502,Lithium Battery Cell,Construction
2503,Transformer Core,Construction
2504,Polyester Yarn,Packaging
2505,PVC Pipe,Packaging
2506,Glass Fiber,Chemical
2507,Aluminum Sheet,Textile
2508,Lithium Battery Cell,Packaging
2509,Epoxy Resin,Plastic
2510,Cement Bag,Metal
2511,Packaging Cardboard,Electronics
2512,Rubber Gasket,Packaging
2513,Polycarbonate Sheet,Plastic
2514,Synthetic Rubber Sheet,Plastic
2515,Acrylic Paint,Metal
2516,Leather Sheet,Packaging
2517,Concrete Additive,Plastic
2518,Wooden Plywood Sheet,Chemical
2519,Aluminum Sheet,Plastic
2520,Latex Compound,Chemical
2521,Acrylic Paint,Electronics
2522,Sand Aggregate,Chemical
2523,Nylon Fiber,Chemical
2524,Gypsum Powder,Construction
2525,HDPE Granules,Construction
2526,Paint Pigment,Textile
2527,Transformer Core,Chemical
2528,MDF Board,Plastic
2529,Steel Rod,Metal
2530,Plastic Packaging Film,Chemical
2531,Aluminum Sheet,Chemical
2532,Lithium Battery Cell,Metal
2533,Industrial Grease,Packaging
2534,Acrylic Paint,Metal
2535,Textile Cotton Fiber,Construction
2536,Iron Ore,Metal
2537,Corrugated Box,Plastic
2538,Powder Coating Material,Packaging
2539,Gravel Stone,Metal
2540,Leather Sheet,Plastic
2541,Silicone Sealant,Textile
2542,Lithium Battery Cell,Construction
2543,Corrugated Box,Construction
2544,Timber Plank,Plastic
2545,Coolant Liquid,Chemical
2546,Brass Pipe,Chemical
2547,MDF Board,Construction
2548,Cement Bag,Packaging
2549,Powder Coating Material,Electronics
2550,Copper Wire,Electronics
2551,Rubber Gasket,Chemical
2552,Gravel Stone,Packaging
2553,Brass Pipe,Metal
2554,Copper Wire,Metal
2555,Transformer Core,Electronics
2556,Cement Bag,Metal
2557,Aluminum Foil Roll,Textile
2558,PVC Pipe,Chemical
2559,Transformer Core,Packaging
2560,LED Module,Plastic
2561,Rubber Gasket,Packaging
2562,Thermal Insulation Wool,Chemical
2563,ABS Plastic Pellets,Plastic
2564,Brass Pipe,Metal
2565,Packaging Cardboard,Textile
2566,Lubricating Oil,Electronics
2567,Packaging Cardboard,Plastic
2568,Textile Cotton Fiber,Plastic
2569,Plastic Packaging Film,Metal
2570,Lubricating Oil,Electronics
2571,Textile Cotton Fiber,Construction
2572,Epoxy Resin,Metal
2573,Cement Bag,Plastic
2574,Acrylic Paint,Textile
2575,Textile Cotton Fiber,Electronics
2576,Leather Sheet,Plastic
2577,Rubber Gasket,Plastic
2578,Timber Plank,Chemical
2579,Polyester Yarn,Chemical
2580,Polycarbonate Sheet,Electronics
2581,Gypsum Powder,Packaging
2582,Transformer Core,Plastic
2583,Aluminum Sheet,Metal
2584,Foam Padding,Packaging
2585,Latex Compound,Plastic
2586,Silicone Sealant,Packaging
2587,Polycarbonate Sheet,Chemical
2588,Synthetic Rubber Sheet,Packaging
2589,Lubricating Oil,Chemical
2590,Plastic Packaging Film,Construction
2591,Coolant Liquid,Plastic
2592,Aluminum Foil Roll,Plastic
2593,Latex Compound,Electronics
2594,HDPE Granules,Construction
2595,Steel Rod,Plastic
2596,Silicone Sealant,Textile
2597,Latex Compound,Electronics
2598,ABS Plastic Pellets,Packaging
2599,Silicone Sealant,Electronics
2600,Epoxy Resin,Chemical
2601,Hydraulic Oil,Construction
2602,Polyester Yarn,Textile
2603,Lubricating Oil,Chemical
2604,Industrial Grease,Electronics
2605,Glass Fiber,Construction
2606,MDF Board,Packaging
2607,Industrial Adhesive,Textile
2608,Concrete Additive,Chemical
2609,Copper Wire,Plastic
2610,Polyester Yarn,Metal
2611,Acrylic Paint,Construction
2612,MDF Board,Electronics
2613,Latex Compound,Plastic
2614,PVC Pipe,Chemical
2615,Lithium Battery Cell,Construction
2616,Nylon Fiber,Chemical
2617,Gypsum Powder,Construction
2618,Leather Sheet,Packaging
2619,Hydraulic Oil,Metal
2620,Industrial Grease,Chemical
2621,Aluminum Sheet,Electronics
2622,MDF Board,Packaging
2623,Brass Pipe,Packaging
2624,Gravel Stone,Plastic
2625,Powder Coating Material,Chemical
2626,Coolant Liquid,Construction
2627,Wooden Plywood Sheet,Metal
2628,Packaging Cardboard,Plastic
2629,Synthetic Rubber Sheet,Plastic
2630,Latex Compound,Textile
2631,Iron Ore,Electronics
2632,Gypsum Powder,Chemical
2633,Transformer Core,Construction
2634,Concrete Additive,Construction
2635,Paint Pigment,Electronics
2636,Synthetic Rubber Sheet,Construction
2637,Powder Coating Material,Construction
2638,Brass Pipe,Packaging
2639,Denim Fabric,Packaging
2640,Gypsum Powder,Chemical
2641,Stainless Steel Bolt,Metal
2642,Gravel Stone,Chemical
2643,Aluminum Sheet,Packaging
2644,Thermal Insulation Wool,Packaging
2645,HDPE Granules,Plastic
2646,Printed Circuit Board,Plastic
2647,Aluminum Sheet,Electronics
2648,Ceramic Insulator,Construction
2649,PVC Pipe,Electronics
2650,HDPE Granules,Chemical
2651,Nylon Fiber,Plastic
2652,Textile Cotton Fiber,Electronics
2653,Polyester Yarn,Chemical
2654,HDPE Granules,Chemical
2655,HDPE Granules,Chemical
2656,Transformer Core,Construction
2657,Iron Ore,Plastic
2658,Ceramic Insulator,Plastic
2659,Ceramic Insulator,Packaging
2660,HDPE Granules,Electronics
2661,Thermal Insulation Wool,Plastic
2662,Tempered Glass Panel,Packaging
2663,Aluminum Sheet,Textile
2664,Nylon Fiber,Construction
2665,Copper Wire,Chemical
2666,Stainless Steel Bolt,Plastic
2667,Polyester Yarn,Electronics
2668,Lubricating Oil,Chemical
2669,MDF Board,Textile
2670,Denim Fabric,Metal
2671,Gravel Stone,Textile
2672,Copper Wire,Plastic
2673,MDF Board,Textile
2674,PVC Pipe,Plastic
2675,Electric Motor Coil,Plastic
2676,Glass Fiber,Textile
2677,Printed Circuit Board,Textile
2678,ABS Plastic Pellets,Textile
2679,Latex Compound,Construction
2680,Polyester Yarn,Textile
2681,Cement Bag,Electronics
2682,Corrugated Box,Metal
2683,Cement Bag,Electronics
2684,Epoxy Resin,Chemical
2685,Lubricating Oil,Plastic
2686,ABS Plastic Pellets,Construction
2687,Denim Fabric,Electronics
2688,Aluminum Sheet,Plastic
2689,Packaging Cardboard,Construction
2690,Cement Bag,Construction
2691,Polycarbonate Sheet,Plastic
2692,Nylon Fiber,Textile
2693,Coolant Liquid,Packaging
2694,Rubber Gasket,Electronics
2695,Steel Rod,Chemical
2696,Timber Plank,Metal
2697,Powder Coating Material,Textile
2698,Printed Circuit Board,Chemical
2699,Latex Compound,Electronics
2700,Corrugated Box,Textile
2701,HDPE Granules,Electronics
2702,Sand Aggregate,Plastic
2703,Foam Padding,Electronics
2704,Packaging Cardboard,Construction
2705,Lubricating Oil,Electronics
2706,MDF Board,Construction
2707,Brass Pipe,Plastic
2708,Synthetic Rubber Sheet,Construction
2709,Transformer Core,Metal
2710,Packaging Cardboard,Electronics
2711,Industrial Grease,Textile
2712,Ceramic Insulator,Metal
2713,Corrugated Box,Packaging
2714,Aluminum Sheet,Packaging
2715,Lithium Battery Cell,Packaging
2716,Aluminum Foil Roll,Electronics
2717,Iron Ore,Plastic
2718,Gravel Stone,Textile
2719,Transformer Core,Metal
2720,Textile Cotton Fiber,Construction
2721,Paint Pigment,Chemical
2722,Hydraulic Oil,Textile
2723,Corrugated Box,Chemical
2724,Lubricating Oil,Plastic
2725,Transformer Core,Plastic
2726,Latex Compound,Construction
2727,ABS Plastic Pellets,Metal
2728,Polyester Yarn,Chemical
2729,Plastic Packaging Film,Packaging
2730,Rubber Gasket,Construction
2731,Transformer Core,Plastic
2732,Paint Pigment,Electronics
2733,Coolant Liquid,Metal
2734,Cement Bag,Chemical
2735,Microcontroller Chip,Chemical
2736,Electric Motor Coil,Construction
2737,Wooden Plywood Sheet,Chemical
2738,Silicone Sealant,Chemical
2739,MDF Board,Textile
2740,Polyester Yarn,Chemical
2741,Nylon Fiber,Electronics
2742,Copper Wire,Plastic
2743,Stainless Steel Bolt,Textile
2744,Lubricating Oil,Textile
2745,Nylon Fiber,Packaging
2746,Silicone Sealant,Metal
2747,Iron Ore,Textile
2748,Printed Circuit Board,Construction
2749,Ceramic Insulator,Electronics
2750,MDF Board,Electronics
2751,Thermal Insulation Wool,Chemical
2752,Nylon Fiber,Plastic
2753,Thermal Insulation Wool,Packaging
2754,Polycarbonate Sheet,Construction
2755,Industrial Adhesive,Electronics
2756,Epoxy Resin,Packaging
2757,Leather Sheet,Textile
2758,Microcontroller Chip,Chemical
2759,Iron Ore,Metal
2760,Epoxy Resin,Plastic
2761,Steel Rod,Electronics
2762,Ceramic Insulator,Metal
2763,LED Module,Electronics
2764,Timber Plank,Chemical
2765,Rubber Gasket,Packaging
2766,Nylon Fiber,Textile
2767,Gypsum Powder,Textile
2768,Plastic Packaging Film,Packaging
2769,Silicone Sealant,Construction
2770,MDF Board,Construction
2771,Packaging Cardboard,Textile
2772,Lubricating Oil,Packaging
2773,Polycarbonate Sheet,Textile
2774,Ceramic Insulator,Chemical
2775,Glass Fiber,Metal
2776,Stainless Steel Bolt,Packaging
2777,Corrugated Box,Electronics
2778,Powder Coating Material,Textile
2779,Textile Cotton Fiber,Electronics
2780,Gypsum Powder,Textile
2781,ABS Plastic Pellets,Textile
2782,Iron Ore,Plastic
2783,Copper Wire,Metal
2784,HDPE Granules,Textile
2785,Iron Ore,Metal
2786,Iron Ore,Construction
2787,Polyester Yarn,Electronics
2788,Sand Aggregate,Packaging
2789,Timber Plank,Chemical
2790,Latex Compound,Electronics
2791,Thermal Insulation Wool,Packaging
2792,MDF Board,Textile
2793,Stainless Steel Bolt,Packaging
2794,Powder Coating Material,Electronics
2795,LED Module,Metal
2796,Steel Rod,Construction
2797,Rubber Gasket,Packaging
2798,Synthetic Rubber Sheet,Plastic
2799,Foam Padding,Plastic
2800,Silicone Sealant,Construction
2801,ABS Plastic Pellets,Electronics
2802,Acrylic Paint,Electronics
2803,Iron Ore,Textile
2804,Wooden Plywood Sheet,Construction
2805,Silicone Sealant,Packaging
2806,HDPE Granules,Packaging
2807,Stainless Steel Bolt,Packaging
2808,Iron Ore,Plastic
2809,Sand Aggregate,Electronics
2810,Aluminum Foil Roll,Metal
2811,Hydraulic Oil,Textile
2812,Textile Cotton Fiber,Metal
2813,Rubber Gasket,Packaging
2814,Foam Padding,Electronics
2815,Packaging Cardboard,Chemical
2816,LED Module,Chemical
2817,Hydraulic Oil,Textile
2818,Epoxy Resin,Chemical
2819,Wooden Plywood Sheet,Textile
2820,Lithium Battery Cell,Textile
2821,Packaging Cardboard,Metal
2822,Synthetic Rubber Sheet,Packaging
2823,Printed Circuit Board,Plastic
2824,Coolant Liquid,Packaging
2825,Foam Padding,Construction
2826,Nylon Fiber,Metal
2827,Steel Rod,Plastic
2828,Hydraulic Oil,Electronics
2829,Aluminum Foil Roll,Plastic
2830,Leather Sheet,Chemical
2831,Foam Padding,Construction
2832,Industrial Adhesive,Plastic
2833,Industrial Adhesive,Plastic
2834,Sand Aggregate,Plastic
2835,Gypsum Powder,Plastic
2836,Cement Bag,Construction
2837,Aluminum Foil Roll,Plastic
2838,Coolant Liquid,Construction
2839,Steel Rod,Chemical
2840,Latex Compound,Construction
2841,Hydraulic Oil,Electronics
2842,Rubber Gasket,Packaging
2843,Powder Coating Material,Metal
2844,Printed Circuit Board,Electronics
2845,Aluminum Foil Roll,Plastic
2846,Hydraulic Oil,Packaging
2847,Polycarbonate Sheet,Metal
2848,Wooden Plywood Sheet,Electronics
2849,Microcontroller Chip,Electronics
2850,Gypsum Powder,Textile
2851,Rubber Gasket,Electronics
2852,Tempered Glass Panel,Packaging
2853,Printed Circuit Board,Metal
2854,Packaging Cardboard,Electronics
2855,Epoxy Resin,Electronics
2856,Leather Sheet,Textile
2857,Corrugated Box,Metal
2858,Hydraulic Oil,Chemical
2859,Cement Bag,Construction
2860,Polycarbonate Sheet,Packaging
2861,Synthetic Rubber Sheet,Textile
2862,Foam Padding,Construction
2863,Corrugated Box,Textile
2864,Steel Rod,Construction
2865,Transformer Core,Electronics
2866,Industrial Grease,Chemical
2867,Aluminum Foil Roll,Plastic
2868,Textile Cotton Fiber,Plastic
2869,Concrete Additive,Metal
2870,Transformer Core,Construction
2871,Acrylic Paint,Metal
2872,Coolant Liquid,Construction
2873,Plastic Packaging Film,Electronics
2874,Ceramic Insulator,Packaging
2875,LED Module,Chemical
2876,Acrylic Paint,Textile
2877,Coolant Liquid,Chemical
2878,Synthetic Rubber Sheet,Textile
2879,Copper Wire,Textile
2880,Transformer Core,Packaging
2881,ABS Plastic Pellets,Metal
2882,Aluminum Sheet,Plastic
2883,Textile Cotton Fiber,Metal
2884,Denim Fabric,Electronics
2885,Plastic Packaging Film,Metal
2886,Brass Pipe,Plastic
2887,Silicone Sealant,Metal
2888,Latex Compound,Construction
2889,Nylon Fiber,Electronics
2890,Cement Bag,Construction
2891,HDPE Granules,Chemical
2892,Lubricating Oil,Electronics
2893,Transformer Core,Metal
2894,Hydraulic Oil,Metal
2895,Industrial Grease,Chemical
2896,Timber Plank,Plastic
2897,Timber Plank,Construction
2898,Concrete Additive,Construction
2899,Microcontroller Chip,Electronics
2900,Wooden Plywood Sheet,Plastic
2901,LED Module,Metal
2902,Timber Plank,Chemical
2903,Aluminum Sheet,Plastic
2904,Industrial Grease,Plastic
2905,Sand Aggregate,Textile
2906,Electric Motor Coil,Construction
2907,Timber Plank,Construction
2908,Industrial Adhesive,Construction
2909,Foam Padding,Textile
2910,Microcontroller Chip,Metal
2911,Tempered Glass Panel,Construction
2912,Thermal Insulation Wool,Textile
2913,Thermal Insulation Wool,Chemical
2914,Denim Fabric,Electronics
2915,Rubber Gasket,Metal
2916,ABS Plastic Pellets,Chemical
2917,Packaging Cardboard,Plastic
2918,Wooden Plywood Sheet,Textile
2919,Leather Sheet,Construction
2920,Synthetic Rubber Sheet,Packaging
2921,Latex Compound,Textile
2922,Thermal Insulation Wool,Textile
2923,Aluminum Sheet,Electronics
2924,Iron Ore,Metal
2925,Nylon Fiber,Packaging
2926,Sand Aggregate,Chemical
2927,HDPE Granules,Plastic
2928,Ceramic Insulator,Packaging
2929,Ceramic Insulator,Textile
2930,Aluminum Foil Roll,Electronics
2931,Epoxy Resin,Plastic
2932,Polyester Yarn,Chemical
2933,Synthetic Rubber Sheet,Chemical
2934,Denim Fabric,Construction
2935,Aluminum Sheet,Chemical
2936,Silicone Sealant,Electronics
2937,Aluminum Sheet,Packaging
2938,Thermal Insulation Wool,Electronics
2939,Glass Fiber,Textile
2940,Industrial Adhesive,Chemical
2941,Foam Padding,Construction
2942,Wooden Plywood Sheet,Plastic
2943,Paint Pigment,Construction
2944,Acrylic Paint,Construction
2945,Acrylic Paint,Chemical
2946,Iron Ore,Packaging
2947,Packaging Cardboard,Construction
2948,Lithium Battery Cell,Electronics
2949,Nylon Fiber,Packaging
2950,Printed Circuit Board,Metal
2951,Acrylic Paint,Textile
2952,Plastic Packaging Film,Packaging
2953,ABS Plastic Pellets,Chemical
2954,Copper Wire,Chemical
2955,Electric Motor Coil,Packaging
2956,Brass Pipe,Electronics
2957,Nylon Fiber,Textile
2958,Glass Fiber,Packaging
2959,Foam Padding,Packaging
2960,Aluminum Sheet,Packaging
2961,Copper Wire,Plastic
2962,HDPE Granules,Plastic
2963,Powder Coating Material,Textile
2964,Gypsum Powder,Chemical
2965,Nylon Fiber,Packaging
2966,LED Module,Plastic
2967,Glass Fiber,Chemical
2968,Leather Sheet,Metal
2969,Acrylic Paint,Textile
2970,Tempered Glass Panel,Chemical
2971,Transformer Core,Chemical
2972,Ceramic Insulator,Plastic
2973,Gypsum Powder,Electronics
2974,Lithium Battery Cell,Electronics
2975,Packaging Cardboard,Textile
2976,Printed Circuit Board,Textile
2977,Concrete Additive,Metal
2978,Industrial Grease,Packaging
2979,ABS Plastic Pellets,Metal
2980,Plastic Packaging Film,Electronics
2981,Electric Motor Coil,Chemical
2982,Gravel Stone,Construction
2983,Packaging Cardboard,Construction
2984,Aluminum Foil Roll,Textile
2985,Iron Ore,Metal
2986,Latex Compound,Packaging
2987,Nylon Fiber,Textile
2988,Iron Ore,Metal
2989,Packaging Cardboard,Textile
2990,Plastic Packaging Film,Metal
2991,PVC Pipe,Packaging
2992,Epoxy Resin,Chemical
2993,Lithium Battery Cell,Chemical
2994,Textile Cotton Fiber,Electronics
2995,Cement Bag,Electronics
2996,Acrylic Paint,Electronics
2997,Hydraulic Oil,Construction
2998,Wooden Plywood Sheet,Construction
2999,Timber Plank,Construction
3000,Ceramic Insulator,Chemical
3001,ABS Plastic Pellets,Plastic
3002,Microcontroller Chip,Chemical
3003,Plastic Packaging Film,Packaging
3004,Printed Circuit Board,Packaging
3005,Industrial Adhesive,Textile
3006,Denim Fabric,Metal
3007,Coolant Liquid,Chemical
3008,Lithium Battery Cell,Packaging
3009,Brass Pipe,Chemical
3010,PVC Pipe,Electronics
3011,LED Module,Electronics
3012,Plastic Packaging Film,Construction
3013,Transformer Core,Electronics
3014,Copper Wire,Plastic
3015,Microcontroller Chip,Metal
3016,Steel Rod,Textile
3017,Ceramic Insulator,Chemical
3018,ABS Plastic Pellets,Plastic
3019,Electric Motor Coil,Plastic
3020,LED Module,Construction
3021,Polycarbonate Sheet,Metal
3022,Plastic Packaging Film,Construction
3023,Polyester Yarn,Construction
3024,Paint Pigment,Electronics
3025,Polycarbonate Sheet,Packaging
3026,Nylon Fiber,Plastic
3027,Industrial Grease,Metal
3028,Synthetic Rubber Sheet,Textile
3029,HDPE Granules,Electronics
3030,Industrial Grease,Construction
3031,Lubricating Oil,Electronics
3032,Denim Fabric,Packaging
3033,Glass Fiber,Metal
3034,Nylon Fiber,Electronics
3035,Concrete Additive,Textile
3036,Textile Cotton Fiber,Textile
3037,Epoxy Resin,Packaging
3038,Polycarbonate Sheet,Packaging
3039,Wooden Plywood Sheet,Packaging
3040,Electric Motor Coil,Packaging
3041,Latex Compound,Textile
3042,Thermal Insulation Wool,Packaging
3043,Lithium Battery Cell,Metal
3044,Polycarbonate Sheet,Packaging
3045,Silicone Sealant,Electronics
3046,Timber Plank,Electronics
3047,Acrylic Paint,Textile
3048,Paint Pigment,Construction
3049,PVC Pipe,Packaging
3050,HDPE Granules,Chemical
3051,Printed Circuit Board,Textile
3052,Powder Coating Material,Packaging
3053,LED Module,Electronics
3054,HDPE Granules,Construction
3055,Packaging Cardboard,Metal
3056,Acrylic Paint,Metal
3057,Concrete Additive,Packaging
3058,Powder Coating Material,Plastic
3059,ABS Plastic Pellets,Plastic
3060,Industrial Adhesive,Electronics
3061,Iron Ore,Metal
3062,ABS Plastic Pellets,Construction
3063,Tempered Glass Panel,Chemical
3064,Gravel Stone,Electronics
3065,Leather Sheet,Construction
3066,Nylon Fiber,Chemical
3067,Denim Fabric,Textile
3068,Packaging Cardboard,Chemical
3069,PVC Pipe,Plastic
3070,Synthetic Rubber Sheet,Packaging
3071,Gravel Stone,Plastic
3072,Acrylic Paint,Electronics
3073,Nylon Fiber,Electronics
3074,Steel Rod,Electronics
3075,Foam Padding,Plastic
3076,Electric Motor Coil,Plastic
3077,Electric Motor Coil,Textile
3078,Rubber Gasket,Electronics
3079,Plastic Packaging Film,Plastic
3080,Cement Bag,Chemical
3081,Leather Sheet,Plastic
3082,Steel Rod,Chemical
3083,Electric Motor Coil,Construction
3084,Cement Bag,Chemical
3085,Lubricating Oil,Metal
3086,Nylon Fiber,Plastic
3087,Brass Pipe,Textile
3088,Denim Fabric,Chemical
3089,Brass Pipe,Chemical
3090,Industrial Adhesive,Plastic
3091,Epoxy Resin,Construction
3092,Packaging Cardboard,Textile
3093,Corrugated Box,Chemical
3094,Powder Coating Material,Electronics
3095,Glass Fiber,Electronics
3096,Plastic Packaging Film,Metal
3097,Foam Padding,Packaging
3098,Textile Cotton Fiber,Chemical
3099,Concrete Additive,Electronics
3100,Epoxy Resin,Construction
3101,LED Module,Chemical
3102,Coolant Liquid,Metal
3103,Plastic Packaging Film,Chemical
3104,Gypsum Powder,Plastic
3105,Aluminum Sheet,Metal
3106,Lubricating Oil,Chemical
3107,ABS Plastic Pellets,Textile
3108,Latex Compound,Plastic
3109,Iron Ore,Textile
3110,Ceramic Insulator,Construction
3111,Plastic Packaging Film,Chemical
3112,Iron Ore,Textile
3113,HDPE Granules,Packaging
3114,Cement Bag,Plastic
3115,Lubricating Oil,Packaging
3116,Timber Plank,Construction
3117,Aluminum Sheet,Textile
3118,LED Module,Construction
3119,ABS Plastic Pellets,Metal
3120,Denim Fabric,Metal
3121,PVC Pipe,Construction
3122,ABS Plastic Pellets,Textile
3123,Aluminum Sheet,Metal
3124,Synthetic Rubber Sheet,Metal
3125,Wooden Plywood Sheet,Packaging
3126,Concrete Additive,Metal
3127,Transformer Core,Packaging
3128,Brass Pipe,Packaging
3129,Copper Wire,Chemical
3130,Polycarbonate Sheet,Construction
3131,Steel Rod,Plastic
3132,Tempered Glass Panel,Electronics
3133,Packaging Cardboard,Construction
3134,Cement Bag,Construction
3135,Timber Plank,Metal
3136,Foam Padding,Metal
3137,Ceramic Insulator,Construction
3138,Polycarbonate Sheet,Packaging
3139,Wooden Plywood Sheet,Packaging
3140,Epoxy Resin,Chemical
3141,Aluminum Foil Roll,Metal
3142,Microcontroller Chip,Electronics
3143,HDPE Granules,Chemical
3144,Polycarbonate Sheet,Plastic
3145,ABS Plastic Pellets,Textile
3146,Electric Motor Coil,Textile
3147,Wooden Plywood Sheet,Packaging
3148,PVC Pipe,Textile
3149,Lithium Battery Cell,Textile
3150,Plastic Packaging Film,Electronics
3151,Wooden Plywood Sheet,Metal
3152,Electric Motor Coil,Chemical
3153,Concrete Additive,Packaging
3154,MDF Board,Construction
3155,Wooden Plywood Sheet,Metal
3156,Electric Motor Coil,Construction
3157,Gypsum Powder,Metal
3158,ABS Plastic Pellets,Construction
3159,Polycarbonate Sheet,Metal
3160,Thermal Insulation Wool,Packaging
3161,Denim Fabric,Chemical
3162,Aluminum Sheet,Metal
3163,ABS Plastic Pellets,Textile
3164,Rubber Gasket,Construction
3165,Foam Padding,Metal
3166,Polyester Yarn,Plastic
3167,Latex Compound,Construction
3168,Rubber Gasket,Construction
3169,Gypsum Powder,Metal
3170,Copper Wire,Chemical
3171,Epoxy Resin,Packaging
3172,Synthetic Rubber Sheet,Packaging
3173,Stainless Steel Bolt,Metal
3174,Lithium Battery Cell,Chemical
3175,Ceramic Insulator,Plastic
3176,Steel Rod,Construction
3177,Paint Pigment,Plastic
3178,Epoxy Resin,Metal
3179,Gravel Stone,Packaging
3180,Latex Compound,Packaging
3181,Denim Fabric,Electronics
3182,Iron Ore,Textile
3183,Industrial Grease,Textile
3184,Denim Fabric,Electronics
3185,Hydraulic Oil,Packaging
3186,Foam Padding,Plastic
3187,Textile Cotton Fiber,Electronics
3188,Packaging Cardboard,Textile
3189,Steel Rod,Metal
3190,LED Module,Metal
3191,Packaging Cardboard,Plastic
3192,Denim Fabric,Chemical
3193,Sand Aggregate,Packaging
3194,Microcontroller Chip,Plastic
3195,LED Module,Plastic
3196,Concrete Additive,Textile
3197,Epoxy Resin,Metal
3198,Ceramic Insulator,Construction
3199,Leather Sheet,Metal
3200,Transformer Core,Packaging
3201,Stainless Steel Bolt,Metal
3202,Gravel Stone,Packaging
3203,Industrial Grease,Construction
3204,Rubber Gasket,Electronics
3205,Packaging Cardboard,Plastic
3206,Polycarbonate Sheet,Electronics
3207,Hydraulic Oil,Electronics
3208,Polyester Yarn,Chemical
3209,Plastic Packaging Film,Construction
3210,Lithium Battery Cell,Textile
3211,Electric Motor Coil,Chemical
3212,Lubricating Oil,Textile
3213,Paint Pigment,Construction
3214,Epoxy Resin,Chemical
3215,Foam Padding,Construction
3216,Synthetic Rubber Sheet,Electronics
3217,Rubber Gasket,Electronics
3218,Rubber Gasket,Electronics
3219,Glass Fiber,Electronics
3220,LED Module,Textile
3221,Corrugated Box,Plastic
3222,Latex Compound,Metal
3223,Glass Fiber,Electronics
3224,Gypsum Powder,Electronics
3225,Rubber Gasket,Packaging
3226,Foam Padding,Construction
3227,Printed Circuit Board,Metal
3228,HDPE Granules,Electronics
3229,Electric Motor Coil,Metal
3230,Timber Plank,Plastic
3231,Ceramic Insulator,Metal
3232,Timber Plank,Metal
3233,Gravel Stone,Packaging
3234,Aluminum Foil Roll,Chemical
3235,Tempered Glass Panel,Construction
3236,Aluminum Foil Roll,Metal
3237,Printed Circuit Board,Packaging
3238,Sand Aggregate,Packaging
3239,Acrylic Paint,Construction
3240,Gypsum Powder,Plastic
3241,Polyester Yarn,Construction
3242,Gravel Stone,Chemical
3243,Corrugated Box,Plastic
3244,Microcontroller Chip,Electronics
3245,Packaging Cardboard,Electronics
3246,Electric Motor Coil,Chemical
3247,Cement Bag,Packaging
3248,Timber Plank,Metal
3249,ABS Plastic Pellets,Plastic
3250,Packaging Cardboard,Chemical
3251,ABS Plastic Pellets,Construction
3252,Lubricating Oil,Packaging
3253,Sand Aggregate,Electronics
3254,Latex Compound,Electronics
3255,Lubricating Oil,Chemical
3256,Iron Ore,Electronics
3257,Wooden Plywood Sheet,Packaging
3258,Plastic Packaging Film,Construction
3259,Powder Coating Material,Chemical
3260,Corrugated Box,Textile
3261,Foam Padding,Packaging
3262,Wooden Plywood Sheet,Packaging
3263,Latex Compound,Textile
3264,Timber Plank,Construction
3265,Lithium Battery Cell,Textile
3266,Printed Circuit Board,Packaging
3267,ABS Plastic Pellets,Electronics
3268,Gypsum Powder,Metal
3269,Plastic Packaging Film,Packaging
3270,Steel Rod,Chemical
3271,Epoxy Resin,Metal
3272,Gypsum Powder,Plastic
3273,Thermal Insulation Wool,Plastic
3274,Lithium Battery Cell,Electronics
3275,Iron Ore,Chemical
3276,PVC Pipe,Metal
3277,PVC Pipe,Construction
3278,Gravel Stone,Electronics
3279,Cement Bag,Packaging
3280,Tempered Glass Panel,Electronics
3281,LED Module,Construction
3282,Gypsum Powder,Electronics
3283,Microcontroller Chip,Packaging
3284,Aluminum Sheet,Chemical
3285,PVC Pipe,Electronics
3286,Wooden Plywood Sheet,Textile
3287,Nylon Fiber,Metal
3288,Copper Wire,Construction
3289,Transformer Core,Metal
3290,Foam Padding,Electronics
3291,Ceramic Insulator,Chemical
3292,Brass Pipe,Textile
3293,Textile Cotton Fiber,Metal
3294,Wooden Plywood Sheet,Metal
3295,Polyester Yarn,Construction
3296,Aluminum Sheet,Electronics
3297,Nylon Fiber,Plastic
3298,ABS Plastic Pellets,Plastic
3299,Sand Aggregate,Textile
3300,ABS Plastic Pellets,Plastic
3301,LED Module,Electronics
3302,Plastic Packaging Film,Construction
3303,Timber Plank,Metal
3304,Stainless Steel Bolt,Chemical
3305,Acrylic Paint,Chemical
3306,Microcontroller Chip,Textile
3307,Aluminum Foil Roll,Chemical
3308,Epoxy Resin,Metal
3309,HDPE Granules,Electronics
3310,Wooden Plywood Sheet,Metal
3311,Rubber Gasket,Construction
3312,Foam Padding,Metal
3313,Plastic Packaging Film,Textile
3314,Gypsum Powder,Metal
3315,Polyester Yarn,Construction
3316,LED Module,Metal
3317,Steel Rod,Construction
3318,Rubber Gasket,Packaging
3319,Corrugated Box,Packaging
3320,Paint Pigment,Packaging
3321,Coolant Liquid,Metal
3322,Glass Fiber,Textile
3323,Concrete Additive,Metal
3324,Concrete Additive,Chemical
3325,Brass Pipe,Packaging
3326,Epoxy Resin,Chemical
3327,Ceramic Insulator,Metal
3328,PVC Pipe,Construction
3329,MDF Board,Metal
3330,Leather Sheet,Plastic
3331,Wooden Plywood Sheet,Textile
3332,Packaging Cardboard,Packaging
3333,Gravel Stone,Plastic
3334,Powder Coating Material,Construction
3335,Printed Circuit Board,Chemical
3336,ABS Plastic Pellets,Chemical
3337,Transformer Core,Textile
3338,Ceramic Insulator,Textile
3339,Packaging Cardboard,Metal
3340,Latex Compound,Metal
3341,Timber Plank,Plastic
3342,Leather Sheet,Packaging
3343,Printed Circuit Board,Construction
3344,Hydraulic Oil,Textile
3345,Rubber Gasket,Packaging
3346,Polyester Yarn,Construction
3347,Copper Wire,Chemical
3348,Stainless Steel Bolt,Electronics
3349,Aluminum Sheet,Electronics
3350,Microcontroller Chip,Chemical
3351,Timber Plank,Electronics
3352,Sand Aggregate,Plastic
3353,Polycarbonate Sheet,Metal
3354,Stainless Steel Bolt,Packaging
3355,Glass Fiber,Textile
3356,Cement Bag,Chemical
3357,Steel Rod,Textile
3358,Leather Sheet,Metal
3359,Sand Aggregate,Textile
3360,HDPE Granules,Metal
3361,MDF Board,Chemical
3362,Foam Padding,Plastic
3363,Paint Pigment,Metal
3364,Glass Fiber,Packaging
3365,Steel Rod,Metal
3366,Thermal Insulation Wool,Metal
3367,Stainless Steel Bolt,Chemical
3368,Leather Sheet,Packaging
3369,Stainless Steel Bolt,Construction
3370,Iron Ore,Metal
3371,Latex Compound,Plastic
3372,Aluminum Foil Roll,Construction
3373,Cement Bag,Construction
3374,Concrete Additive,Construction
3375,Transformer Core,Textile
3376,Industrial Grease,Electronics
3377,Concrete Additive,Construction
3378,Steel Rod,Metal
3379,Thermal Insulation Wool,Metal
3380,Polycarbonate Sheet,Electronics
3381,Microcontroller Chip,Metal
3382,Powder Coating Material,Construction
3383,Packaging Cardboard,Plastic
3384,Rubber Gasket,Metal
3385,Brass Pipe,Textile
3386,Polyester Yarn,Metal
3387,Printed Circuit Board,Plastic
3388,Timber Plank,Metal
3389,LED Module,Construction
3390,Epoxy Resin,Electronics
3391,Brass Pipe,Packaging
3392,LED Module,Metal
3393,Acrylic Paint,Metal
3394,Coolant Liquid,Construction
3395,Ceramic Insulator,Construction
3396,Electric Motor Coil,Packaging
3397,Gypsum Powder,Plastic
3398,Lubricating Oil,Metal
3399,Printed Circuit Board,Plastic
3400,Polycarbonate Sheet,Construction
3401,Aluminum Sheet,Plastic
3402,Nylon Fiber,Electronics
3403,Plastic Packaging Film,Metal
3404,Cement Bag,Construction
3405,Epoxy Resin,Textile
3406,Silicone Sealant,Packaging
3407,Textile Cotton Fiber,Metal
3408,Tempered Glass Panel,Metal
3409,Wooden Plywood Sheet,Textile
3410,Synthetic Rubber Sheet,Construction
3411,Electric Motor Coil,Plastic
3412,Rubber Gasket,Packaging
3413,ABS Plastic Pellets,Metal
3414,Sand Aggregate,Metal
3415,Copper Wire,Chemical
3416,Microcontroller Chip,Construction
3417,Ceramic Insulator,Plastic
3418,Synthetic Rubber Sheet,Textile
3419,Polycarbonate Sheet,Packaging
3420,Electric Motor Coil,Electronics
3421,Paint Pigment,Construction
3422,Powder Coating Material,Plastic
3423,Polyester Yarn,Metal
3424,Electric Motor Coil,Chemical
3425,Wooden Plywood Sheet,Chemical
3426,Gravel Stone,Packaging
3427,Timber Plank,Electronics
3428,Microcontroller Chip,Metal
3429,Denim Fabric,Chemical
3430,Concrete Additive,Construction
3431,Aluminum Foil Roll,Metal
3432,Silicone Sealant,Electronics
3433,LED Module,Construction
3434,Ceramic Insulator,Packaging
3435,Epoxy Resin,Packaging
3436,Glass Fiber,Metal
3437,ABS Plastic Pellets,Chemical
3438,Concrete Additive,Textile
3439,Acrylic Paint,Packaging
3440,ABS Plastic Pellets,Textile
3441,Textile Cotton Fiber,Textile
3442,Foam Padding,Metal
3443,Leather Sheet,Plastic
3444,Packaging Cardboard,Plastic
3445,Epoxy Resin,Construction
3446,Textile Cotton Fiber,Chemical
3447,Polyester Yarn,Metal
3448,Powder Coating Material,Metal
3449,Silicone Sealant,Metal
3450,Textile Cotton Fiber,Metal
3451,Microcontroller Chip,Textile
3452,Glass Fiber,Chemical
3453,Polyester Yarn,Electronics
3454,Synthetic Rubber Sheet,Construction
3455,Latex Compound,Packaging
3456,Acrylic Paint,Construction
3457,Epoxy Resin,Electronics
3458,Packaging Cardboard,Textile
3459,Microcontroller Chip,Chemical
3460,Lithium Battery Cell,Plastic
3461,Powder Coating Material,Plastic
3462,Polyester Yarn,Chemical
3463,Textile Cotton Fiber,Textile
3464,Lubricating Oil,Chemical
3465,Polyester Yarn,Packaging
3466,Gravel Stone,Textile
3467,Synthetic Rubber Sheet,Metal
3468,Electric Motor Coil,Construction
3469,LED Module,Metal
3470,Industrial Adhesive,Textile
3471,Glass Fiber,Plastic
3472,Aluminum Foil Roll,Textile
3473,Gravel Stone,Metal
3474,Iron Ore,Plastic
3475,Powder Coating Material,Electronics
3476,ABS Plastic Pellets,Plastic
3477,Lithium Battery Cell,Plastic
3478,Textile Cotton Fiber,Metal
3479,Thermal Insulation Wool,Electronics
3480,Lithium Battery Cell,Metal
3481,Synthetic Rubber Sheet,Electronics
3482,Tempered Glass Panel,Construction
3483,Thermal Insulation Wool,Electronics
3484,Polycarbonate Sheet,Metal
3485,Synthetic Rubber Sheet,Packaging
3486,LED Module,Metal
3487,Coolant Liquid,Chemical
3488,Concrete Additive,Metal
3489,Industrial Grease,Metal
3490,Powder Coating Material,Plastic
3491,ABS Plastic Pellets,Textile
3492,Gypsum Powder,Construction
3493,Microcontroller Chip,Metal
3494,Iron Ore,Metal
3495,Lubricating Oil,Textile
3496,Textile Cotton Fiber,Construction
3497,Polycarbonate Sheet,Metal
3498,Polycarbonate Sheet,Packaging
3499,Packaging Cardboard,Construction
3500,Lithium Battery Cell,Chemical
3501,Gravel Stone,Packaging
3502,Epoxy Resin,Textile
3503,Aluminum Sheet,Textile
3504,Microcontroller Chip,Packaging
3505,Stainless Steel Bolt,Construction
3506,Brass Pipe,Metal
3507,Glass Fiber,Chemical
3508,Cement Bag,Metal
3509,Polyester Yarn,Chemical
3510,Tempered Glass Panel,Construction
3511,Transformer Core,Chemical
3512,Lithium Battery Cell,Plastic
3513,Silicone Sealant,Metal
3514,Glass Fiber,Electronics
3515,Gravel Stone,Construction
3516,Thermal Insulation Wool,Textile
3517,Nylon Fiber,Construction
3518,Plastic Packaging Film,Packaging
3519,Concrete Additive,Packaging
3520,PVC Pipe,Packaging
3521,Polyester Yarn,Metal
3522,Powder Coating Material,Electronics
3523,Polyester Yarn,Textile
3524,Wooden Plywood Sheet,Electronics
3525,Foam Padding,Electronics
3526,Lithium Battery Cell,Plastic
3527,Timber Plank,Electronics
3528,Industrial Adhesive,Packaging
3529,Leather Sheet,Textile
3530,Acrylic Paint,Construction
3531,Sand Aggregate,Packaging
3532,Aluminum Sheet,Metal
3533,Gravel Stone,Plastic
3534,Denim Fabric,Plastic
3535,Latex Compound,Plastic
3536,Latex Compound,Plastic
3537,Brass Pipe,Packaging
3538,Hydraulic Oil,Packaging
3539,Latex Compound,Construction
3540,Lithium Battery Cell,Packaging
3541,Cement Bag,Chemical
3542,Iron Ore,Construction
3543,LED Module,Metal
3544,ABS Plastic Pellets,Packaging
3545,Gypsum Powder,Plastic
3546,Foam Padding,Construction
3547,Copper Wire,Packaging
3548,Rubber Gasket,Plastic
3549,Latex Compound,Construction
3550,Leather Sheet,Chemical
3551,Plastic Packaging Film,Electronics
3552,Packaging Cardboard,Plastic
3553,Sand Aggregate,Chemical
3554,Gypsum Powder,Plastic
3555,ABS Plastic Pellets,Plastic
3556,Coolant Liquid,Plastic
3557,Aluminum Foil Roll,Construction
3558,Foam Padding,Chemical
3559,Glass Fiber,Electronics
3560,Hydraulic Oil,Packaging
3561,Foam Padding,Chemical
3562,Packaging Cardboard,Textile
3563,Acrylic Paint,Metal
3564,Lithium Battery Cell,Plastic
3565,PVC Pipe,Construction
3566,Gravel Stone,Chemical
3567,Textile Cotton Fiber,Textile
3568,Textile Cotton Fiber,Textile
3569,Glass Fiber,Construction
3570,Polycarbonate Sheet,Chemical
3571,Electric Motor Coil,Chemical
3572,Iron Ore,Textile
3573,Lubricating Oil,Chemical
3574,Nylon Fiber,Plastic
3575,Tempered Glass Panel,Chemical
3576,Synthetic Rubber Sheet,Chemical
3577,Lubricating Oil,Packaging
3578,Aluminum Sheet,Chemical
3579,Foam Padding,Construction
3580,Industrial Adhesive,Textile
3581,Aluminum Foil Roll,Metal
3582,Textile Cotton Fiber,Metal
3583,MDF Board,Plastic
3584,Copper Wire,Plastic
3585,Industrial Grease,Electronics
3586,Gypsum Powder,Plastic
3587,Plastic Packaging Film,Construction
3588,Lubricating Oil,Chemical
3589,Tempered Glass Panel,Chemical
3590,Powder Coating Material,Electronics
3591,HDPE Granules,Plastic
3592,Rubber Gasket,Textile
3593,Gypsum Powder,Textile
3594,Stainless Steel Bolt,Plastic
3595,Polyester Yarn,Metal
3596,Synthetic Rubber Sheet,Chemical
3597,Gravel Stone,Packaging
3598,Denim Fabric,Chemical
3599,Sand Aggregate,Packaging
3600,Textile Cotton Fiber,Chemical
3601,Silicone Sealant,Construction
3602,Tempered Glass Panel,Metal
3603,Printed Circuit Board,Packaging
3604,Timber Plank,Metal
3605,Polyester Yarn,Plastic
3606,Powder Coating Material,Electronics
3607,Acrylic Paint,Packaging
3608,Sand Aggregate,Electronics
3609,Nylon Fiber,Metal
3610,ABS Plastic Pellets,Packaging
3611,Epoxy Resin,Chemical
3612,Acrylic Paint,Construction
3613,HDPE Granules,Chemical
3614,Paint Pigment,Textile
3615,Corrugated Box,Electronics
3616,Epoxy Resin,Packaging
3617,Thermal Insulation Wool,Packaging
3618,Rubber Gasket,Textile
3619,Cement Bag,Metal
3620,Polycarbonate Sheet,Chemical
3621,Thermal Insulation Wool,Plastic
3622,Steel Rod,Metal
3623,Silicone Sealant,Textile
3624,Rubber Gasket,Textile
3625,Synthetic Rubber Sheet,Electronics
3626,Glass Fiber,Textile
3627,Gravel Stone,Metal
3628,Iron Ore,Construction
3629,Electric Motor Coil,Construction
3630,Denim Fabric,Plastic
3631,Industrial Grease,Construction
3632,LED Module,Metal
3633,Latex Compound,Textile
3634,Transformer Core,Electronics
3635,Epoxy Resin,Electronics
3636,Plastic Packaging Film,Textile
3637,Thermal Insulation Wool,Textile
3638,MDF Board,Textile
3639,Ceramic Insulator,Textile
3640,Printed Circuit Board,Plastic
3641,PVC Pipe,Construction
3642,Gravel Stone,Chemical
3643,Stainless Steel Bolt,Textile
3644,Acrylic Paint,Textile
3645,Latex Compound,Electronics
3646,Lithium Battery Cell,Textile
3647,Plastic Packaging Film,Construction
3648,Silicone Sealant,Metal
3649,ABS Plastic Pellets,Packaging
3650,Microcontroller Chip,Plastic
3651,Transformer Core,Metal
3652,Silicone Sealant,Construction
3653,Acrylic Paint,Plastic
3654,Aluminum Foil Roll,Plastic
3655,Paint Pigment,Textile
3656,Copper Wire,Metal
3657,Corrugated Box,Packaging
3658,Electric Motor Coil,Plastic
3659,Brass Pipe,Textile
3660,Acrylic Paint,Metal
3661,Lithium Battery Cell,Packaging
3662,Microcontroller Chip,Textile
3663,Sand Aggregate,Construction
3664,Glass Fiber,Electronics
3665,Microcontroller Chip,Chemical
3666,ABS Plastic Pellets,Textile
3667,Wooden Plywood Sheet,Plastic
3668,Corrugated Box,Chemical
3669,Concrete Additive,Construction
3670,Leather Sheet,Construction
3671,Gravel Stone,Textile
3672,Nylon Fiber,Packaging
3673,Electric Motor Coil,Electronics
3674,Transformer Core,Metal
3675,HDPE Granules,Textile
3676,Wooden Plywood Sheet,Plastic
3677,Hydraulic Oil,Chemical
3678,Gypsum Powder,Chemical
3679,Corrugated Box,Construction
3680,MDF Board,Chemical
3681,Electric Motor Coil,Plastic
3682,Hydraulic Oil,Plastic
3683,Polycarbonate Sheet,Textile
3684,Tempered Glass Panel,Textile
3685,LED Module,Construction
3686,Polyester Yarn,Electronics
3687,Printed Circuit Board,Metal
3688,Nylon Fiber,Plastic
3689,Industrial Grease,Construction
3690,Stainless Steel Bolt,Packaging
3691,Epoxy Resin,Electronics
3692,Polyester Yarn,Electronics
3693,Polycarbonate Sheet,Metal
3694,Acrylic Paint,Metal
3695,Copper Wire,Textile
3696,Plastic Packaging Film,Chemical
3697,Coolant Liquid,Plastic
3698,Acrylic Paint,Construction
3699,Plastic Packaging Film,Plastic
3700,Textile Cotton Fiber,Plastic
3701,LED Module,Chemical
3702,Textile Cotton Fiber,Packaging
3703,Wooden Plywood Sheet,Metal
3704,Latex Compound,Metal
3705,Transformer Core,Electronics
3706,Sand Aggregate,Chemical
3707,Glass Fiber,Textile
3708,Paint Pigment,Chemical
3709,Microcontroller Chip,Packaging
3710,Sand Aggregate,Electronics
3711,Nylon Fiber,Chemical
3712,Brass Pipe,Construction
3713,Foam Padding,Chemical
3714,Concrete Additive,Electronics
3715,Lithium Battery Cell,Textile
3716,Rubber Gasket,Metal
3717,Denim Fabric,Metal
3718,Gypsum Powder,Textile
3719,Concrete Additive,Metal
3720,Concrete Additive,Plastic
3721,Nylon Fiber,Packaging
3722,ABS Plastic Pellets,Metal
3723,Industrial Adhesive,Electronics
3724,Plastic Packaging Film,Construction
3725,Aluminum Sheet,Packaging
3726,Epoxy Resin,Metal
3727,Brass Pipe,Chemical
3728,Microcontroller Chip,Textile
3729,Gypsum Powder,Plastic
3730,Glass Fiber,Construction
3731,Latex Compound,Electronics
3732,Corrugated Box,Packaging
3733,Leather Sheet,Textile
3734,Stainless Steel Bolt,Plastic
3735,Plastic Packaging Film,Electronics
3736,Coolant Liquid,Metal
3737,Thermal Insulation Wool,Plastic
3738,Tempered Glass Panel,Chemical
3739,Plastic Packaging Film,Packaging
3740,Rubber Gasket,Construction
3741,Tempered Glass Panel,Plastic
3742,Silicone Sealant,Metal
3743,Epoxy Resin,Plastic
3744,Electric Motor Coil,Plastic
3745,ABS Plastic Pellets,Plastic
3746,MDF Board,Textile
3747,Thermal Insulation Wool,Electronics
3748,Printed Circuit Board,Construction
3749,Copper Wire,Metal
3750,Gravel Stone,Chemical
3751,Iron Ore,Chemical
3752,Gypsum Powder,Packaging
3753,Corrugated Box,Packaging
3754,Lithium Battery Cell,Textile
3755,Coolant Liquid,Plastic
3756,Textile Cotton Fiber,Chemical
3757,HDPE Granules,Chemical
3758,Cement Bag,Metal
3759,HDPE Granules,Textile
3760,Concrete Additive,Electronics
3761,Thermal Insulation Wool,Electronics
3762,Denim Fabric,Metal
3763,Sand Aggregate,Electronics
3764,Copper Wire,Electronics
3765,Powder Coating Material,Packaging
3766,Powder Coating Material,Plastic
3767,PVC Pipe,Packaging
3768,Industrial Grease,Plastic
3769,Foam Padding,Plastic
3770,Packaging Cardboard,Construction
3771,Ceramic Insulator,Textile
3772,Foam Padding,Construction
3773,Wooden Plywood Sheet,Metal
3774,MDF Board,Plastic
3775,Foam Padding,Construction
3776,Microcontroller Chip,Electronics
3777,Steel Rod,Chemical
3778,Glass Fiber,Plastic
3779,ABS Plastic Pellets,Metal
3780,Leather Sheet,Construction
3781,Iron Ore,Construction
3782,Acrylic Paint,Electronics
3783,Stainless Steel Bolt,Chemical
3784,Iron Ore,Electronics
3785,Aluminum Sheet,Plastic
3786,Aluminum Sheet,Packaging
3787,Epoxy Resin,Plastic
3788,HDPE Granules,Metal
3789,Transformer Core,Electronics
3790,Cement Bag,Metal
3791,Packaging Cardboard,Metal
3792,Textile Cotton Fiber,Metal
3793,Leather Sheet,Electronics
3794,Paint Pigment,Packaging
3795,Brass Pipe,Chemical
3796,MDF Board,Textile
3797,Powder Coating Material,Packaging
3798,Lubricating Oil,Textile
3799,Cement Bag,Packaging
3800,Nylon Fiber,Electronics
3801,Packaging Cardboard,Textile
3802,Transformer Core,Electronics
3803,Thermal Insulation Wool,Plastic
3804,Iron Ore,Chemical
3805,Industrial Grease,Electronics
3806,Corrugated Box,Electronics
3807,HDPE Granules,Packaging
3808,Wooden Plywood Sheet,Textile
3809,Microcontroller Chip,Metal
3810,Brass Pipe,Packaging
3811,Synthetic Rubber Sheet,Plastic
3812,Epoxy Resin,Plastic
3813,Iron Ore,Textile
3814,Aluminum Sheet,Plastic
3815,Lithium Battery Cell,Electronics
3816,Coolant Liquid,Electronics
3817,Tempered Glass Panel,Packaging
3818,Lubricating Oil,Electronics
3819,Steel Rod,Metal
3820,Packaging Cardboard,Electronics
3821,Sand Aggregate,Textile
3822,Industrial Adhesive,Construction
3823,Corrugated Box,Construction
3824,Gravel Stone,Metal
3825,Gypsum Powder,Plastic
3826,Brass Pipe,Plastic
3827,Corrugated Box,Textile
3828,Gypsum Powder,Plastic
3829,Hydraulic Oil,Construction
3830,Wooden Plywood Sheet,Metal
3831,Industrial Adhesive,Packaging
3832,Packaging Cardboard,Chemical
3833,Powder Coating Material,Plastic
3834,Brass Pipe,Electronics
3835,Acrylic Paint,Metal
3836,Transformer Core,Textile
3837,Silicone Sealant,Electronics
3838,Powder Coating Material,Metal
3839,Polyester Yarn,Packaging
3840,Powder Coating Material,Chemical
3841,Sand Aggregate,Electronics
3842,Powder Coating Material,Metal
3843,Corrugated Box,Packaging
3844,Hydraulic Oil,Chemical
3845,Silicone Sealant,Construction
3846,Acrylic Paint,Textile
3847,Glass Fiber,Packaging
3848,Steel Rod,Electronics
3849,Polyester Yarn,Packaging
3850,Plastic Packaging Film,Electronics
3851,Corrugated Box,Electronics
3852,Epoxy Resin,Textile
3853,Aluminum Sheet,Construction
3854,Transformer Core,Textile
3855,MDF Board,Metal
3856,Sand Aggregate,Plastic
3857,Polyester Yarn,Construction
3858,Corrugated Box,Textile
3859,Microcontroller Chip,Textile
3860,Silicone Sealant,Chemical
3861,Corrugated Box,Plastic
3862,Aluminum Foil Roll,Packaging
3863,Stainless Steel Bolt,Construction
3864,Corrugated Box,Chemical
3865,Timber Plank,Packaging
3866,Nylon Fiber,Packaging
3867,HDPE Granules,Electronics
3868,Coolant Liquid,Construction
3869,Foam Padding,Textile
3870,Lubricating Oil,Electronics
3871,Industrial Adhesive,Packaging
3872,Plastic Packaging Film,Electronics
3873,Tempered Glass Panel,Metal
3874,Microcontroller Chip,Metal
3875,Tempered Glass Panel,Construction
3876,Epoxy Resin,Electronics
3877,Acrylic Paint,Construction
3878,Plastic Packaging Film,Metal
3879,Leather Sheet,Textile
3880,Latex Compound,Chemical
3881,Aluminum Foil Roll,Construction
3882,Glass Fiber,Plastic
3883,Powder Coating Material,Metal
3884,Concrete Additive,Textile
3885,Silicone Sealant,Chemical
3886,Tempered Glass Panel,Chemical
3887,Brass Pipe,Textile
3888,PVC Pipe,Plastic
3889,Copper Wire,Plastic
3890,Industrial Grease,Textile
3891,HDPE Granules,Chemical
3892,Concrete Additive,Textile
3893,Packaging Cardboard,Electronics
3894,Nylon Fiber,Chemical
3895,Polyester Yarn,Chemical
3896,Nylon Fiber,Metal
3897,Coolant Liquid,Construction
3898,Thermal Insulation Wool,Plastic
3899,HDPE Granules,Metal
3900,Ceramic Insulator,Textile
3901,Acrylic Paint,Packaging
3902,Polycarbonate Sheet,Plastic
3903,Denim Fabric,Textile
3904,Wooden Plywood Sheet,Packaging
3905,Stainless Steel Bolt,Metal
3906,Denim Fabric,Construction
3907,Ceramic Insulator,Electronics
3908,Packaging Cardboard,Construction
3909,Polycarbonate Sheet,Construction
3910,Stainless Steel Bolt,Electronics
3911,ABS Plastic Pellets,Electronics
3912,Lithium Battery Cell,Construction
3913,Aluminum Foil Roll,Electronics
3914,Polycarbonate Sheet,Textile
3915,Corrugated Box,Packaging
3916,Lubricating Oil,Construction
3917,Latex Compound,Construction
3918,Epoxy Resin,Textile
3919,Copper Wire,Electronics
3920,Leather Sheet,Construction
3921,Polycarbonate Sheet,Plastic
3922,Silicone Sealant,Plastic
3923,Corrugated Box,Metal
3924,Coolant Liquid,Plastic
3925,Printed Circuit Board,Chemical
3926,Concrete Additive,Construction
3927,Electric Motor Coil,Plastic
3928,Lithium Battery Cell,Textile
3929,Synthetic Rubber Sheet,Metal
3930,Ceramic Insulator,Textile
3931,Hydraulic Oil,Plastic
3932,HDPE Granules,Metal
3933,Polyester Yarn,Construction
3934,Gravel Stone,Plastic
3935,Cement Bag,Packaging
3936,Leather Sheet,Plastic
3937,Coolant Liquid,Metal
3938,ABS Plastic Pellets,Plastic
3939,Silicone Sealant,Plastic
3940,Gypsum Powder,Electronics
3941,ABS Plastic Pellets,Plastic
3942,Packaging Cardboard,Packaging
3943,Leather Sheet,Electronics
3944,Leather Sheet,Electronics
3945,Stainless Steel Bolt,Chemical
3946,Epoxy Resin,Electronics
3947,Silicone Sealant,Plastic
3948,Tempered Glass Panel,Metal
3949,Stainless Steel Bolt,Chemical
3950,Brass Pipe,Plastic
3951,Denim Fabric,Chemical
3952,Coolant Liquid,Chemical
3953,Textile Cotton Fiber,Metal
3954,Textile Cotton Fiber,Plastic
3955,Printed Circuit Board,Metal
3956,Rubber Gasket,Electronics
3957,Polycarbonate Sheet,Electronics
3958,LED Module,Chemical
3959,Aluminum Sheet,Metal
3960,Printed Circuit Board,Textile
3961,Textile Cotton Fiber,Plastic
3962,Packaging Cardboard,Construction
3963,PVC Pipe,Electronics
3964,Steel Rod,Textile
3965,Powder Coating Material,Chemical
3966,ABS Plastic Pellets,Construction
3967,Ceramic Insulator,Metal
3968,Brass Pipe,Textile
3969,Textile Cotton Fiber,Plastic
3970,Silicone Sealant,Chemical
3971,Aluminum Sheet,Plastic
3972,Tempered Glass Panel,Metal
3973,Polyester Yarn,Metal
3974,Iron Ore,Electronics
3975,Nylon Fiber,Textile
3976,Wooden Plywood Sheet,Packaging
3977,Packaging Cardboard,Plastic
3978,Polycarbonate Sheet,Metal
3979,Electric Motor Coil,Textile
3980,Coolant Liquid,Packaging
3981,Iron Ore,Metal
3982,Denim Fabric,Electronics
3983,Thermal Insulation Wool,Chemical
3984,Timber Plank,Electronics
3985,Industrial Grease,Plastic
3986,Polyester Yarn,Plastic
3987,Leather Sheet,Construction
3988,Cement Bag,Construction
3989,Glass Fiber,Electronics
3990,Packaging Cardboard,Textile
3991,ABS Plastic Pellets,Textile
3992,Thermal Insulation Wool,Construction
3993,Synthetic Rubber Sheet,Construction
3994,Silicone Sealant,Chemical
3995,Lithium Battery Cell,Chemical
3996,LED Module,Textile
3997,Epoxy Resin,Electronics
3998,Powder Coating Material,Metal
3999,Sand Aggregate,Construction
4000,PVC Pipe,Textile
4001,Denim Fabric,Construction
4002,Stainless Steel Bolt,Electronics
4003,Copper Wire,Chemical
4004,Nylon Fiber,Packaging
4005,Lubricating Oil,Textile
4006,Gypsum Powder,Electronics
4007,Printed Circuit Board,Packaging
4008,Iron Ore,Electronics
4009,Industrial Adhesive,Metal
4010,Aluminum Foil Roll,Textile
4011,Cement Bag,Electronics
4012,Textile Cotton Fiber,Electronics
4013,Acrylic Paint,Electronics
4014,Rubber Gasket,Packaging
4015,Lubricating Oil,Construction
4016,Foam Padding,Electronics
4017,MDF Board,Metal
4018,Stainless Steel Bolt,Construction
4019,Latex Compound,Plastic
4020,Printed Circuit Board,Construction
4021,Tempered Glass Panel,Chemical
4022,Cement Bag,Electronics
4023,Thermal Insulation Wool,Plastic
4024,Cement Bag,Electronics
4025,Aluminum Foil Roll,Chemical
4026,Cement Bag,Electronics
4027,Wooden Plywood Sheet,Metal
4028,Synthetic Rubber Sheet,Electronics
4029,Synthetic Rubber Sheet,Textile
4030,Gravel Stone,Chemical
4031,Industrial Grease,Electronics
4032,Transformer Core,Packaging
4033,Timber Plank,Electronics
4034,Foam Padding,Plastic
4035,Electric Motor Coil,Packaging
4036,Electric Motor Coil,Packaging
4037,Powder Coating Material,Electronics
4038,Polyester Yarn,Construction
4039,Leather Sheet,Packaging
4040,Steel Rod,Construction
4041,Cement Bag,Packaging
4042,Glass Fiber,Construction
4043,Transformer Core,Metal
4044,Polycarbonate Sheet,Chemical
4045,Concrete Additive,Chemical
4046,Gravel Stone,Construction
4047,Denim Fabric,Textile
4048,Paint Pigment,Textile
4049,Rubber Gasket,Chemical
4050,Glass Fiber,Packaging
4051,Steel Rod,Electronics
4052,Stainless Steel Bolt,Construction
4053,Steel Rod,Electronics
4054,Microcontroller Chip,Construction
4055,HDPE Granules,Plastic
4056,Industrial Adhesive,Textile
4057,Plastic Packaging Film,Construction
4058,LED Module,Packaging
4059,Denim Fabric,Metal
4060,Brass Pipe,Construction
4061,Rubber Gasket,Construction
4062,Epoxy Resin,Plastic
4063,Glass Fiber,Metal
4064,Powder Coating Material,Plastic
4065,Textile Cotton Fiber,Construction
4066,Stainless Steel Bolt,Chemical
4067,Aluminum Foil Roll,Packaging
4068,Tempered Glass Panel,Metal
4069,Polycarbonate Sheet,Textile
4070,Packaging Cardboard,Construction
4071,Stainless Steel Bolt,Construction
4072,Polycarbonate Sheet,Electronics
4073,Transformer Core,Construction
4074,Latex Compound,Electronics
4075,Sand Aggregate,Textile
4076,HDPE Granules,Metal
4077,Ceramic Insulator,Chemical
4078,Lithium Battery Cell,Textile
4079,Aluminum Foil Roll,Packaging
4080,Hydraulic Oil,Chemical
4081,Brass Pipe,Construction
4082,Gravel Stone,Packaging
4083,Packaging Cardboard,Metal
4084,Electric Motor Coil,Chemical
4085,Thermal Insulation Wool,Textile
4086,Polycarbonate Sheet,Metal
4087,Iron Ore,Construction
4088,ABS Plastic Pellets,Plastic
4089,Brass Pipe,Textile
4090,LED Module,Metal
4091,ABS Plastic Pellets,Electronics
4092,LED Module,Textile
4093,Concrete Additive,Chemical
4094,Leather Sheet,Electronics
4095,Epoxy Resin,Textile
4096,MDF Board,Plastic
4097,Packaging Cardboard,Textile
4098,Rubber Gasket,Electronics
4099,Textile Cotton Fiber,Chemical
4100,Gravel Stone,Chemical
4101,Paint Pigment,Chemical
4102,Denim Fabric,Chemical
4103,Timber Plank,Electronics
4104,Wooden Plywood Sheet,Construction
4105,Aluminum Foil Roll,Plastic
4106,Plastic Packaging Film,Construction
4107,Silicone Sealant,Metal
4108,Rubber Gasket,Textile
4109,Paint Pigment,Construction
4110,Copper Wire,Electronics
4111,Tempered Glass Panel,Textile
4112,Coolant Liquid,Construction
4113,Gravel Stone,Textile
4114,PVC Pipe,Metal
4115,Copper Wire,Construction
4116,Aluminum Sheet,Metal
4117,Cement Bag,Construction
4118,Electric Motor Coil,Plastic
4119,Denim Fabric,Construction
4120,Steel Rod,Packaging
4121,Epoxy Resin,Electronics
4122,Printed Circuit Board,Chemical
4123,Acrylic Paint,Metal
4124,Steel Rod,Chemical
4125,Plastic Packaging Film,Metal
4126,Silicone Sealant,Metal
4127,Leather Sheet,Metal
4128,Stainless Steel Bolt,Textile
4129,Glass Fiber,Electronics
4130,Ceramic Insulator,Metal
4131,Industrial Grease,Plastic
4132,Polyester Yarn,Construction
4133,Synthetic Rubber Sheet,Construction
4134,Latex Compound,Plastic
4135,HDPE Granules,Packaging
4136,Coolant Liquid,Electronics
4137,Hydraulic Oil,Packaging
4138,Iron Ore,Plastic
4139,PVC Pipe,Chemical
4140,Timber Plank,Textile
4141,Silicone Sealant,Metal
4142,ABS Plastic Pellets,Chemical
4143,Stainless Steel Bolt,Construction
4144,LED Module,Plastic
4145,Nylon Fiber,Metal
4146,Powder Coating Material,Metal
4147,Foam Padding,Construction
4148,Stainless Steel Bolt,Construction
4149,Electric Motor Coil,Electronics
4150,Cement Bag,Construction
4151,Paint Pigment,Plastic
4152,Polyester Yarn,Plastic
4153,Aluminum Sheet,Chemical
4154,Polycarbonate Sheet,Construction
4155,Tempered Glass Panel,Metal
4156,Leather Sheet,Packaging
4157,Aluminum Foil Roll,Packaging
4158,Leather Sheet,Construction
4159,Industrial Adhesive,Textile
4160,Steel Rod,Electronics
4161,Packaging Cardboard,Chemical
4162,Rubber Gasket,Packaging
4163,ABS Plastic Pellets,Plastic
4164,Foam Padding,Packaging
4165,Tempered Glass Panel,Chemical
4166,Glass Fiber,Electronics
4167,Rubber Gasket,Construction
4168,Aluminum Foil Roll,Metal
4169,Lubricating Oil,Packaging
4170,Packaging Cardboard,Packaging
4171,Concrete Additive,Packaging
4172,Concrete Additive,Textile
4173,Epoxy Resin,Metal
4174,Cement Bag,Metal
4175,Aluminum Foil Roll,Metal
4176,Steel Rod,Chemical
4177,Leather Sheet,Construction
4178,HDPE Granules,Textile
4179,PVC Pipe,Textile
4180,Foam Padding,Chemical
4181,Tempered Glass Panel,Textile
4182,Synthetic Rubber Sheet,Plastic
4183,Copper Wire,Chemical
4184,Cement Bag,Textile
4185,Glass Fiber,Textile
4186,MDF Board,Packaging
4187,Industrial Adhesive,Plastic
4188,HDPE Granules,Metal
4189,Glass Fiber,Construction
4190,Rubber Gasket,Chemical
4191,Aluminum Sheet,Textile
4192,Gravel Stone,Plastic
4193,Polycarbonate Sheet,Chemical
4194,Plastic Packaging Film,Construction
4195,Cement Bag,Packaging
4196,Lithium Battery Cell,Chemical
4197,Nylon Fiber,Electronics
4198,Transformer Core,Packaging
4199,Powder Coating Material,Packaging
4200,Paint Pigment,Electronics
4201,Timber Plank,Plastic
4202,Polycarbonate Sheet,Construction
4203,Sand Aggregate,Construction
4204,Polycarbonate Sheet,Electronics
4205,Lithium Battery Cell,Packaging
4206,Paint Pigment,Textile
4207,Glass Fiber,Packaging
4208,Glass Fiber,Plastic
4209,Hydraulic Oil,Metal
4210,Rubber Gasket,Metal
4211,Leather Sheet,Plastic
4212,Powder Coating Material,Metal
4213,Gypsum Powder,Metal
4214,HDPE Granules,Textile
4215,Electric Motor Coil,Plastic
4216,Corrugated Box,Metal
4217,Lithium Battery Cell,Textile
4218,Tempered Glass Panel,Packaging
4219,Textile Cotton Fiber,Electronics
4220,Nylon Fiber,Construction
4221,Transformer Core,Electronics
4222,Copper Wire,Packaging
4223,Paint Pigment,Packaging
4224,Gravel Stone,Plastic
4225,Brass Pipe,Metal
4226,Gravel Stone,Metal
4227,Wooden Plywood Sheet,Textile
4228,MDF Board,Electronics
4229,Hydraulic Oil,Metal
4230,Silicone Sealant,Construction
4231,Gravel Stone,Chemical
4232,Synthetic Rubber Sheet,Electronics
4233,Stainless Steel Bolt,Textile
4234,Epoxy Resin,Textile
4235,Ceramic Insulator,Textile
4236,Transformer Core,Metal
4237,Copper Wire,Textile
4238,Latex Compound,Chemical
4239,HDPE Granules,Construction
4240,Denim Fabric,Textile
4241,Iron Ore,Textile
4242,Polyester Yarn,Metal
4243,ABS Plastic Pellets,Plastic
4244,Industrial Grease,Electronics
4245,Tempered Glass Panel,Metal
4246,Nylon Fiber,Construction
4247,Latex Compound,Electronics
4248,Latex Compound,Metal
4249,Tempered Glass Panel,Textile
4250,Coolant Liquid,Plastic
4251,Stainless Steel Bolt,Packaging
4252,Rubber Gasket,Electronics
4253,Sand Aggregate,Electronics
4254,LED Module,Plastic
4255,Timber Plank,Packaging
4256,LED Module,Metal
4257,Tempered Glass Panel,Textile
4258,Timber Plank,Plastic
4259,Glass Fiber,Textile
4260,Glass Fiber,Plastic
4261,Steel Rod,Chemical
4262,Timber Plank,Metal
4263,Acrylic Paint,Metal
4264,Microcontroller Chip,Metal
4265,Concrete Additive,Plastic
4266,Leather Sheet,Construction
4267,Industrial Adhesive,Metal
4268,Aluminum Foil Roll,Electronics
4269,Acrylic Paint,Electronics
4270,Timber Plank,Electronics
4271,Silicone Sealant,Metal
4272,Timber Plank,Construction
4273,LED Module,Textile
4274,Plastic Packaging Film,Electronics
4275,Epoxy Resin,Packaging
4276,Aluminum Sheet,Packaging
4277,PVC Pipe,Textile
4278,Packaging Cardboard,Metal
4279,PVC Pipe,Plastic
4280,Latex Compound,Textile
4281,Aluminum Foil Roll,Metal
4282,ABS Plastic Pellets,Textile
4283,Iron Ore,Plastic
4284,Plastic Packaging Film,Metal
4285,LED Module,Metal
4286,Wooden Plywood Sheet,Textile
4287,MDF Board,Packaging
4288,Gravel Stone,Plastic
4289,ABS Plastic Pellets,Plastic
4290,Epoxy Resin,Plastic
4291,Ceramic Insulator,Textile
4292,PVC Pipe,Construction
4293,Timber Plank,Packaging
4294,Sand Aggregate,Electronics
4295,Corrugated Box,Electronics
4296,Latex Compound,Construction
4297,Concrete Additive,Textile
4298,Powder Coating Material,Construction
4299,Packaging Cardboard,Plastic
4300,Polyester Yarn,Textile
4301,Hydraulic Oil,Construction
4302,Polyester Yarn,Construction
4303,Rubber Gasket,Construction
4304,Glass Fiber,Metal
4305,Polyester Yarn,Construction
4306,LED Module,Chemical
4307,Packaging Cardboard,Packaging
4308,Rubber Gasket,Electronics
4309,Acrylic Paint,Chemical
4310,Ceramic Insulator,Textile
4311,Microcontroller Chip,Chemical
4312,Denim Fabric,Chemical
4313,Thermal Insulation Wool,Textile
4314,Polycarbonate Sheet,Construction
4315,Printed Circuit Board,Textile
4316,Denim Fabric,Textile
4317,Cement Bag,Electronics
4318,Sand Aggregate,Construction
4319,Synthetic Rubber Sheet,Packaging
4320,Glass Fiber,Construction
4321,Polyester Yarn,Construction
4322,Paint Pigment,Plastic
4323,Microcontroller Chip,Construction
4324,Aluminum Foil Roll,Chemical
4325,Glass Fiber,Plastic
4326,Epoxy Resin,Plastic
4327,Polyester Yarn,Textile
4328,Foam Padding,Plastic
4329,Wooden Plywood Sheet,Packaging
4330,Transformer Core,Packaging
4331,Packaging Cardboard,Construction
4332,Epoxy Resin,Chemical
4333,Silicone Sealant,Metal
4334,Concrete Additive,Packaging
4335,Tempered Glass Panel,Packaging
4336,Acrylic Paint,Textile
4337,ABS Plastic Pellets,Plastic
4338,Stainless Steel Bolt,Electronics
4339,Tempered Glass Panel,Construction
4340,Concrete Additive,Chemical
4341,Packaging Cardboard,Chemical
4342,Ceramic Insulator,Packaging
4343,Coolant Liquid,Textile
4344,Silicone Sealant,Construction
4345,Textile Cotton Fiber,Packaging
4346,Industrial Grease,Chemical
4347,Ceramic Insulator,Metal
4348,Lithium Battery Cell,Construction
4349,Transformer Core,Packaging
4350,Synthetic Rubber Sheet,Plastic
4351,MDF Board,Construction
4352,Tempered Glass Panel,Electronics
4353,Hydraulic Oil,Chemical
4354,MDF Board,Chemical
4355,Synthetic Rubber Sheet,Chemical
4356,Gypsum Powder,Metal
4357,Steel Rod,Packaging
4358,Polycarbonate Sheet,Electronics
4359,Wooden Plywood Sheet,Packaging
4360,Steel Rod,Plastic
4361,Timber Plank,Chemical
4362,Concrete Additive,Construction
4363,Iron Ore,Chemical
4364,Thermal Insulation Wool,Textile
4365,Synthetic Rubber Sheet,Textile
4366,Iron Ore,Plastic
4367,Gravel Stone,Metal
4368,Industrial Grease,Packaging
4369,Polycarbonate Sheet,Construction
4370,Denim Fabric,Plastic
4371,Glass Fiber,Packaging
4372,Iron Ore,Metal
4373,HDPE Granules,Electronics
4374,Ceramic Insulator,Packaging
4375,Packaging Cardboard,Plastic
4376,Gravel Stone,Electronics
4377,Lubricating Oil,Construction
4378,MDF Board,Plastic
4379,Industrial Grease,Metal
4380,ABS Plastic Pellets,Metal
4381,PVC Pipe,Textile
4382,Aluminum Sheet,Electronics
4383,Wooden Plywood Sheet,Electronics
4384,Copper Wire,Packaging
4385,Brass Pipe,Chemical
4386,Corrugated Box,Packaging
4387,Printed Circuit Board,Chemical
4388,Glass Fiber,Chemical
4389,Lubricating Oil,Chemical
4390,Synthetic Rubber Sheet,Metal
4391,Rubber Gasket,Packaging
4392,Microcontroller Chip,Textile
4393,Paint Pigment,Electronics
4394,Gravel Stone,Chemical
4395,Coolant Liquid,Chemical
4396,Iron Ore,Chemical
4397,Foam Padding,Plastic
4398,Coolant Liquid,Electronics
4399,Thermal Insulation Wool,Plastic
4400,Brass Pipe,Plastic
4401,Electric Motor Coil,Electronics
4402,Industrial Grease,Textile
4403,Iron Ore,Chemical
4404,Aluminum Foil Roll,Textile
4405,PVC Pipe,Metal
4406,Timber Plank,Plastic
4407,Industrial Adhesive,Packaging
4408,Textile Cotton Fiber,Chemical
4409,Rubber Gasket,Chemical
4410,Leather Sheet,Plastic
4411,Polyester Yarn,Construction
4412,Hydraulic Oil,Plastic
4413,Polycarbonate Sheet,Textile
4414,Gypsum Powder,Metal
4415,Brass Pipe,Metal
4416,Wooden Plywood Sheet,Metal
4417,Timber Plank,Metal
4418,Concrete Additive,Plastic
4419,Iron Ore,Packaging
4420,Timber Plank,Construction
4421,HDPE Granules,Electronics
4422,Polycarbonate Sheet,Construction
4423,Paint Pigment,Packaging
4424,Aluminum Foil Roll,Electronics
4425,Cement Bag,Plastic
4426,Steel Rod,Chemical
4427,Wooden Plywood Sheet,Textile
4428,Concrete Additive,Construction
4429,Sand Aggregate,Chemical
4430,Leather Sheet,Packaging
4431,Foam Padding,Construction
4432,Latex Compound,Construction
4433,Lubricating Oil,Packaging
4434,Leather Sheet,Electronics
4435,Coolant Liquid,Packaging
4436,Aluminum Foil Roll,Electronics
4437,Timber Plank,Electronics
4438,Cement Bag,Plastic
4439,Lithium Battery Cell,Packaging
4440,Gravel Stone,Plastic
4441,Coolant Liquid,Construction
4442,Synthetic Rubber Sheet,Electronics
4443,Coolant Liquid,Electronics
4444,Cement Bag,Construction
4445,Transformer Core,Chemical
4446,Ceramic Insulator,Plastic
4447,Rubber Gasket,Electronics
4448,Silicone Sealant,Electronics
4449,HDPE Granules,Chemical
4450,Wooden Plywood Sheet,Packaging
4451,Concrete Additive,Plastic
4452,Silicone Sealant,Construction
4453,Polycarbonate Sheet,Chemical
4454,Denim Fabric,Electronics
4455,Industrial Grease,Packaging
4456,Thermal Insulation Wool,Metal
4457,Polyester Yarn,Packaging
4458,Packaging Cardboard,Textile
4459,Ceramic Insulator,Textile
4460,Glass Fiber,Chemical
4461,Industrial Adhesive,Electronics
4462,Copper Wire,Electronics
4463,Microcontroller Chip,Metal
4464,Aluminum Sheet,Chemical
4465,Powder Coating Material,Metal
4466,Thermal Insulation Wool,Textile
4467,PVC Pipe,Textile
4468,Brass Pipe,Electronics
4469,Powder Coating Material,Textile
4470,Concrete Additive,Packaging
4471,Lubricating Oil,Plastic
4472,Concrete Additive,Plastic
4473,Aluminum Sheet,Textile
4474,Thermal Insulation Wool,Construction
4475,Microcontroller Chip,Metal
4476,Nylon Fiber,Metal
4477,Denim Fabric,Construction
4478,Industrial Adhesive,Packaging
4479,Rubber Gasket,Metal
4480,Steel Rod,Electronics
4481,Lithium Battery Cell,Textile
4482,Hydraulic Oil,Chemical
4483,Synthetic Rubber Sheet,Electronics
4484,Gravel Stone,Packaging
4485,Foam Padding,Metal
4486,Ceramic Insulator,Chemical
4487,Textile Cotton Fiber,Packaging
4488,ABS Plastic Pellets,Packaging
4489,Silicone Sealant,Packaging
4490,Cement Bag,Textile
4491,PVC Pipe,Plastic
4492,Cement Bag,Chemical
4493,LED Module,Chemical
4494,Copper Wire,Metal
4495,Concrete Additive,Packaging
4496,Paint Pigment,Textile
4497,Iron Ore,Packaging
4498,Leather Sheet,Packaging
4499,Hydraulic Oil,Plastic
4500,Paint Pigment,Metal
4501,Sand Aggregate,Plastic
4502,Silicone Sealant,Metal
4503,Gravel Stone,Plastic
4504,Transformer Core,Electronics
4505,Industrial Adhesive,Metal
4506,Cement Bag,Plastic
4507,Electric Motor Coil,Packaging
4508,Latex Compound,Electronics
4509,ABS Plastic Pellets,Construction
4510,Leather Sheet,Chemical
4511,PVC Pipe,Construction
4512,Thermal Insulation Wool,Textile
4513,Glass Fiber,Electronics
4514,Nylon Fiber,Textile
4515,Plastic Packaging Film,Chemical
4516,Epoxy Resin,Construction
4517,Printed Circuit Board,Electronics
4518,Polycarbonate Sheet,Packaging
4519,Packaging Cardboard,Packaging
4520,Lithium Battery Cell,Plastic
4521,Iron Ore,Metal
4522,Electric Motor Coil,Chemical
4523,PVC Pipe,Textile
4524,Hydraulic Oil,Electronics
4525,Tempered Glass Panel,Metal
4526,MDF Board,Construction
4527,Transformer Core,Plastic
4528,Brass Pipe,Chemical
4529,Glass Fiber,Construction
4530,Gravel Stone,Chemical
4531,Rubber Gasket,Electronics
4532,Glass Fiber,Metal
4533,Glass Fiber,Textile
4534,Industrial Adhesive,Construction
4535,Transformer Core,Electronics
4536,ABS Plastic Pellets,Packaging
4537,Corrugated Box,Construction
4538,Copper Wire,Construction
4539,PVC Pipe,Packaging
4540,Transformer Core,Metal
4541,Steel Rod,Electronics
4542,Polyester Yarn,Textile
4543,Lubricating Oil,Electronics
4544,Iron Ore,Metal
4545,Acrylic Paint,Metal
4546,Nylon Fiber,Plastic
4547,Powder Coating Material,Electronics
4548,MDF Board,Packaging
4549,Gypsum Powder,Metal
4550,Thermal Insulation Wool,Textile
4551,Packaging Cardboard,Packaging
4552,Iron Ore,Plastic
4553,Lithium Battery Cell,Textile
4554,Polyester Yarn,Textile
4555,Electric Motor Coil,Electronics
4556,Latex Compound,Construction
4557,Plastic Packaging Film,Chemical
4558,Industrial Adhesive,Packaging
4559,MDF Board,Electronics
4560,Gravel Stone,Electronics
4561,Electric Motor Coil,Packaging
4562,Epoxy Resin,Packaging
4563,Copper Wire,Electronics
4564,Lubricating Oil,Textile
4565,Latex Compound,Metal
4566,Gypsum Powder,Chemical
4567,Gypsum Powder,Metal
4568,Corrugated Box,Chemical
4569,Industrial Adhesive,Metal
4570,Tempered Glass Panel,Plastic
4571,Textile Cotton Fiber,Metal
4572,HDPE Granules,Textile
4573,Epoxy Resin,Textile
4574,Foam Padding,Chemical
4575,Aluminum Sheet,Metal
4576,Microcontroller Chip,Construction
4577,Epoxy Resin,Plastic
4578,Concrete Additive,Electronics
4579,Tempered Glass Panel,Metal
4580,HDPE Granules,Metal
4581,Aluminum Foil Roll,Construction
4582,Hydraulic Oil,Textile
4583,Tempered Glass Panel,Textile
4584,Textile Cotton Fiber,Plastic
4585,Polyester Yarn,Textile
4586,Transformer Core,Plastic
4587,Lithium Battery Cell,Chemical
4588,Acrylic Paint,Chemical
4589,Polyester Yarn,Plastic
4590,Paint Pigment,Packaging
4591,Microcontroller Chip,Packaging
4592,ABS Plastic Pellets,Plastic
4593,Synthetic Rubber Sheet,Chemical
4594,Synthetic Rubber Sheet,Chemical
4595,Gravel Stone,Construction
4596,Rubber Gasket,Construction
4597,Concrete Additive,Metal
4598,Steel Rod,Electronics
4599,Textile Cotton Fiber,Electronics
4600,Corrugated Box,Packaging
4601,Brass Pipe,Metal
4602,ABS Plastic Pellets,Plastic
4603,Plastic Packaging Film,Electronics
4604,Foam Padding,Chemical
4605,HDPE Granules,Textile
4606,Corrugated Box,Plastic
4607,Sand Aggregate,Textile
4608,Sand Aggregate,Chemical
4609,Industrial Grease,Plastic
4610,Timber Plank,Construction
4611,Aluminum Sheet,Chemical
4612,Epoxy Resin,Plastic
4613,Corrugated Box,Packaging
4614,Iron Ore,Metal
4615,Rubber Gasket,Packaging
4616,Foam Padding,Electronics
4617,Acrylic Paint,Plastic
4618,Leather Sheet,Packaging
4619,Acrylic Paint,Electronics
4620,Acrylic Paint,Chemical
4621,Stainless Steel Bolt,Chemical
4622,Packaging Cardboard,Chemical
4623,Aluminum Foil Roll,Textile
4624,HDPE Granules,Packaging
4625,Transformer Core,Metal
4626,Stainless Steel Bolt,Plastic
4627,Latex Compound,Metal
4628,Thermal Insulation Wool,Metal
4629,Leather Sheet,Metal
4630,Packaging Cardboard,Construction
4631,Nylon Fiber,Electronics
4632,Polyester Yarn,Plastic
4633,Latex Compound,Packaging
4634,Wooden Plywood Sheet,Metal
4635,Hydraulic Oil,Metal
4636,Paint Pigment,Chemical
4637,Lubricating Oil,Plastic
4638,Printed Circuit Board,Textile
4639,Electric Motor Coil,Metal
4640,Brass Pipe,Electronics
4641,Stainless Steel Bolt,Plastic
4642,Foam Padding,Packaging
4643,Acrylic Paint,Metal
4644,Polycarbonate Sheet,Construction
4645,Ceramic Insulator,Plastic
4646,Thermal Insulation Wool,Electronics
4647,Microcontroller Chip,Textile
4648,Textile Cotton Fiber,Metal
4649,Corrugated Box,Electronics
4650,Packaging Cardboard,Construction
4651,Stainless Steel Bolt,Plastic
4652,Powder Coating Material,Electronics
4653,Nylon Fiber,Construction
4654,Industrial Adhesive,Electronics
4655,Thermal Insulation Wool,Plastic
4656,Gypsum Powder,Metal
4657,Copper Wire,Packaging
4658,Synthetic Rubber Sheet,Metal
4659,Lubricating Oil,Metal
4660,Leather Sheet,Textile
4661,Corrugated Box,Electronics
4662,Sand Aggregate,Plastic
4663,LED Module,Metal
4664,PVC Pipe,Chemical
4665,ABS Plastic Pellets,Plastic
4666,MDF Board,Textile
4667,Timber Plank,Electronics
4668,Thermal Insulation Wool,Construction
4669,Ceramic Insulator,Chemical
4670,Coolant Liquid,Plastic
4671,Plastic Packaging Film,Textile
4672,Industrial Grease,Metal
4673,Synthetic Rubber Sheet,Electronics
4674,Tempered Glass Panel,Chemical
4675,LED Module,Electronics
4676,Iron Ore,Construction
4677,Foam Padding,Plastic
4678,Thermal Insulation Wool,Textile
4679,Microcontroller Chip,Textile
4680,Tempered Glass Panel,Chemical
4681,Hydraulic Oil,Construction
4682,Denim Fabric,Textile
4683,PVC Pipe,Construction
4684,Silicone Sealant,Plastic
4685,Acrylic Paint,Electronics
4686,Stainless Steel Bolt,Metal
4687,Sand Aggregate,Chemical
4688,Cement Bag,Packaging
4689,Textile Cotton Fiber,Construction
4690,Timber Plank,Plastic
4691,Iron Ore,Packaging
4692,Aluminum Foil Roll,Electronics
4693,Brass Pipe,Electronics
4694,Concrete Additive,Packaging
4695,Acrylic Paint,Construction
4696,Tempered Glass Panel,Metal
4697,Polycarbonate Sheet,Metal
4698,Aluminum Foil Roll,Chemical
4699,Textile Cotton Fiber,Construction
4700,Nylon Fiber,Plastic
4701,Cement Bag,Chemical
4702,LED Module,Electronics
4703,Nylon Fiber,Chemical
4704,HDPE Granules,Construction
4705,Textile Cotton Fiber,Metal
4706,MDF Board,Plastic
4707,Denim Fabric,Metal
4708,Tempered Glass Panel,Textile
4709,Industrial Grease,Construction
4710,Steel Rod,Plastic
4711,Lubricating Oil,Textile
4712,Thermal Insulation Wool,Plastic
4713,Plastic Packaging Film,Electronics
4714,Tempered Glass Panel,Packaging
4715,Electric Motor Coil,Plastic
4716,Acrylic Paint,Electronics
4717,Microcontroller Chip,Chemical
4718,Textile Cotton Fiber,Plastic
4719,Silicone Sealant,Construction
4720,Iron Ore,Chemical
4721,Iron Ore,Chemical
4722,Brass Pipe,Plastic
4723,Leather Sheet,Textile
4724,Lithium Battery Cell,Electronics
4725,Epoxy Resin,Plastic
4726,HDPE Granules,Plastic
4727,Ceramic Insulator,Construction
4728,ABS Plastic Pellets,Metal
4729,Industrial Grease,Packaging
4730,Coolant Liquid,Packaging
4731,Rubber Gasket,Plastic
4732,Transformer Core,Plastic
4733,Aluminum Sheet,Plastic
4734,Stainless Steel Bolt,Metal
4735,Electric Motor Coil,Plastic
4736,Brass Pipe,Metal
4737,Hydraulic Oil,Metal
4738,Cement Bag,Electronics
4739,Paint Pigment,Packaging
4740,LED Module,Packaging
4741,Polyester Yarn,Textile
4742,Lithium Battery Cell,Packaging
4743,ABS Plastic Pellets,Metal
4744,Latex Compound,Metal
4745,Ceramic Insulator,Packaging
4746,Gypsum Powder,Chemical
4747,Lubricating Oil,Plastic
4748,Printed Circuit Board,Chemical
4749,Silicone Sealant,Construction
4750,ABS Plastic Pellets,Packaging
4751,Rubber Gasket,Metal
4752,Lubricating Oil,Metal
4753,Hydraulic Oil,Electronics
4754,Packaging Cardboard,Electronics
4755,Timber Plank,Chemical
4756,Hydraulic Oil,Chemical
4757,Nylon Fiber,Chemical
4758,Aluminum Foil Roll,Textile
4759,Ceramic Insulator,Construction
4760,Electric Motor Coil,Metal
4761,Foam Padding,Packaging
4762,Microcontroller Chip,Chemical
4763,Foam Padding,Chemical
4764,Hydraulic Oil,Textile
4765,Foam Padding,Textile
4766,Ceramic Insulator,Packaging
4767,Glass Fiber,Electronics
4768,Tempered Glass Panel,Electronics
4769,Brass Pipe,Metal
4770,Epoxy Resin,Construction
4771,Leather Sheet,Chemical
4772,Ceramic Insulator,Metal
4773,Copper Wire,Electronics
4774,Rubber Gasket,Electronics
4775,PVC Pipe,Construction
4776,Gravel Stone,Metal
4777,Printed Circuit Board,Plastic
4778,Packaging Cardboard,Metal
4779,Acrylic Paint,Textile
4780,Tempered Glass Panel,Electronics
4781,Aluminum Foil Roll,Textile
4782,MDF Board,Chemical
4783,Denim Fabric,Textile
4784,Foam Padding,Metal
4785,Steel Rod,Textile
4786,Aluminum Sheet,Construction
4787,Packaging Cardboard,Construction
4788,Plastic Packaging Film,Textile
4789,Sand Aggregate,Construction
4790,Brass Pipe,Metal
4791,Iron Ore,Construction
4792,Synthetic Rubber Sheet,Packaging
4793,Steel Rod,Packaging
4794,Corrugated Box,Textile
4795,Gypsum Powder,Packaging
4796,Paint Pigment,Metal
4797,Epoxy Resin,Electronics
4798,Latex Compound,Textile
4799,Electric Motor Coil,Electronics
4800,Textile Cotton Fiber,Textile
4801,Nylon Fiber,Metal
4802,Foam Padding,Packaging
4803,Denim Fabric,Electronics
4804,Plastic Packaging Film,Packaging
4805,Copper Wire,Plastic
4806,Packaging Cardboard,Electronics
4807,Aluminum Foil Roll,Textile
4808,Paint Pigment,Chemical
4809,Polycarbonate Sheet,Construction
4810,Foam Padding,Plastic
4811,Aluminum Foil Roll,Textile
4812,Acrylic Paint,Plastic
4813,Concrete Additive,Plastic
4814,Sand Aggregate,Metal
4815,Gravel Stone,Electronics
4816,Steel Rod,Electronics
4817,Textile Cotton Fiber,Electronics
4818,Polyester Yarn,Electronics
4819,Printed Circuit Board,Plastic
4820,Synthetic Rubber Sheet,Packaging
4821,ABS Plastic Pellets,Plastic
4822,LED Module,Metal
4823,Acrylic Paint,Construction
4824,Textile Cotton Fiber,Construction
4825,Industrial Adhesive,Plastic
4826,Corrugated Box,Packaging
4827,Concrete Additive,Construction
4828,Hydraulic Oil,Chemical
4829,Timber Plank,Packaging
4830,Stainless Steel Bolt,Chemical
4831,Coolant Liquid,Construction
4832,Printed Circuit Board,Textile
4833,Corrugated Box,Electronics
4834,Lubricating Oil,Electronics
4835,Nylon Fiber,Textile
4836,Corrugated Box,Chemical
4837,Foam Padding,Metal
4838,Cement Bag,Chemical
4839,ABS Plastic Pellets,Chemical
4840,Foam Padding,Plastic
4841,Ceramic Insulator,Chemical
4842,Packaging Cardboard,Metal
4843,Thermal Insulation Wool,Metal
4844,Electric Motor Coil,Metal
4845,Polyester Yarn,Chemical
4846,Leather Sheet,Textile
4847,Gypsum Powder,Packaging
4848,Aluminum Foil Roll,Chemical
4849,Copper Wire,Metal
4850,Brass Pipe,Construction
4851,Cement Bag,Construction
4852,Gravel Stone,Chemical
4853,Textile Cotton Fiber,Textile
4854,Cement Bag,Plastic
4855,Gypsum Powder,Packaging
4856,Textile Cotton Fiber,Textile
4857,Sand Aggregate,Plastic
4858,PVC Pipe,Packaging
4859,Polyester Yarn,Metal
4860,Latex Compound,Metal
4861,Glass Fiber,Chemical
4862,Wooden Plywood Sheet,Plastic
4863,Aluminum Sheet,Packaging
4864,Printed Circuit Board,Plastic
4865,Acrylic Paint,Construction
4866,Powder Coating Material,Electronics
4867,Epoxy Resin,Textile
4868,Gypsum Powder,Electronics
4869,Rubber Gasket,Construction
4870,Concrete Additive,Packaging
4871,Packaging Cardboard,Packaging
4872,Polycarbonate Sheet,Metal
4873,Copper Wire,Plastic
4874,Hydraulic Oil,Electronics
4875,Timber Plank,Textile
4876,Electric Motor Coil,Construction
4877,MDF Board,Chemical
4878,Wooden Plywood Sheet,Chemical
4879,Iron Ore,Textile
4880,Coolant Liquid,Chemical
4881,Polycarbonate Sheet,Textile
4882,Denim Fabric,Metal
4883,HDPE Granules,Plastic
4884,Foam Padding,Chemical
4885,ABS Plastic Pellets,Metal
4886,Microcontroller Chip,Electronics
4887,Copper Wire,Metal
4888,Sand Aggregate,Electronics
4889,HDPE Granules,Textile
4890,Timber Plank,Chemical
4891,Wooden Plywood Sheet,Construction
4892,Industrial Adhesive,Plastic
4893,Leather Sheet,Metal
4894,Copper Wire,Plastic
4895,Coolant Liquid,Metal
4896,Sand Aggregate,Packaging
4897,Epoxy Resin,Packaging
4898,Stainless Steel Bolt,Chemical
4899,Corrugated Box,Electronics
4900,Tempered Glass Panel,Textile
4901,Silicone Sealant,Textile
4902,Packaging Cardboard,Textile
4903,Aluminum Foil Roll,Plastic
4904,Plastic Packaging Film,Construction
4905,Glass Fiber,Textile
4906,Transformer Core,Electronics
4907,Corrugated Box,Electronics
4908,Steel Rod,Metal
4909,Epoxy Resin,Electronics
4910,Powder Coating Material,Chemical
4911,Ceramic Insulator,Textile
4912,Foam Padding,Construction
4913,LED Module,Packaging
4914,Industrial Grease,Electronics
4915,Denim Fabric,Electronics
4916,Gravel Stone,Plastic
4917,Hydraulic Oil,Plastic
4918,Concrete Additive,Plastic
4919,Polycarbonate Sheet,Electronics
4920,Silicone Sealant,Packaging
4921,Cement Bag,Packaging
4922,Concrete Additive,Construction
4923,Aluminum Foil Roll,Metal
4924,Denim Fabric,Textile
4925,Industrial Adhesive,Electronics
4926,Rubber Gasket,Textile
4927,PVC Pipe,Construction
4928,Electric Motor Coil,Construction
4929,Brass Pipe,Packaging
4930,Packaging Cardboard,Plastic
4931,Nylon Fiber,Packaging
4932,Microcontroller Chip,Textile
4933,Microcontroller Chip,Chemical
4934,Timber Plank,Packaging
4935,HDPE Granules,Electronics
4936,Paint Pigment,Construction
4937,Acrylic Paint,Plastic
4938,Plastic Packaging Film,Construction
4939,PVC Pipe,Packaging
4940,Tempered Glass Panel,Electronics
4941,Epoxy Resin,Plastic
4942,Wooden Plywood Sheet,Metal
4943,Brass Pipe,Chemical
4944,Acrylic Paint,Plastic
4945,Printed Circuit Board,Construction
4946,Microcontroller Chip,Electronics
4947,Iron Ore,Metal
4948,Steel Rod,Textile
4949,Printed Circuit Board,Packaging
4950,Denim Fabric,Plastic
4951,Plastic Packaging Film,Chemical
4952,Ceramic Insulator,Packaging
4953,Latex Compound,Textile
4954,Stainless Steel Bolt,Chemical
4955,Printed Circuit Board,Plastic
4956,Acrylic Paint,Plastic
4957,HDPE Granules,Textile
4958,Brass Pipe,Chemical
4959,Polyester Yarn,Plastic
4960,Iron Ore,Plastic
4961,Transformer Core,Electronics
4962,MDF Board,Metal
4963,Transformer Core,Electronics
4964,PVC Pipe,Metal
4965,MDF Board,Construction
4966,Stainless Steel Bolt,Metal
4967,Stainless Steel Bolt,Chemical
4968,Iron Ore,Packaging
4969,LED Module,Electronics
4970,Epoxy Resin,Metal
4971,HDPE Granules,Packaging
4972,Polyester Yarn,Textile
4973,Steel Rod,Textile
4974,Brass Pipe,Construction
4975,Tempered Glass Panel,Textile
4976,Industrial Grease,Metal
4977,Printed Circuit Board,Packaging
4978,Leather Sheet,Textile
4979,Nylon Fiber,Metal
4980,Transformer Core,Construction
4981,ABS Plastic Pellets,Packaging
4982,Thermal Insulation Wool,Electronics
4983,HDPE Granules,Plastic
4984,HDPE Granules,Electronics
4985,Timber Plank,Plastic
4986,Microcontroller Chip,Chemical
4987,Tempered Glass Panel,Packaging
4988,Printed Circuit Board,Metal
4989,Stainless Steel Bolt,Electronics
4990,Industrial Adhesive,Textile
4991,Synthetic Rubber Sheet,Construction
4992,Printed Circuit Board,Construction
4993,Microcontroller Chip,Packaging
4994,PVC Pipe,Metal
4995,Polyester Yarn,Construction
4996,Corrugated Box,Chemical
4997,MDF Board,Electronics
4998,Aluminum Foil Roll,Packaging
4999,Concrete Additive,Textile
5000,Latex Compound,Textile
