price_id,material_id,price_per_ton,price_date
1,35,748.65,2024-03-22
2,4351,771.18,2023-10-20
3,1213,919.61,2024-02-08
4,1011,774.79,2024-05-18
5,1417,810.19,2024-04-13
6,1127,832.27,2024-11-22
7,1710,390.97,2024-07-22
8,4665,644.49,2024-03-20
9,390,535.22,2024-02-03
10,1165,360.4,2024-03-29
11,2308,908.66,2023-12-29
12,3896,393.98,2024-10-01
13,625,750.2,2024-11-27
14,3907,469.98,2024-12-16
15,1214,861.79,2023-03-17
16,2083,436.75,2023-04-04
17,814,517.06,2024-04-19
18,4574,814.03,2023-08-25
19,3578,748.13,2023-11-16
20,4895,429.12,2024-08-30
21,82,646.77,2023-07-16
22,4241,837.44,2024-07-31
23,2392,453.77,2023-04-28
24,1804,786.33,2023-05-27
25,2439,643.68,2024-03-02
26,2436,749.29,2024-08-05
27,1096,426.92,2023-05-11
28,2577,767.13,2023-04-10
29,3451,784.59,2023-10-25
30,407,826.2,2023-10-14
31,4105,893.42,2024-12-23
32,4681,566.03,2023-06-16
33,2160,420.32,2023-08-16
34,2301,822.02,2024-12-21
35,2980,607.35,2024-02-23
36,3233,480.92,2024-05-07
37,652,838.3,2023-02-13
38,738,433.68,2023-02-15
39,3160,474.41,2023-12-29
40,4048,564.01,2024-08-15
41,3910,721.76,2024-09-03
42,3831,539.27,2024-02-19
43,3774,563.59,2023-10-15
44,3103,745.95,2024-05-22
45,3090,588.06,2024-03-27
46,2094,928.53,2023-04-06
47,1801,531.63,2024-06-06
48,846,585.8,2024-08-21
49,2281,895.72,2023-08-06
50,1361,531.05,2023-05-26
51,1323,416.36,2024-12-19
52,2096,795.74,2023-07-24
53,1113,873.35,2023-10-18
54,2351,764.71,2023-05-17
55,983,533.7,2023-04-08
56,109,359.79,2024-08-08
57,4209,464.99,2024-09-27
58,352,851.98,2023-12-09
59,4115,410.15,2024-09-24
60,4593,465.14,2024-01-10
61,619,808.16,2024-02-14
62,4762,384.39,2024-09-01
63,702,672.16,2023-08-21
64,3943,597.64,2023-07-29
65,3747,695.99,2023-02-03
66,298,542.48,2024-07-05
67,1775,809.36,2023-04-04
68,140,675.75,2024-05-24
69,2933,371.53,2024-08-27
70,2719,385.35,2023-08-05
71,2650,513.43,2024-01-17
72,920,475.69,2024-03-16
73,2255,372.42,2024-12-16
74,4978,884.02,2023-06-29
75,1223,763.06,2023-02-14
76,4596,549.57,2023-11-26
77,22,915.83,2023-04-13
78,1188,825.25,2024-12-15
79,793,565.93,2024-08-10
80,2923,694.81,2024-01-13
81,4674,815.21,2023-10-02
82,575,714.55,2024-03-25
83,912,610.03,2023-12-13
84,2644,895.56,2023-08-10
85,3106,836.07,2023-05-01
86,4472,401.76,2024-10-23
87,3854,810.28,2023-07-29
88,1064,678.76,2024-11-17
89,2039,440.69,2023-12-30
90,1648,672.38,2024-02-11
91,581,875.85,2023-10-01
92,993,631.85,2023-06-09
93,579,742.6,2023-12-13
94,601,536.93,2024-07-12
95,989,874.82,2023-04-12
96,2411,888.51,2024-02-23
97,4531,649.19,2023-07-02
98,3108,419.3,2024-05-20
99,1922,636.93,2023-06-27
100,1001,574.93,2024-07-12
101,2109,560.06,2023-07-29
102,2970,545.46,2024-08-21
103,4906,588.36,2024-04-17
104,1833,402.8,2024-11-11
105,879,441.09,2023-07-27
106,611,932.15,2023-07-09
107,2543,468.72,2024-12-26
108,3123,577.74,2024-02-02
109,1050,846.9,2023-04-24
110,1650,903.25,2024-01-22
111,1461,396.96,2023-08-21
112,4854,515.59,2023-09-22
113,119,807.84,2023-01-03
114,630,853.75,2023-10-26
115,3434,786.7,2024-12-13
116,1075,355.61,2024-07-20
117,2255,707.58,2023-10-16
118,2112,910.4,2024-01-17
119,1802,721.45,2024-03-11
120,506,366.71,2023-10-31
121,4225,415.41,2023-07-26
122,1548,571.68,2023-08-05
123,2004,921.3,2024-09-28
124,2256,387.81,2024-03-29
125,2869,416.63,2023-01-31
126,27,619.02,2023-12-25
127,3167,570.51,2023-05-26
128,2754,925.16,2023-09-25
129,4184,792.77,2024-06-02
130,3489,685.15,2024-01-20
131,723,434.54,2024-11-27
132,2789,810.37,2024-05-13
133,4996,351.28,2023-12-13
134,38,637.58,2023-07-30
135,344,771.47,2024-09-02
136,507,638.74,2023-05-11
137,4634,500.08,2024-11-30
138,4333,538.26,2023-09-12
139,3169,605.65,2024-03-28
140,1588,408.69,2023-08-07
141,4931,794.24,2023-07-02
142,4253,587.92,2023-07-29
143,4464,696.41,2023-12-09
144,2522,643.63,2023-05-01
145,651,458.95,2023-10-22
146,1613,858.62,2024-01-03
147,4980,844.97,2023-07-15
148,1863,692.02,2023-06-15
149,3645,941.39,2024-06-08
150,1222,896.48,2024-06-29
151,4188,422.24,2023-12-26
152,3414,570.77,2024-10-01
153,3129,358.24,2023-02-25
154,1439,683.16,2024-04-20
155,2307,533.02,2024-04-20
156,153,580.76,2024-07-09
157,645,473.38,2023-12-12
158,4093,663.51,2023-06-12
159,4825,826.37,2023-10-02
160,2327,907.79,2023-08-26
161,2664,814.76,2024-02-20
162,4476,660.22,2023-08-09
163,4850,498.67,2023-08-17
164,3190,365.91,2024-12-17
165,1188,873.3,2023-07-21
166,4447,772.08,2023-08-24
167,899,709.74,2024-08-22
168,2423,632.15,2024-12-16
169,4115,762.47,2024-04-27
170,2283,562.93,2023-09-20
171,2949,601.78,2024-11-27
172,122,865.97,2024-11-10
173,998,739.42,2024-07-09
174,3371,652.63,2024-01-30
175,2954,699.5,2024-05-01
176,4895,845.77,2023-11-15
177,4229,418.38,2024-10-08
178,1447,713.67,2024-02-27
179,2416,543.29,2023-10-19
180,4258,850.53,2023-05-14
181,3774,647.28,2024-08-02
182,2848,712.57,2024-10-11
183,997,724.24,2024-08-24
184,2157,416.39,2023-08-21
185,3271,528.5,2024-11-26
186,3649,632.44,2024-08-15
187,791,421.62,2024-05-29
188,2322,867.71,2023-02-14
189,953,828.41,2024-04-02
190,16,683.95,2023-07-23
191,722,760.31,2024-01-22
192,904,633.07,2023-05-27
193,2891,657.2,2024-07-13
194,1094,759.62,2024-06-12
195,2118,762.56,2023-06-24
196,3623,933.73,2024-10-16
197,4154,857.69,2023-09-28
198,2959,545.58,2023-04-04
199,1440,905.76,2024-09-14
200,4632,573.54,2023-06-15
201,895,731.6,2024-11-21
202,3911,891.58,2024-10-15
203,2526,836.48,2024-01-19
204,3472,800.29,2023-08-23
205,3208,555.14,2024-05-30
206,1784,820.13,2024-04-25
207,194,531.84,2023-02-13
208,1344,465.71,2024-04-09
209,1009,743.55,2023-06-16
210,2972,363.57,2024-06-05
211,1518,416.58,2023-05-21
212,61,906.68,2023-08-13
213,3016,658.63,2023-09-04
214,3642,941.9,2024-09-26
215,2712,399.78,2024-11-29
216,3544,730.39,2024-12-20
217,2163,574.6,2023-09-28
218,257,569.62,2024-06-02
219,4640,629.54,2023-08-27
220,2976,707.21,2024-08-04
221,4202,831.92,2023-11-18
222,2934,443.94,2023-06-23
223,4918,443.52,2024-03-25
224,3954,822.03,2023-07-06
225,2990,728.42,2024-07-18
226,2323,563.08,2023-11-24
227,2576,855.23,2023-05-20
228,1293,854.91,2023-11-26
229,2412,787.22,2024-05-29
230,3705,910.02,2024-08-14
231,907,461.49,2024-05-31
232,4614,591.28,2023-09-02
233,2036,741.17,2024-11-23
234,1931,623.57,2024-10-09
235,3510,797.82,2023-05-30
236,1689,380.7,2024-10-03
237,609,614.26,2024-09-15
238,2899,929.8,2023-12-31
239,3908,826.94,2023-07-13
240,1087,707.25,2024-01-19
241,979,585.79,2024-02-28
242,1035,392.34,2023-12-23
243,3467,731.18,2024-04-29
244,2212,827.54,2024-01-21
245,1681,648.09,2024-05-18
246,418,492.06,2023-01-17
247,1742,598.29,2023-09-07
248,4232,606.48,2024-12-23
249,442,426.48,2024-10-03
250,4190,623.0,2023-04-30
251,3739,550.14,2024-05-29
252,2113,894.72,2023-01-21
253,2734,485.83,2023-03-10
254,4354,726.08,2024-02-21
255,2720,677.72,2023-07-06
256,1527,654.1,2024-10-16
257,3843,584.16,2023-05-07
258,3655,444.13,2023-10-07
259,3419,384.77,2023-09-09
260,2410,403.92,2024-01-18
261,4595,915.38,2024-07-24
262,1414,832.54,2024-04-06
263,230,854.24,2024-01-17
264,727,636.07,2024-08-26
265,4820,511.54,2024-12-10
266,4635,616.94,2023-12-13
267,124,856.98,2023-01-21
268,4947,636.04,2024-03-13
269,2191,919.16,2023-09-22
270,413,831.11,2024-12-09
271,3873,746.01,2023-03-15
272,1423,758.33,2023-08-23
273,2359,930.89,2023-04-19
274,795,544.91,2023-12-03
275,2740,459.43,2023-09-24
276,247,824.65,2024-03-25
277,4589,834.65,2023-07-08
278,441,418.13,2024-07-19
279,523,418.71,2023-01-31
280,4211,934.62,2023-08-22
281,4871,560.45,2023-04-24
282,611,811.05,2024-10-14
283,2649,731.33,2023-05-07
284,2887,832.29,2023-05-31
285,1681,507.74,2023-02-26
286,4510,688.85,2023-01-30
287,3935,820.83,2023-08-11
288,4000,864.71,2024-01-28
289,3139,834.67,2023-01-13
290,4594,875.06,2024-01-29
291,82,606.8,2023-12-18
292,491,776.92,2023-10-24
293,230,562.88,2023-04-01
294,4427,487.47,2024-07-18
295,2257,363.2,2024-12-15
296,797,745.65,2023-10-15
297,334,622.6,2023-01-21
298,2240,471.28,2024-06-12
299,4630,882.79,2023-07-16
300,2632,485.07,2024-04-10
301,1558,793.21,2023-10-25
302,3550,415.48,2024-11-16
303,2936,443.78,2023-10-25
304,658,390.03,2023-09-24
305,647,526.12,2024-07-19
306,852,433.0,2024-07-16
307,4640,429.95,2024-01-29
308,3031,673.72,2023-08-13
309,2687,917.71,2023-06-28
310,3865,493.92,2023-07-29
311,3359,822.72,2024-07-13
312,2654,594.73,2024-02-24
313,2199,545.03,2024-02-20
314,4184,727.6,2023-10-08
315,3597,380.98,2024-09-13
316,1764,876.9,2024-09-26
317,3071,644.99,2024-11-12
318,4832,607.37,2024-08-01
319,850,458.26,2024-10-09
320,2000,706.63,2023-09-16
321,2104,841.23,2024-10-25
322,4980,503.0,2023-08-11
323,41,627.74,2024-12-12
324,4531,535.36,2024-04-10
325,4115,507.34,2024-09-02
326,508,791.09,2023-06-22
327,1916,385.01,2024-04-30
328,939,877.07,2023-11-14
329,3164,844.51,2024-12-04
330,260,742.16,2024-11-22
331,1225,683.7,2023-01-14
332,615,949.12,2024-06-03
333,2048,616.75,2024-09-22
334,552,368.95,2023-03-16
335,4480,777.11,2024-07-06
336,798,767.04,2023-08-13
337,3873,666.82,2023-04-26
338,908,376.37,2024-04-15
339,27,655.19,2024-10-20
340,2193,516.29,2023-09-17
341,2092,539.56,2023-08-24
342,1099,559.47,2024-04-26
343,1097,403.63,2024-12-12
344,527,687.71,2023-12-06
345,622,924.9,2023-03-30
346,63,690.96,2024-01-06
347,1081,591.21,2024-06-21
348,1088,392.51,2023-12-16
349,2923,403.1,2024-03-20
350,1415,758.26,2023-01-12
351,2,354.13,2024-06-08
352,4442,799.21,2024-10-30
353,3863,735.29,2023-11-02
354,875,534.98,2024-04-13
355,3648,449.34,2023-07-03
356,4154,571.23,2024-03-15
357,4747,928.77,2024-12-02
358,1556,396.91,2023-10-13
359,4618,488.99,2023-10-22
360,4394,685.13,2023-02-15
361,4033,470.49,2024-04-19
362,3410,867.01,2024-12-29
363,591,704.52,2024-09-14
364,335,492.11,2024-04-27
365,3698,498.24,2023-04-10
366,77,825.82,2023-11-23
367,1583,819.53,2024-11-06
368,2609,864.83,2024-08-17
369,1797,475.05,2024-07-10
370,2570,418.59,2023-12-22
371,558,725.46,2024-08-11
372,2246,373.6,2023-01-21
373,4055,508.88,2024-03-17
374,3875,430.61,2024-08-24
375,3753,813.55,2024-06-18
376,4395,933.68,2023-04-17
377,4300,931.04,2023-05-28
378,789,803.93,2023-02-18
379,3599,576.67,2024-11-29
380,264,544.5,2024-08-14
381,2978,885.21,2024-07-02
382,3795,946.46,2023-02-16
383,2063,436.46,2023-08-17
384,3589,895.36,2024-02-21
385,4860,779.68,2024-02-21
386,3920,779.16,2023-05-15
387,3058,882.87,2024-08-24
388,3215,579.26,2024-05-12
389,63,455.61,2024-10-11
390,3847,478.83,2024-05-22
391,1041,475.58,2023-01-30
392,2956,623.44,2023-06-09
393,950,591.83,2024-03-22
394,1474,711.8,2024-11-19
395,3163,663.48,2024-12-05
396,1486,636.55,2023-09-29
397,1386,664.13,2023-03-02
398,2176,452.08,2024-07-09
399,2660,792.98,2023-10-26
400,2381,586.48,2023-01-04
401,3304,948.42,2024-06-23
402,4706,549.09,2024-06-02
403,4960,715.07,2023-09-02
404,1193,392.19,2023-03-20
405,1880,463.17,2023-02-02
406,2277,528.41,2023-04-08
407,3919,713.0,2023-08-04
408,2455,924.53,2024-06-28
409,2838,599.78,2023-12-25
410,116,519.93,2024-02-29
411,1380,504.92,2023-11-13
412,2386,948.16,2023-04-09
413,3316,909.04,2023-04-04
414,3480,784.86,2024-01-31
415,2358,856.0,2024-05-13
416,451,381.88,2023-08-15
417,1794,614.38,2023-01-17
418,2108,935.88,2024-03-27
419,2178,828.71,2023-04-30
420,1087,799.13,2023-02-10
421,3488,832.14,2024-11-20
422,3234,362.89,2024-11-21
423,4102,365.69,2024-07-02
424,2671,601.27,2023-01-07
425,1080,784.65,2024-11-13
426,4764,408.08,2024-05-24
427,428,650.48,2024-06-03
428,4113,357.0,2023-05-25
429,2257,440.22,2023-03-05
430,3911,547.7,2023-01-19
431,4600,914.28,2024-03-31
432,3785,437.53,2024-01-24
433,4904,604.22,2024-02-05
434,3646,485.42,2024-09-26
435,2582,883.94,2024-06-18
436,3575,934.27,2023-04-02
437,2661,778.72,2023-02-15
438,4336,572.96,2024-07-22
439,2643,805.32,2024-08-12
440,553,777.14,2024-12-07
441,3186,560.09,2024-03-23
442,4067,822.63,2024-08-21
443,1381,925.48,2023-05-27
444,3614,389.1,2024-09-09
445,2623,435.06,2023-04-05
446,3958,423.55,2024-03-05
447,3853,386.08,2024-08-22
448,3526,653.09,2024-12-16
449,3888,434.19,2023-01-28
450,555,813.07,2023-09-19
451,4435,741.36,2023-11-19
452,2127,627.56,2023-09-10
453,1793,430.44,2023-11-30
454,4538,404.96,2024-08-22
455,3343,475.27,2024-07-21
456,738,486.87,2023-02-06
457,2488,758.15,2023-09-05
458,3146,877.14,2024-01-16
459,3203,690.27,2024-11-15
460,2729,497.45,2024-10-20
461,4935,867.97,2023-09-03
462,63,556.16,2023-03-24
463,4416,649.78,2024-01-25
464,1355,900.91,2023-01-04
465,2300,903.5,2024-01-23
466,757,366.63,2023-03-07
467,287,610.85,2024-12-03
468,534,693.61,2024-06-03
469,558,825.78,2023-04-04
470,4336,717.42,2023-06-02
471,4702,767.72,2024-03-17
472,2657,465.79,2024-03-14
473,3154,814.14,2023-11-03
474,2922,360.4,2023-03-20
475,4534,393.03,2024-05-06
476,4581,567.85,2023-02-28
477,1862,838.7,2023-11-05
478,1662,580.87,2023-03-18
479,1449,553.62,2023-10-19
480,1361,804.73,2024-11-06
481,3172,875.01,2024-06-22
482,4940,756.0,2023-05-14
483,2553,388.03,2023-06-13
484,547,443.34,2024-10-30
485,1968,824.24,2023-08-06
486,4476,622.8,2023-01-18
487,370,759.72,2023-02-09
488,1925,739.93,2024-06-01
489,4829,616.33,2024-12-11
490,2939,918.33,2023-08-21
491,3835,795.57,2024-04-17
492,3011,611.4,2024-12-07
493,2432,736.07,2023-01-23
494,4507,704.18,2023-11-12
495,3031,432.74,2024-05-05
496,1036,931.06,2023-12-12
497,4990,944.26,2023-01-07
498,1582,647.17,2023-09-26
499,4788,529.35,2023-03-23
500,1584,937.96,2023-01-24
501,4860,657.52,2023-09-18
502,2617,566.61,2023-05-19
503,3068,544.24,2024-09-28
504,2095,835.54,2023-06-23
505,4174,554.67,2023-03-14
506,2124,404.68,2023-08-29
507,3212,791.85,2023-06-01
508,2877,878.59,2024-06-24
509,3533,864.06,2023-08-29
510,1730,790.72,2024-10-30
511,1750,356.47,2024-03-13
512,816,834.28,2024-10-05
513,1862,414.73,2023-05-07
514,2000,645.59,2023-07-31
515,3445,631.62,2024-12-05
516,444,656.98,2023-05-08
517,1731,794.76,2024-01-15
518,1442,794.03,2023-06-05
519,626,838.16,2023-03-20
520,851,659.94,2023-01-31
521,4690,679.56,2024-11-09
522,401,654.42,2024-08-21
523,4670,477.95,2023-08-13
524,1693,378.03,2024-10-30
525,518,462.95,2024-10-26
526,4954,399.47,2024-10-22
527,4976,687.36,2024-03-08
528,173,447.03,2024-06-06
529,1256,687.13,2024-02-21
530,4149,731.5,2024-07-12
531,977,509.58,2023-07-28
532,2604,903.71,2024-10-21
533,4255,602.99,2024-07-09
534,2033,879.86,2024-01-14
535,4141,780.7,2023-01-09
536,2969,937.21,2024-06-21
537,3703,641.59,2024-08-30
538,3569,650.15,2024-04-13
539,3342,683.89,2024-08-05
540,422,457.03,2023-10-18
541,3431,506.76,2023-06-12
542,1636,743.65,2024-08-11
543,4339,783.39,2024-10-10
544,3126,513.08,2023-10-07
545,232,764.34,2024-08-20
546,1522,761.83,2024-04-28
547,240,878.43,2024-08-13
548,332,834.51,2024-01-17
549,2095,940.22,2023-06-06
550,2160,682.65,2024-07-19
551,303,404.38,2024-04-19
552,3170,674.53,2024-07-17
553,1697,844.9,2023-07-14
554,4971,802.64,2023-12-10
555,3209,564.25,2024-06-05
556,3074,599.95,2024-06-21
557,874,513.89,2023-09-10
558,2222,673.27,2023-09-16
559,2789,927.91,2023-11-29
560,1980,602.83,2024-08-03
561,1543,741.15,2023-06-26
562,3413,464.04,2023-09-24
563,2823,759.42,2023-03-01
564,4152,751.73,2023-03-15
565,3883,565.62,2024-08-30
566,3095,594.79,2023-03-30
567,2387,533.54,2024-03-10
568,3187,573.9,2024-11-14
569,2197,910.61,2023-03-02
570,4298,766.19,2024-12-30
571,2871,632.36,2023-02-20
572,3960,375.95,2023-04-30
573,786,504.1,2023-01-15
574,1441,450.05,2023-08-08
575,2781,886.6,2024-08-26
576,3423,356.9,2023-12-26
577,4269,550.84,2023-12-27
578,1423,456.65,2024-08-24
579,2968,363.73,2024-11-18
580,2465,523.22,2024-03-21
581,153,831.14,2023-10-05
582,4376,658.49,2023-10-22
583,4374,744.66,2024-12-31
584,3236,781.94,2023-03-09
585,4368,415.61,2023-10-19
586,2648,613.78,2023-11-20
587,3615,591.59,2023-05-14
588,3542,740.83,2024-03-20
589,4903,768.85,2023-01-13
590,298,896.79,2024-08-17
591,3903,915.86,2023-08-28
592,388,482.45,2023-12-30
593,288,629.09,2023-10-09
594,3472,612.55,2023-09-14
595,1762,467.1,2023-01-07
596,4642,774.12,2024-04-12
597,440,542.28,2023-12-12
598,244,416.12,2024-11-19
599,1635,473.96,2023-10-25
600,1863,797.8,2024-04-26
601,1099,935.07,2024-05-13
602,2366,723.44,2024-03-08
603,1836,407.96,2024-06-02
604,2918,490.63,2023-09-21
605,166,807.92,2024-02-05
606,1018,845.73,2023-02-19
607,1003,549.01,2024-06-17
608,2621,930.33,2023-06-05
609,3123,474.54,2023-06-23
610,1705,901.94,2023-02-17
611,3645,771.62,2024-06-16
612,2757,631.81,2024-06-10
613,4490,518.79,2023-05-25
614,263,573.07,2023-10-25
615,1102,361.11,2024-12-14
616,719,404.18,2024-03-05
617,3216,874.9,2023-06-27
618,3850,448.82,2023-08-21
619,2486,377.72,2024-06-05
620,4471,405.12,2024-08-01
621,3592,836.31,2024-03-26
622,2099,414.84,2023-03-18
623,4122,763.2,2023-05-10
624,3795,397.75,2023-12-31
625,846,814.76,2023-04-23
626,4833,512.37,2023-06-23
627,4411,686.21,2023-05-24
628,3825,598.97,2023-08-13
629,2213,475.95,2024-09-02
630,2156,609.3,2024-01-16
631,3660,790.26,2024-06-28
632,4331,591.14,2024-07-04
633,1614,540.41,2023-10-14
634,3871,929.12,2024-04-22
635,2340,549.73,2023-04-24
636,2550,850.4,2024-04-02
637,1516,618.98,2024-11-21
638,3730,707.28,2023-07-26
639,1016,875.53,2024-10-28
640,4916,673.96,2024-03-28
641,608,426.83,2023-07-14
642,3474,615.93,2023-04-16
643,1188,784.41,2023-12-06
644,2905,512.21,2023-06-13
645,1798,613.36,2024-08-26
646,4847,621.07,2024-11-10
647,166,512.66,2023-04-16
648,2052,849.26,2023-12-11
649,4428,670.02,2024-02-28
650,687,479.94,2023-10-04
651,1595,440.51,2024-01-12
652,4617,801.23,2023-02-03
653,3265,495.39,2024-06-01
654,3750,621.05,2023-12-14
655,2131,781.81,2024-05-28
656,2343,372.49,2023-01-16
657,2317,439.97,2023-01-04
658,4890,696.09,2024-08-27
659,4259,660.84,2024-04-15
660,3338,775.99,2023-03-12
661,4681,593.59,2024-03-03
662,3199,762.29,2024-08-09
663,1677,843.6,2024-08-02
664,1535,646.05,2024-07-04
665,1595,583.17,2023-02-02
666,4047,698.94,2024-09-03
667,341,778.75,2024-08-03
668,3989,791.59,2024-06-30
669,4909,727.35,2023-01-17
670,4095,745.34,2024-08-13
671,4191,942.8,2024-12-17
672,1994,662.2,2023-01-14
673,886,893.08,2023-07-13
674,3309,877.59,2023-10-15
675,45,654.26,2023-07-15
676,670,715.73,2024-11-27
677,1228,779.28,2024-12-24
678,3101,506.45,2024-02-09
679,3947,521.55,2023-09-16
680,2634,596.7,2023-07-17
681,1459,436.73,2024-10-21
682,2695,363.48,2023-11-09
683,3129,629.64,2024-06-18
684,4265,847.9,2023-10-22
685,4103,873.61,2023-01-12
686,3067,696.87,2023-09-26
687,3926,522.1,2023-01-08
688,234,426.56,2024-08-06
689,1223,484.68,2023-08-15
690,3710,869.35,2023-04-07
691,2427,868.71,2024-12-25
692,2329,465.51,2024-05-30
693,4209,386.08,2023-05-06
694,2015,896.21,2024-04-17
695,1460,746.0,2024-09-14
696,1286,671.26,2023-10-31
697,261,819.47,2024-08-08
698,3302,714.15,2024-03-05
699,2593,645.02,2024-06-25
700,2758,490.22,2024-04-21
701,2580,854.93,2023-04-22
702,1441,911.2,2023-01-13
703,3972,432.29,2023-11-22
704,4673,757.76,2024-10-10
705,391,547.98,2023-01-06
706,1453,898.71,2023-06-03
707,2205,647.61,2023-02-06
708,1892,451.25,2024-12-07
709,689,492.09,2023-07-15
710,3801,670.68,2023-01-18
711,488,583.01,2023-11-13
712,85,719.65,2024-02-23
713,2276,941.32,2023-06-01
714,4689,842.58,2024-07-27
715,2967,545.97,2023-02-10
716,3595,726.38,2023-07-13
717,1436,817.98,2023-01-08
718,311,763.29,2024-06-26
719,1093,744.84,2023-11-03
720,2191,758.85,2024-08-29
721,993,481.96,2024-10-05
722,3142,856.1,2023-01-01
723,4193,572.6,2024-11-03
724,3981,382.84,2023-05-05
725,4742,463.04,2023-09-18
726,15,835.86,2024-01-27
727,2246,936.19,2024-01-19
728,894,930.99,2023-05-07
729,4172,431.89,2023-06-24
730,2356,417.61,2024-11-17
731,1353,796.97,2024-08-13
732,3054,387.04,2023-01-27
733,1042,496.83,2023-07-19
734,1295,782.74,2023-05-04
735,1781,691.45,2024-10-14
736,1113,905.81,2024-07-07
737,2578,905.87,2024-06-03
738,987,519.87,2023-07-11
739,4055,490.07,2023-02-07
740,1410,432.5,2024-12-31
741,2202,818.94,2024-09-24
742,695,585.54,2023-04-06
743,430,764.26,2023-03-28
744,4913,843.73,2024-08-17
745,2781,484.2,2023-05-26
746,753,350.04,2024-09-17
747,3928,651.44,2023-11-01
748,1468,837.84,2024-11-08
749,4426,403.28,2023-10-28
750,2022,731.56,2023-05-04
751,2496,762.61,2023-05-06
752,4678,630.99,2024-09-12
753,4402,871.3,2024-05-12
754,3331,494.93,2024-11-11
755,870,706.75,2024-11-02
756,841,414.82,2023-10-10
757,1713,788.97,2024-03-21
758,3653,949.69,2023-03-22
759,2396,415.81,2023-01-02
760,2472,754.56,2024-07-27
761,4275,432.31,2023-01-29
762,3330,507.42,2023-12-23
763,3117,921.39,2024-10-25
764,244,727.86,2024-09-22
765,4482,463.05,2023-06-30
766,4054,464.28,2024-01-12
767,1189,738.87,2024-11-15
768,4614,933.95,2024-09-16
769,3733,428.49,2024-10-15
770,1035,380.82,2024-10-14
771,2584,577.24,2024-02-26
772,3804,721.31,2023-04-07
773,3487,616.81,2023-03-15
774,1167,628.35,2024-09-23
775,2546,832.34,2024-12-23
776,156,408.15,2023-01-23
777,2853,936.34,2024-04-06
778,1070,542.71,2023-07-26
779,2033,739.17,2023-06-19
780,2536,813.39,2024-08-20
781,3725,833.5,2024-04-14
782,1620,359.81,2024-07-23
783,3485,869.98,2024-06-05
784,3872,928.47,2024-03-23
785,949,694.62,2023-03-04
786,1118,841.54,2023-05-25
787,4450,770.97,2023-10-23
788,370,510.86,2023-05-25
789,3305,800.16,2024-03-14
790,3197,821.38,2024-06-16
791,2095,541.82,2023-03-04
792,822,541.56,2024-03-18
793,1065,449.58,2024-07-07
794,2146,661.02,2024-09-29
795,147,594.48,2023-10-25
796,2723,847.19,2024-09-16
797,4452,461.5,2024-03-25
798,4500,388.99,2024-04-30
799,292,554.9,2024-03-20
800,2467,717.54,2024-04-17
801,788,856.05,2023-05-30
802,4765,424.31,2024-02-14
803,4616,657.94,2023-11-18
804,1998,483.69,2024-01-03
805,1846,465.16,2023-11-01
806,1708,362.55,2024-10-14
807,1134,600.5,2024-04-09
808,4138,655.93,2023-07-21
809,1716,420.73,2024-12-30
810,1445,895.77,2023-02-21
811,4124,554.51,2023-06-06
812,355,735.6,2024-02-14
813,2120,552.81,2024-06-20
814,80,939.31,2023-09-22
815,2093,381.08,2024-07-04
816,2935,612.27,2024-09-22
817,2987,397.38,2024-04-27
818,2106,769.33,2024-09-12
819,2832,915.86,2023-09-15
820,2431,801.41,2024-11-15
821,2465,870.11,2024-12-22
822,4615,789.2,2023-05-24
823,144,705.77,2023-10-14
824,2623,569.16,2024-09-09
825,712,459.55,2024-06-22
826,1727,393.41,2023-04-11
827,3709,883.27,2024-08-07
828,2334,907.45,2024-08-20
829,2408,892.21,2023-05-15
830,1506,853.8,2023-08-31
831,1153,724.42,2024-08-10
832,2745,750.32,2024-04-15
833,2425,443.17,2024-09-06
834,3362,794.85,2023-01-04
835,2280,719.08,2023-11-25
836,2795,363.95,2023-11-08
837,3617,668.88,2024-11-21
838,3112,776.1,2023-03-10
839,3558,468.34,2024-07-20
840,1381,653.74,2023-03-07
841,110,948.51,2023-12-11
842,4618,805.4,2023-12-23
843,838,448.49,2023-05-04
844,4129,704.64,2023-10-17
845,3123,445.54,2023-04-18
846,685,610.44,2024-01-21
847,3025,847.28,2024-01-13
848,3197,483.65,2024-10-06
849,3490,870.7,2023-01-01
850,397,910.91,2023-10-30
851,1584,471.51,2024-08-17
852,333,397.3,2024-02-10
853,2420,357.62,2024-11-13
854,2992,852.2,2023-12-04
855,3305,690.17,2023-04-04
856,2168,909.03,2024-03-29
857,1726,554.12,2023-05-30
858,4133,467.1,2024-11-26
859,3139,837.19,2024-01-13
860,3888,872.07,2023-09-26
861,832,744.03,2023-05-06
862,3469,902.2,2024-01-08
863,3410,762.48,2023-11-20
864,3794,591.2,2023-01-14
865,3256,477.58,2024-01-28
866,2930,554.19,2024-02-06
867,939,618.57,2023-03-28
868,457,603.46,2024-02-23
869,3765,692.48,2024-09-05
870,1848,719.48,2023-07-08
871,2300,884.93,2024-10-20
872,3332,907.51,2023-08-21
873,2550,520.03,2024-03-09
874,4921,900.48,2024-05-30
875,2586,400.1,2024-03-01
876,1521,777.93,2023-07-31
877,4069,709.09,2023-10-19
878,3638,618.4,2023-10-24
879,567,649.85,2023-08-09
880,1830,769.69,2024-02-29
881,458,419.46,2024-04-26
882,4406,915.86,2024-05-04
883,3139,813.5,2023-02-16
884,3013,478.83,2023-12-09
885,300,472.94,2024-07-14
886,818,606.92,2024-11-10
887,2970,902.37,2024-09-17
888,4425,726.61,2024-10-14
889,454,726.6,2024-02-07
890,894,656.75,2023-11-16
891,3130,530.91,2024-05-20
892,3084,353.73,2024-06-19
893,3039,863.47,2024-02-05
894,2506,607.46,2023-01-27
895,1669,861.17,2023-07-27
896,1385,878.84,2023-05-14
897,4403,818.05,2024-02-19
898,1464,436.19,2023-04-11
899,1162,402.31,2023-08-18
900,3360,582.37,2023-12-11
901,3566,601.27,2023-08-26
902,4976,383.52,2024-11-27
903,363,908.9,2023-06-12
904,4079,758.36,2023-06-17
905,1600,598.11,2024-12-30
906,3656,597.28,2023-09-23
907,3765,768.99,2024-02-26
908,2889,765.73,2024-04-25
909,969,600.0,2023-01-29
910,1282,444.68,2023-04-23
911,1042,840.61,2023-09-19
912,4769,773.32,2023-12-14
913,3675,454.58,2024-12-06
914,2151,706.79,2023-03-31
915,3731,608.29,2024-07-04
916,1507,603.61,2023-11-05
917,4304,731.79,2023-01-27
918,4738,707.27,2023-12-15
919,3919,657.7,2023-03-14
920,4604,496.55,2024-06-15
921,139,644.66,2023-01-13
922,1812,729.2,2023-04-29
923,2874,586.25,2024-03-03
924,3960,355.68,2023-07-17
925,2036,738.42,2024-11-16
926,330,669.68,2023-12-03
927,710,709.63,2023-07-24
928,4449,756.1,2023-02-28
929,3255,691.19,2024-12-07
930,1498,534.55,2024-09-24
931,4486,920.14,2024-01-08
932,3414,794.74,2023-03-30
933,521,375.75,2023-07-18
934,111,916.28,2024-08-25
935,3612,874.82,2024-06-24
936,3154,477.75,2024-12-10
937,232,909.94,2023-02-26
938,2430,811.88,2023-04-11
939,3185,394.63,2024-02-20
940,801,470.73,2023-01-04
941,3256,470.58,2023-10-18
942,4311,559.67,2024-08-10
943,3436,402.89,2023-01-14
944,2382,821.04,2023-01-21
945,4219,687.14,2023-01-07
946,2577,857.03,2024-05-04
947,2147,947.29,2024-11-27
948,4774,663.67,2024-12-29
949,3972,566.13,2024-12-26
950,2074,819.21,2023-02-24
951,1387,530.07,2024-08-27
952,1998,651.02,2023-03-10
953,1766,673.08,2024-09-04
954,1166,625.07,2024-12-05
955,1884,553.0,2023-10-16
956,2156,761.76,2023-12-11
957,4436,893.28,2024-09-24
958,191,555.15,2024-03-24
959,1657,741.2,2023-05-08
960,4846,797.96,2023-11-27
961,1084,587.49,2023-10-11
962,2889,825.95,2024-03-31
963,4241,452.26,2023-10-30
964,3013,790.04,2024-02-16
965,3479,486.99,2023-08-08
966,386,565.23,2023-05-22
967,4235,899.96,2024-02-26
968,1601,848.45,2024-09-24
969,4796,611.27,2023-04-02
970,3774,495.41,2023-07-23
971,4587,850.73,2024-02-10
972,4514,727.57,2024-02-08
973,4679,808.45,2023-12-08
974,3666,373.79,2024-10-09
975,492,826.0,2023-12-04
976,278,854.89,2023-09-06
977,2216,472.55,2024-03-14
978,1258,715.65,2023-07-25
979,2636,593.07,2023-05-07
980,1955,507.13,2023-07-19
981,1961,571.78,2024-04-02
982,725,814.65,2023-06-27
983,136,883.72,2023-11-27
984,3993,536.06,2023-05-12
985,565,481.52,2024-07-01
986,3481,351.56,2024-05-31
987,1532,668.45,2024-04-06
988,1091,822.79,2024-11-10
989,4188,619.43,2023-05-26
990,2067,572.03,2023-11-14
991,2682,878.43,2023-08-27
992,977,755.39,2023-02-21
993,3854,588.98,2024-08-21
994,456,636.58,2023-01-16
995,4729,581.38,2024-07-16
996,4703,611.7,2023-11-10
997,2162,486.69,2023-11-27
998,4802,811.09,2023-10-12
999,2982,921.85,2024-05-19
1000,582,593.9,2024-11-20
1001,926,914.14,2024-01-07
1002,3488,474.01,2024-02-03
1003,155,594.68,2023-03-25
1004,142,800.21,2024-11-19
1005,646,856.4,2024-12-02
1006,1341,477.83,2023-07-04
1007,1556,362.92,2024-02-13
1008,4072,445.72,2024-05-30
1009,2320,614.7,2023-02-10
1010,4445,401.81,2024-08-31
1011,347,468.64,2023-01-30
1012,1698,784.73,2023-10-06
1013,1049,376.33,2023-05-30
1014,4159,781.46,2023-12-18
1015,4320,797.5,2023-10-09
1016,1120,525.11,2024-07-21
1017,2705,838.24,2023-04-13
1018,629,745.53,2024-06-22
1019,4574,790.77,2024-08-21
1020,1311,393.78,2023-03-08
1021,2560,823.8,2024-10-10
1022,3093,647.34,2023-12-21
1023,4327,620.95,2023-07-18
1024,2166,582.03,2024-05-09
1025,3511,909.3,2024-02-13
1026,4350,427.22,2023-08-01
1027,447,945.59,2024-05-14
1028,1711,633.11,2023-09-03
1029,4138,924.41,2024-05-20
1030,2381,858.32,2023-10-03
1031,1903,654.54,2023-12-16
1032,139,664.89,2023-06-21
1033,3048,753.43,2023-02-01
1034,2315,509.39,2023-12-12
1035,2854,502.23,2024-07-25
1036,2014,570.33,2024-06-08
1037,4419,920.15,2024-10-05
1038,2081,453.17,2023-02-18
1039,4763,509.9,2024-07-10
1040,367,559.01,2023-10-16
1041,3730,855.17,2024-08-27
1042,2163,796.95,2024-08-27
1043,4187,489.43,2023-05-03
1044,4269,806.42,2024-03-11
1045,406,896.2,2023-01-30
1046,3840,570.57,2023-08-14
1047,4699,487.6,2024-12-21
1048,4833,681.48,2024-01-05
1049,3079,620.86,2024-03-09
1050,74,924.12,2024-12-22
1051,2066,458.83,2023-02-10
1052,4834,658.86,2024-09-08
1053,3369,800.14,2023-12-10
1054,2390,791.96,2024-06-22
1055,4791,884.15,2023-11-04
1056,1615,759.14,2023-08-10
1057,4210,737.21,2023-01-09
1058,3008,480.26,2024-02-25
1059,1895,501.06,2024-10-07
1060,652,911.49,2024-12-06
1061,3173,647.24,2023-02-11
1062,2111,818.42,2024-03-30
1063,4540,387.09,2024-10-07
1064,2540,500.22,2023-05-15
1065,4799,452.91,2024-06-11
1066,1527,916.61,2024-08-17
1067,882,522.2,2023-01-07
1068,4575,618.88,2023-12-01
1069,4685,453.74,2024-10-28
1070,4151,693.85,2023-04-11
1071,326,557.94,2024-05-07
1072,3186,809.68,2024-02-14
1073,4927,787.63,2024-01-25
1074,537,679.87,2023-10-14
1075,679,580.5,2024-05-25
1076,513,506.06,2024-11-08
1077,4088,890.22,2024-11-22
1078,3708,807.76,2024-11-17
1079,970,367.95,2024-02-15
1080,3370,466.41,2023-05-13
1081,3372,892.61,2023-10-11
1082,3465,480.87,2023-02-02
1083,1477,913.34,2023-12-15
1084,4038,675.7,2024-02-29
1085,2761,858.45,2023-12-10
1086,3937,680.99,2024-03-05
1087,3204,626.14,2023-08-07
1088,3495,853.27,2023-01-29
1089,1794,902.55,2023-04-09
1090,912,733.03,2023-06-20
1091,2272,542.92,2024-03-15
1092,673,564.77,2023-10-09
1093,3953,716.76,2024-06-03
1094,2445,889.37,2024-12-06
1095,830,676.89,2023-12-23
1096,544,708.83,2024-02-25
1097,4201,472.07,2023-06-12
1098,3940,795.17,2023-05-25
1099,4368,703.14,2023-03-01
1100,4187,436.28,2023-08-13
1101,3973,415.76,2024-01-18
1102,4852,601.27,2023-06-18
1103,1617,485.52,2024-09-13
1104,4175,362.19,2024-04-01
1105,2012,441.4,2024-05-17
1106,1503,427.34,2023-07-14
1107,4010,903.82,2024-07-07
1108,802,411.57,2023-05-18
1109,2818,694.01,2024-09-21
1110,3656,914.81,2024-05-30
1111,3018,392.31,2023-10-02
1112,3619,614.93,2023-05-03
1113,3145,471.54,2024-12-05
1114,2588,719.28,2023-07-23
1115,4290,380.27,2024-02-16
1116,1166,740.42,2024-04-20
1117,4190,800.6,2023-04-24
1118,766,661.08,2024-08-10
1119,537,689.6,2024-07-25
1120,1889,761.77,2023-10-15
1121,2200,372.0,2023-05-14
1122,3553,734.67,2023-02-16
1123,4202,882.15,2023-08-19
1124,2727,747.02,2024-07-09
1125,4642,628.74,2024-10-11
1126,1740,574.82,2023-11-09
1127,498,860.75,2024-06-05
1128,2581,814.98,2024-07-15
1129,2378,445.49,2023-01-02
1130,2454,716.59,2024-01-07
1131,2057,904.16,2023-07-03
1132,4127,647.22,2024-04-23
1133,2778,610.09,2023-11-20
1134,1864,800.03,2024-02-24
1135,3351,686.33,2023-03-20
1136,2555,931.66,2024-10-22
1137,1742,802.99,2023-05-14
1138,2513,839.81,2023-07-24
1139,1662,643.06,2023-07-12
1140,1419,928.21,2024-11-05
1141,2483,853.65,2024-06-16
1142,792,710.42,2023-11-03
1143,2541,521.93,2024-08-07
1144,493,810.76,2023-05-30
1145,196,662.55,2023-05-24
1146,3831,490.18,2024-09-16
1147,4765,415.49,2023-05-11
1148,763,539.4,2024-11-15
1149,4153,606.8,2023-09-21
1150,2262,776.91,2023-06-17
1151,4618,917.08,2023-03-23
1152,1375,357.56,2023-11-17
1153,1215,754.99,2024-06-06
1154,3665,366.42,2023-05-04
1155,4710,378.6,2023-06-11
1156,2343,606.02,2024-01-17
1157,1247,892.58,2023-03-09
1158,1033,872.92,2023-12-28
1159,3322,442.15,2023-10-25
1160,1794,626.67,2023-06-06
1161,4994,921.52,2023-02-08
1162,3473,601.19,2023-12-25
1163,2134,570.25,2024-02-29
1164,3446,819.53,2023-02-25
1165,1554,614.23,2023-02-19
1166,3604,378.2,2023-02-22
1167,4637,893.54,2024-01-19
1168,2991,640.15,2023-12-28
1169,1914,895.1,2024-06-25
1170,1058,940.0,2024-12-18
1171,3712,683.38,2024-12-05
1172,1687,625.36,2023-04-16
1173,3896,738.22,2023-03-15
1174,4558,560.27,2024-12-14
1175,3306,720.65,2024-12-05
1176,513,780.7,2024-04-28
1177,4477,398.53,2024-07-27
1178,3996,831.03,2024-06-01
1179,725,565.65,2024-08-26
1180,980,667.09,2024-03-15
1181,1139,491.51,2023-07-30
1182,3822,661.01,2023-02-28
1183,4125,738.72,2023-03-11
1184,4711,568.43,2023-03-22
1185,2824,864.82,2023-07-01
1186,870,355.74,2023-02-20
1187,153,505.02,2024-05-13
1188,574,823.3,2023-10-26
1189,366,610.53,2023-12-03
1190,3550,659.55,2024-08-28
1191,315,835.99,2023-07-18
1192,3639,902.86,2024-07-08
1193,3416,946.5,2023-03-06
1194,2479,603.81,2023-07-30
1195,4826,399.37,2023-05-26
1196,3768,730.03,2023-06-27
1197,1780,632.52,2024-06-02
1198,1591,617.68,2024-10-26
1199,3470,432.72,2023-08-31
1200,907,784.22,2023-10-09
1201,3865,352.48,2023-04-06
1202,1193,586.26,2023-01-19
1203,3033,879.91,2024-12-23
1204,1286,948.91,2023-05-12
1205,3301,582.62,2023-06-16
1206,1916,582.63,2023-02-23
1207,770,945.08,2023-08-26
1208,2369,434.88,2023-04-15
1209,2061,779.21,2024-05-26
1210,3582,487.52,2023-05-31
1211,4851,650.31,2023-05-15
1212,4115,415.74,2024-07-18
1213,147,471.28,2024-08-25
1214,3201,762.56,2024-07-10
1215,2702,465.26,2024-08-27
1216,566,465.12,2023-12-24
1217,4134,462.01,2024-03-14
1218,2045,648.72,2023-10-16
1219,3659,664.98,2024-06-19
1220,4338,890.76,2023-11-01
1221,2714,761.32,2023-05-08
1222,4980,662.43,2024-06-30
1223,925,784.27,2023-08-07
1224,4654,422.27,2024-05-18
1225,1218,468.61,2023-05-14
1226,4536,661.28,2024-10-20
1227,1844,721.26,2024-12-21
1228,3748,541.78,2023-04-05
1229,1667,879.07,2024-04-28
1230,406,573.47,2023-11-23
1231,2340,833.48,2023-01-28
1232,2749,763.51,2024-05-12
1233,2646,561.13,2023-07-07
1234,2417,938.1,2023-07-26
1235,3449,941.94,2024-09-26
1236,333,837.47,2023-02-05
1237,1296,784.88,2023-11-03
1238,4784,718.44,2023-05-01
1239,2273,754.68,2023-01-13
1240,3849,868.97,2024-04-28
1241,4514,625.47,2024-08-01
1242,3447,647.45,2023-12-31
1243,1669,763.08,2023-01-11
1244,5,515.57,2023-11-17
1245,2489,555.1,2024-09-13
1246,2310,433.82,2024-01-14
1247,1887,629.62,2024-04-10
1248,1701,449.71,2024-02-11
1249,4715,874.34,2023-07-25
1250,3695,438.34,2023-11-16
1251,2245,691.65,2024-05-02
1252,987,448.06,2023-06-12
1253,3094,894.71,2023-11-19
1254,599,524.06,2024-10-14
1255,1984,599.8,2023-06-16
1256,382,386.08,2023-04-09
1257,1178,944.75,2024-06-07
1258,3062,491.44,2023-11-16
1259,419,430.65,2024-05-11
1260,139,654.8,2024-08-12
1261,2906,491.65,2024-12-24
1262,4991,633.3,2024-03-21
1263,2130,371.07,2023-07-30
1264,4048,511.71,2024-08-11
1265,3212,849.99,2024-07-24
1266,1068,607.08,2023-08-16
1267,4017,578.15,2023-05-10
1268,2154,588.62,2023-01-07
1269,2711,782.09,2024-08-08
1270,4914,737.86,2023-04-25
1271,4471,894.72,2023-10-29
1272,2459,816.08,2024-09-15
1273,2335,941.93,2023-12-02
1274,312,828.39,2024-12-06
1275,2688,820.55,2023-12-08
1276,4796,513.92,2023-01-14
1277,3352,806.81,2023-09-06
1278,2705,601.9,2023-06-15
1279,3779,936.67,2024-01-30
1280,618,360.64,2024-01-06
1281,325,384.92,2024-09-05
1282,812,641.28,2023-04-18
1283,2977,496.78,2023-06-02
1284,4556,881.83,2024-04-17
1285,3957,947.33,2023-09-26
1286,50,684.8,2024-07-25
1287,4297,536.88,2024-08-14
1288,3617,568.11,2023-08-06
1289,614,820.15,2023-05-01
1290,2970,792.52,2023-10-25
1291,2641,916.68,2023-03-07
1292,3450,529.38,2023-09-07
1293,4829,667.23,2024-06-16
1294,4380,490.94,2024-04-17
1295,13,374.32,2024-04-11
1296,2066,859.07,2024-07-19
1297,4491,599.07,2023-05-21
1298,4524,762.38,2024-12-28
1299,4024,788.18,2024-05-16
1300,787,702.56,2024-07-08
1301,4480,625.9,2023-07-11
1302,1585,381.19,2024-03-25
1303,2794,766.19,2023-12-22
1304,3878,847.29,2024-02-21
1305,772,577.73,2024-07-21
1306,2066,410.17,2023-07-21
1307,54,372.21,2024-09-26
1308,1674,909.1,2023-06-18
1309,179,594.68,2024-02-16
1310,1458,362.91,2024-10-28
1311,3508,642.87,2024-09-22
1312,4107,494.24,2023-03-28
1313,4852,726.19,2024-12-31
1314,675,784.14,2023-01-30
1315,1488,864.35,2024-12-19
1316,1455,708.03,2023-07-26
1317,4186,762.29,2023-06-30
1318,3569,537.21,2024-09-02
1319,1259,849.98,2024-07-26
1320,447,488.55,2023-12-21
1321,880,726.95,2023-06-15
1322,1391,796.04,2023-11-19
1323,4311,401.09,2024-03-28
1324,3791,454.76,2024-10-22
1325,1512,556.97,2024-06-27
1326,1616,604.53,2024-03-01
1327,4352,414.25,2023-08-16
1328,143,545.23,2023-08-14
1329,1217,855.17,2023-05-22
1330,3487,379.18,2023-03-12
1331,727,673.67,2023-04-20
1332,1517,900.7,2023-09-08
1333,136,638.1,2024-06-21
1334,4312,913.02,2024-07-28
1335,502,910.62,2023-03-20
1336,1162,449.88,2023-05-20
1337,2162,725.33,2024-11-29
1338,3403,560.1,2023-05-11
1339,780,386.11,2023-02-02
1340,3629,831.58,2023-10-07
1341,2725,457.08,2023-02-18
1342,2851,772.33,2023-02-05
1343,4826,901.08,2023-03-23
1344,548,714.66,2024-04-17
1345,957,542.94,2023-01-29
1346,4184,832.1,2024-10-04
1347,1011,399.99,2024-12-11
1348,518,852.26,2023-11-27
1349,191,748.48,2023-11-07
1350,879,449.33,2023-06-15
1351,2815,385.76,2023-03-19
1352,931,935.79,2024-05-30
1353,3733,816.42,2023-12-06
1354,492,943.13,2023-07-06
1355,3239,630.52,2023-02-12
1356,1599,689.67,2024-08-26
1357,3974,497.77,2023-01-09
1358,3595,719.88,2023-04-07
1359,2329,713.09,2023-09-04
1360,4038,896.7,2023-04-21
1361,4918,405.95,2023-10-10
1362,3031,416.5,2023-05-06
1363,2096,578.86,2024-07-04
1364,4110,826.08,2023-05-04
1365,4054,540.84,2024-02-24
1366,527,375.28,2023-12-24
1367,4551,486.42,2023-10-30
1368,4420,783.68,2023-12-14
1369,4884,389.25,2023-06-13
1370,3831,551.41,2023-08-22
1371,3417,797.03,2023-11-05
1372,3875,718.47,2024-09-24
1373,459,562.38,2023-08-24
1374,1581,914.78,2024-11-07
1375,2523,635.88,2023-01-14
1376,4729,860.36,2024-05-10
1377,4511,465.95,2024-03-07
1378,1569,901.24,2024-01-22
1379,2213,856.13,2024-10-07
1380,3024,666.47,2023-12-05
1381,4146,681.58,2023-04-13
1382,4468,572.66,2024-04-06
1383,3893,400.92,2023-01-24
1384,3626,856.17,2024-01-05
1385,3870,605.74,2024-03-19
1386,1080,941.85,2024-04-17
1387,585,385.01,2024-12-27
1388,3195,412.05,2023-02-04
1389,2336,453.53,2023-02-03
1390,2048,362.58,2023-07-31
1391,2859,490.41,2024-02-04
1392,4334,436.37,2024-05-27
1393,537,543.13,2024-04-23
1394,4394,362.69,2024-04-23
1395,4599,580.48,2023-04-30
1396,3514,712.96,2023-03-05
1397,4266,540.57,2023-09-24
1398,3821,546.36,2023-03-04
1399,3595,528.53,2024-06-21
1400,815,505.11,2023-11-10
1401,1942,807.63,2023-09-26
1402,2300,596.43,2024-09-08
1403,1378,589.93,2023-06-28
1404,3393,812.84,2024-09-03
1405,2817,407.46,2024-12-14
1406,4279,414.52,2023-08-22
1407,4377,878.11,2023-08-27
1408,1546,517.58,2024-12-18
1409,2493,919.58,2023-11-23
1410,2763,891.06,2024-08-10
1411,1305,627.29,2024-04-27
1412,3719,403.41,2024-01-14
1413,4370,720.47,2024-10-24
1414,3372,420.43,2024-02-06
1415,192,385.07,2023-07-29
1416,856,419.93,2024-11-20
1417,4036,650.93,2023-03-11
1418,4432,632.93,2024-09-12
1419,3779,749.56,2024-06-21
1420,4744,449.39,2023-09-05
1421,479,694.56,2024-04-06
1422,3867,434.46,2023-11-24
1423,4541,529.28,2023-02-23
1424,4966,734.74,2024-02-29
1425,1532,730.04,2023-01-27
1426,4798,948.27,2023-10-06
1427,3345,772.87,2024-11-13
1428,3235,352.24,2023-01-02
1429,3411,660.14,2023-01-27
1430,1496,838.69,2024-01-14
1431,1282,866.99,2024-06-17
1432,4892,623.09,2024-04-16
1433,4577,508.0,2024-03-28
1434,91,507.85,2023-04-28
1435,4764,366.09,2023-10-02
1436,989,596.19,2024-11-26
1437,854,647.49,2023-05-20
1438,1564,917.11,2024-08-06
1439,3608,806.74,2023-02-02
1440,4655,857.52,2023-12-03
1441,1838,835.92,2023-07-19
1442,460,419.54,2024-08-28
1443,1313,547.83,2024-06-23
1444,3503,519.33,2023-01-21
1445,2117,666.94,2023-11-22
1446,375,452.34,2023-03-26
1447,2036,818.15,2023-10-28
1448,2218,853.29,2023-05-04
1449,2823,897.75,2024-01-02
1450,425,480.95,2024-04-29
1451,812,544.08,2024-12-25
1452,255,356.4,2023-09-20
1453,4545,658.95,2024-06-06
1454,1221,611.71,2023-05-29
1455,453,399.13,2023-02-05
1456,1184,780.49,2023-04-21
1457,2611,834.27,2024-02-19
1458,1422,378.81,2024-11-06
1459,3487,761.15,2024-08-09
1460,2990,777.35,2024-05-19
1461,2565,757.58,2023-04-17
1462,4142,609.96,2024-09-06
1463,3675,434.41,2023-01-17
1464,223,611.73,2024-09-01
1465,3820,496.81,2023-12-17
1466,4217,618.97,2024-10-20
1467,4775,506.58,2024-12-14
1468,1213,860.96,2024-11-05
1469,1725,421.67,2023-12-21
1470,888,416.06,2024-10-10
1471,4570,397.05,2024-05-20
1472,4199,468.78,2023-08-22
1473,2704,857.45,2023-03-14
1474,482,704.61,2023-07-21
1475,3358,605.18,2023-04-24
1476,3965,940.94,2024-01-05
1477,4155,936.38,2023-03-29
1478,4308,819.54,2023-09-03
1479,3813,850.43,2023-01-23
1480,3449,390.62,2024-12-20
1481,3692,396.42,2023-12-30
1482,2796,763.35,2024-04-06
1483,2820,674.5,2024-08-10
1484,1604,715.66,2024-11-17
1485,3922,924.0,2023-06-13
1486,3433,509.62,2023-03-01
1487,4481,923.96,2023-10-04
1488,2239,534.13,2023-10-09
1489,504,459.85,2024-06-13
1490,4276,550.93,2023-11-17
1491,4863,706.62,2023-03-28
1492,463,656.73,2024-04-08
1493,887,643.11,2024-03-23
1494,3096,786.66,2023-09-10
1495,2568,643.91,2023-01-02
1496,1595,846.88,2024-06-03
1497,562,673.38,2024-06-16
1498,1654,446.91,2023-01-10
1499,3832,926.99,2023-07-28
1500,4535,790.39,2024-02-07
1501,2695,882.8,2023-08-27
1502,3645,352.0,2023-05-06
1503,1083,928.52,2024-09-01
1504,4794,457.23,2024-09-15
1505,3761,738.9,2023-05-17
1506,2148,693.26,2024-03-31
1507,3339,404.05,2024-09-17
1508,1795,536.18,2024-07-01
1509,4051,634.55,2024-11-28
1510,3126,376.18,2023-08-16
1511,835,363.36,2024-10-01
1512,4369,903.62,2023-05-15
1513,2139,568.15,2023-03-23
1514,1011,898.38,2024-05-19
1515,871,676.99,2023-05-23
1516,3200,551.36,2023-07-04
1517,3736,420.16,2023-01-10
1518,3297,668.07,2024-02-24
1519,3467,855.01,2024-03-22
1520,2928,865.35,2024-01-10
1521,4438,500.11,2023-10-18
1522,1505,731.8,2024-08-16
1523,688,736.72,2023-08-09
1524,3626,510.22,2024-04-07
1525,1586,604.58,2024-01-07
1526,3400,647.43,2023-03-17
1527,1308,844.05,2024-12-20
1528,1326,529.64,2024-07-19
1529,3652,609.55,2023-11-05
1530,613,542.9,2024-04-30
1531,1116,422.72,2023-09-11
1532,536,767.29,2024-09-28
1533,681,498.53,2024-01-23
1534,4305,900.52,2024-08-28
1535,392,451.29,2024-05-28
1536,1310,696.06,2024-03-19
1537,3980,784.94,2023-07-02
1538,134,647.2,2023-03-28
1539,629,479.22,2024-01-10
1540,228,838.1,2024-12-29
1541,1864,463.35,2024-02-27
1542,4255,800.82,2024-08-27
1543,2355,841.49,2023-10-22
1544,4955,434.46,2024-07-27
1545,1685,605.83,2024-05-07
1546,2287,527.82,2023-07-12
1547,1387,924.5,2023-12-06
1548,3700,418.6,2024-08-09
1549,2706,921.34,2024-01-10
1550,2223,689.38,2024-03-21
1551,4425,501.83,2023-06-11
1552,3741,762.16,2023-02-13
1553,2135,391.42,2023-06-28
1554,4452,405.66,2024-05-26
1555,905,641.63,2024-01-30
1556,4800,704.0,2023-10-21
1557,2226,535.98,2024-10-23
1558,4596,462.89,2024-01-23
1559,1747,914.06,2023-06-27
1560,2229,645.82,2023-01-12
1561,2542,450.53,2024-11-28
1562,3044,931.18,2024-12-28
1563,2222,944.74,2024-04-25
1564,946,449.13,2023-02-07
1565,3613,489.17,2023-04-01
1566,3137,683.35,2024-07-03
1567,359,578.39,2024-07-28
1568,1485,511.98,2023-09-09
1569,4918,634.39,2024-03-24
1570,3210,766.09,2023-11-24
1571,1623,426.3,2024-09-30
1572,4652,689.91,2023-08-16
1573,4732,410.68,2024-05-06
1574,2790,714.34,2023-02-22
1575,2971,651.26,2023-11-04
1576,960,700.26,2024-10-25
1577,2539,657.64,2023-10-10
1578,3420,845.58,2024-11-30
1579,945,390.04,2024-06-25
1580,4276,352.41,2023-08-26
1581,2209,590.81,2023-02-16
1582,148,603.59,2024-03-08
1583,4932,478.84,2023-09-29
1584,4018,493.12,2023-03-16
1585,241,806.35,2024-02-10
1586,2010,648.96,2023-01-05
1587,3599,450.84,2024-07-29
1588,3049,371.97,2023-05-11
1589,1122,585.98,2024-02-14
1590,2033,534.03,2023-12-18
1591,2310,583.85,2024-09-18
1592,4157,933.89,2024-09-21
1593,167,803.18,2024-05-02
1594,2845,934.55,2023-11-13
1595,502,769.01,2023-01-09
1596,592,622.58,2024-01-06
1597,202,525.74,2024-11-12
1598,1951,545.34,2024-07-15
1599,944,523.11,2023-06-04
1600,3865,915.2,2023-01-25
1601,621,853.61,2024-01-05
1602,1964,466.14,2024-06-17
1603,4055,708.49,2023-05-19
1604,4415,493.23,2024-08-23
1605,1380,706.52,2023-06-07
1606,1973,651.33,2023-05-07
1607,659,743.55,2024-05-17
1608,2278,884.53,2023-02-16
1609,454,819.65,2023-09-16
1610,1831,802.25,2024-01-31
1611,1348,671.96,2024-10-07
1612,2069,477.18,2023-08-18
1613,3985,580.67,2024-10-08
1614,1745,541.68,2024-04-30
1615,1136,705.7,2023-10-08
1616,1193,521.44,2024-05-07
1617,1411,864.68,2023-06-11
1618,3472,521.94,2024-05-05
1619,1223,650.92,2023-09-11
1620,2007,481.57,2023-08-30
1621,1300,729.65,2023-02-15
1622,1777,458.13,2023-06-03
1623,3650,548.19,2023-04-13
1624,4087,740.26,2023-12-29
1625,4323,478.47,2024-11-29
1626,2230,752.88,2023-03-15
1627,3739,481.38,2024-09-30
1628,4156,831.07,2024-12-13
1629,686,788.5,2024-06-11
1630,684,781.0,2024-08-11
1631,1175,523.39,2024-11-06
1632,1166,517.98,2023-06-24
1633,4912,612.39,2023-08-20
1634,2919,836.33,2024-05-19
1635,3036,446.57,2024-06-09
1636,4164,486.71,2023-02-01
1637,1806,703.21,2023-09-26
1638,4483,371.65,2023-01-28
1639,4966,455.72,2023-08-25
1640,3339,615.62,2024-06-30
1641,3013,848.24,2023-10-10
1642,2864,556.18,2024-08-31
1643,2554,520.47,2023-11-10
1644,1155,821.04,2024-09-06
1645,3796,902.85,2024-05-15
1646,1203,607.02,2023-07-12
1647,1341,825.28,2023-07-29
1648,2079,669.79,2023-07-27
1649,3975,754.05,2024-01-16
1650,3666,732.75,2023-08-13
1651,4036,674.82,2023-04-05
1652,1900,931.47,2023-07-20
1653,626,414.26,2024-02-03
1654,2703,479.35,2023-05-29
1655,3442,501.36,2024-01-26
1656,3099,616.89,2023-12-27
1657,3631,370.95,2024-05-04
1658,878,842.65,2024-05-05
1659,767,567.02,2024-10-23
1660,712,741.34,2023-08-17
1661,1885,823.56,2023-08-20
1662,1904,569.63,2023-06-20
1663,3047,552.06,2023-05-06
1664,1687,551.14,2024-07-18
1665,2500,417.95,2023-02-26
1666,1989,787.22,2023-03-27
1667,640,887.21,2024-03-27
1668,1578,843.07,2023-05-23
1669,194,910.88,2024-10-12
1670,1050,429.38,2023-03-27
1671,3729,487.11,2024-07-07
1672,1434,860.01,2024-10-07
1673,3524,814.8,2023-02-10
1674,3251,673.37,2024-10-06
1675,4558,767.43,2024-10-20
1676,3391,602.72,2023-01-01
1677,3938,359.9,2024-09-29
1678,3385,834.01,2024-07-10
1679,4423,594.53,2023-08-22
1680,4874,799.45,2024-06-05
1681,3712,537.65,2024-03-15
1682,4594,918.09,2024-08-12
1683,1385,724.99,2023-12-06
1684,4704,818.81,2023-03-24
1685,708,932.1,2023-05-12
1686,4305,533.12,2024-10-27
1687,1701,665.61,2023-07-14
1688,2621,358.53,2024-08-05
1689,2006,437.83,2024-03-29
1690,3024,464.23,2024-09-24
1691,3184,713.96,2024-05-27
1692,3247,464.67,2024-12-04
1693,1029,383.11,2023-03-25
1694,1987,785.44,2023-01-14
1695,3247,852.13,2023-07-21
1696,1652,453.0,2024-09-06
1697,3212,898.13,2024-09-15
1698,580,845.34,2024-11-08
1699,4572,576.36,2023-11-13
1700,909,938.48,2023-12-14
1701,764,946.79,2024-01-30
1702,2404,847.34,2024-11-15
1703,2066,904.62,2023-12-08
1704,4957,874.97,2023-07-16
1705,3403,816.19,2024-09-01
1706,3870,686.87,2024-03-18
1707,4790,361.28,2024-06-23
1708,122,352.14,2024-04-11
1709,26,469.47,2023-06-14
1710,3410,374.04,2023-01-14
1711,4328,652.38,2024-06-28
1712,2508,865.3,2024-11-06
1713,1555,897.6,2023-03-24
1714,1649,766.51,2023-10-01
1715,3765,497.1,2023-01-22
1716,2992,477.6,2024-06-14
1717,4334,737.21,2024-09-06
1718,1816,410.51,2023-06-14
1719,67,536.62,2023-10-06
1720,1322,651.73,2023-05-29
1721,1952,792.58,2023-05-08
1722,3534,369.95,2023-03-29
1723,171,748.28,2024-09-28
1724,4031,438.97,2024-07-26
1725,1695,777.45,2023-06-25
1726,562,425.84,2024-10-17
1727,775,373.53,2024-01-06
1728,816,353.41,2024-02-29
1729,386,860.81,2024-09-05
1730,4016,834.71,2023-11-06
1731,4616,639.29,2023-01-27
1732,2307,912.94,2024-10-17
1733,1266,769.78,2024-08-18
1734,3585,753.92,2024-04-13
1735,3321,856.31,2024-03-12
1736,1975,411.53,2023-02-03
1737,414,712.06,2023-11-14
1738,2737,470.68,2024-09-03
1739,2282,433.77,2023-08-08
1740,3143,546.22,2023-09-02
1741,1348,633.71,2023-09-22
1742,3946,815.34,2023-07-02
1743,2836,357.78,2024-01-23
1744,1249,467.63,2023-05-11
1745,3755,896.09,2024-01-17
1746,324,698.94,2023-10-07
1747,2529,840.73,2023-09-23
1748,4216,483.28,2024-05-22
1749,2347,798.21,2023-08-08
1750,3402,355.45,2023-03-17
1751,3263,399.03,2024-06-08
1752,3887,917.67,2024-12-29
1753,3142,484.1,2023-02-01
1754,3973,470.06,2023-06-16
1755,1246,854.44,2024-11-04
1756,2590,638.63,2024-07-12
1757,2141,668.38,2024-02-17
1758,1709,709.83,2024-03-30
1759,268,411.35,2023-08-05
1760,4206,718.77,2024-07-12
1761,835,353.54,2024-08-05
1762,2633,844.19,2024-07-22
1763,4257,425.91,2024-11-19
1764,1710,909.41,2023-08-26
1765,2759,667.87,2023-05-20
1766,1756,514.14,2023-05-26
1767,1076,486.62,2023-10-26
1768,1075,436.5,2023-11-06
1769,624,360.0,2023-09-22
1770,2251,921.82,2023-05-25
1771,1576,886.44,2024-01-07
1772,3122,843.48,2023-12-12
1773,3588,621.2,2023-01-13
1774,3309,414.82,2024-10-15
1775,1240,564.3,2023-05-08
1776,3982,504.85,2023-11-06
1777,1413,424.83,2024-07-08
1778,2550,490.7,2024-09-23
1779,4396,849.62,2024-07-30
1780,1638,768.85,2024-08-03
1781,219,499.36,2023-04-13
1782,3566,712.8,2023-09-25
1783,3194,609.16,2024-06-13
1784,86,809.38,2023-06-03
1785,3215,748.94,2024-07-22
1786,3896,525.18,2024-07-26
1787,2831,416.57,2024-10-03
1788,842,617.24,2024-03-10
1789,3499,418.72,2023-10-15
1790,4028,924.03,2024-12-01
1791,3078,902.65,2024-07-18
1792,2671,821.29,2024-08-22
1793,3737,576.83,2023-11-06
1794,3505,688.16,2024-03-19
1795,3012,708.82,2024-10-15
1796,329,459.79,2023-06-13
1797,3876,855.01,2024-04-10
1798,2437,596.35,2023-10-12
1799,4463,459.97,2023-10-25
1800,2568,630.69,2023-09-07
1801,2413,526.95,2024-04-08
1802,4576,948.42,2023-02-11
1803,392,415.45,2024-05-17
1804,3166,657.03,2024-01-06
1805,1305,932.37,2024-11-21
1806,4279,396.4,2024-05-11
1807,1058,755.18,2023-06-27
1808,379,919.1,2024-03-05
1809,3004,486.38,2023-11-17
1810,1298,389.9,2024-05-19
1811,507,938.32,2024-05-01
1812,1102,576.79,2024-05-21
1813,3724,693.4,2023-07-17
1814,358,834.24,2023-02-18
1815,1189,782.88,2023-02-20
1816,1576,373.1,2023-07-15
1817,1645,379.25,2024-05-12
1818,3799,688.73,2023-01-19
1819,229,732.04,2023-05-14
1820,729,854.09,2023-07-19
1821,1479,497.68,2024-07-10
1822,2531,387.4,2024-08-06
1823,2776,572.3,2023-01-11
1824,3517,850.25,2024-05-12
1825,1006,684.3,2023-02-22
1826,3148,469.92,2024-09-02
1827,4379,569.76,2023-10-10
1828,4451,382.31,2024-02-03
1829,3687,885.47,2024-01-26
1830,2220,773.62,2024-03-19
1831,1149,731.83,2024-12-01
1832,270,749.14,2024-12-30
1833,3456,543.55,2024-02-13
1834,2852,401.23,2024-02-15
1835,2616,872.05,2023-09-14
1836,3904,854.75,2024-05-09
1837,305,513.54,2024-10-27
1838,530,821.59,2023-05-03
1839,2977,436.67,2024-07-22
1840,3686,613.1,2024-06-25
1841,4037,828.58,2023-01-28
1842,52,690.49,2023-12-16
1843,2221,897.36,2023-02-27
1844,3333,732.26,2023-07-30
1845,2790,725.3,2024-02-13
1846,1968,750.97,2024-06-11
1847,960,461.71,2023-11-28
1848,2434,917.52,2023-07-18
1849,1755,608.1,2024-02-07
1850,1267,353.42,2024-05-20
1851,3383,383.67,2024-10-15
1852,320,727.98,2023-02-02
1853,3651,497.89,2023-09-01
1854,3241,601.56,2024-07-03
1855,356,495.16,2024-03-20
1856,4989,735.64,2024-03-21
1857,134,619.3,2024-09-12
1858,116,511.14,2024-01-29
1859,3536,363.08,2023-12-11
1860,2747,705.04,2023-08-31
1861,531,700.35,2023-10-13
1862,4700,938.25,2023-10-08
1863,2198,717.94,2024-09-14
1864,554,741.8,2024-02-03
1865,700,568.39,2023-02-14
1866,1530,824.2,2024-03-25
1867,4994,769.26,2023-06-05
1868,3413,743.59,2023-05-23
1869,2658,551.79,2023-12-08
1870,3650,882.94,2023-04-20
1871,2138,781.44,2024-10-10
1872,357,662.8,2024-09-19
1873,313,610.32,2023-01-26
1874,1902,599.35,2023-09-30
1875,109,699.26,2023-04-01
1876,3119,876.3,2023-03-22
1877,3409,689.45,2023-05-07
1878,2011,907.36,2023-07-22
1879,2036,576.62,2023-10-26
1880,2645,826.3,2023-06-26
1881,4376,368.63,2024-11-12
1882,1799,463.32,2024-01-31
1883,2112,516.42,2024-01-19
1884,4184,407.19,2023-11-06
1885,4793,934.17,2024-03-01
1886,786,824.4,2023-06-11
1887,4132,596.06,2023-04-27
1888,2686,935.82,2024-09-18
1889,896,566.99,2024-04-22
1890,2472,740.94,2023-01-19
1891,3988,764.61,2024-08-24
1892,2067,692.69,2024-03-25
1893,240,604.15,2024-11-16
1894,4446,936.44,2023-04-12
1895,1141,556.39,2023-03-05
1896,3219,368.39,2024-12-13
1897,4350,783.09,2023-06-01
1898,2176,897.75,2024-08-21
1899,3588,390.16,2024-05-02
1900,422,944.82,2024-05-14
1901,2863,715.23,2023-12-04
1902,270,937.83,2023-01-19
1903,155,459.54,2023-04-26
1904,4663,796.93,2024-09-27
1905,3652,900.95,2024-12-11
1906,3453,532.06,2024-10-22
1907,3645,354.2,2023-11-14
1908,4562,595.78,2023-01-30
1909,673,592.11,2024-02-12
1910,569,435.02,2024-03-22
1911,3373,430.7,2024-02-27
1912,4768,558.09,2023-05-25
1913,3045,389.88,2023-05-19
1914,4112,784.92,2023-01-31
1915,1434,579.2,2023-04-22
1916,2252,457.43,2023-06-05
1917,4308,902.73,2024-11-09
1918,2396,649.48,2024-01-29
1919,4801,642.01,2023-12-19
1920,1003,476.28,2024-06-24
1921,604,714.21,2024-07-06
1922,180,734.82,2023-09-30
1923,3082,489.18,2023-12-11
1924,4508,926.7,2023-02-13
1925,1099,909.46,2024-04-05
1926,1123,716.26,2024-04-02
1927,834,509.97,2023-04-19
1928,1098,415.54,2023-07-04
1929,4998,374.4,2023-12-21
1930,4277,651.29,2024-05-30
1931,2387,390.49,2023-07-20
1932,3202,729.94,2023-06-22
1933,3073,728.1,2024-12-14
1934,1724,404.49,2023-08-15
1935,2470,701.08,2024-03-10
1936,226,629.69,2023-03-12
1937,4185,446.06,2023-12-12
1938,1049,415.08,2024-08-26
1939,1935,676.46,2023-12-17
1940,1342,430.36,2024-09-22
1941,1788,422.98,2023-03-09
1942,2549,910.99,2023-08-19
1943,650,397.59,2023-11-15
1944,3958,840.62,2024-08-18
1945,3704,727.95,2023-01-09
1946,2111,872.79,2024-10-03
1947,4682,810.94,2024-11-09
1948,4180,914.62,2023-08-22
1949,641,824.3,2024-12-28
1950,1425,360.38,2024-11-07
1951,292,538.49,2023-08-24
1952,4773,555.24,2023-11-14
1953,2003,804.45,2023-06-20
1954,4214,516.13,2024-10-21
1955,628,907.58,2024-09-03
1956,4618,475.42,2024-04-14
1957,4276,902.45,2023-10-04
1958,1654,396.02,2024-03-24
1959,2398,693.14,2023-03-24
1960,2153,927.76,2024-06-24
1961,3696,598.73,2023-10-15
1962,1464,615.11,2023-01-05
1963,51,700.97,2023-02-23
1964,831,669.89,2024-05-12
1965,499,879.3,2024-03-04
1966,4903,797.46,2024-07-11
1967,1615,438.66,2024-08-07
1968,1211,838.26,2023-02-27
1969,653,419.05,2023-06-26
1970,4177,908.58,2023-03-31
1971,3404,674.41,2023-02-05
1972,3804,495.14,2023-06-25
1973,4249,412.81,2024-08-11
1974,3799,879.82,2024-10-02
1975,263,622.77,2023-06-03
1976,608,652.15,2024-07-23
1977,152,608.51,2023-12-25
1978,458,748.35,2024-03-11
1979,2963,880.42,2023-08-27
1980,2291,935.2,2023-01-24
1981,412,828.83,2024-03-21
1982,4040,399.57,2023-03-12
1983,3725,430.88,2024-04-13
1984,3646,540.51,2024-11-22
1985,4639,907.55,2023-09-23
1986,1721,757.46,2024-12-16
1987,3505,406.39,2023-03-17
1988,4423,594.3,2024-06-13
1989,909,880.23,2023-06-26
1990,947,654.23,2024-08-13
1991,1477,689.95,2023-09-05
1992,423,910.91,2023-10-30
1993,2249,713.75,2023-06-10
1994,4767,509.92,2024-07-18
1995,3836,590.61,2023-04-15
1996,3340,843.32,2023-05-08
1997,955,671.29,2024-04-19
1998,298,797.65,2023-04-06
1999,167,858.05,2023-06-10
2000,491,908.29,2024-05-01
2001,1892,615.86,2024-12-16
2002,3578,590.99,2024-01-03
2003,3878,884.77,2024-09-15
2004,2753,941.12,2023-12-06
2005,3953,449.08,2023-02-13
2006,1564,509.2,2024-10-30
2007,1882,677.84,2023-11-18
2008,589,628.38,2024-05-23
2009,1885,739.2,2023-06-02
2010,3974,452.19,2024-08-26
2011,233,588.99,2023-07-15
2012,2821,717.47,2023-08-13
2013,992,443.87,2023-05-01
2014,2948,394.57,2023-02-17
2015,249,713.44,2024-09-10
2016,887,454.8,2024-08-26
2017,4318,459.04,2023-10-07
2018,4283,906.01,2024-03-18
2019,770,480.8,2023-03-27
2020,795,350.06,2023-12-01
2021,4259,365.76,2024-04-21
2022,701,384.0,2024-08-27
2023,756,449.65,2024-12-03
2024,2079,780.77,2024-11-19
2025,4755,487.74,2024-05-02
2026,4980,565.99,2024-01-21
2027,1850,663.02,2023-11-06
2028,2640,499.92,2023-10-10
2029,3203,678.1,2023-04-27
2030,3419,580.56,2023-07-16
2031,388,355.43,2024-03-30
2032,1910,584.57,2024-04-21
2033,2819,637.04,2023-02-06
2034,4245,391.86,2023-03-07
2035,4409,847.3,2024-12-27
2036,101,914.31,2024-04-11
2037,4056,876.96,2024-07-07
2038,1855,478.53,2024-03-13
2039,4313,461.05,2023-03-07
2040,2382,765.65,2023-11-07
2041,3249,508.56,2023-12-30
2042,2986,618.93,2023-08-16
2043,546,386.96,2023-02-14
2044,1114,944.87,2024-03-14
2045,4577,715.45,2024-03-30
2046,2539,858.96,2023-07-07
2047,3887,541.46,2023-03-14
2048,2240,664.03,2023-03-06
2049,1442,949.57,2023-12-25
2050,1077,721.86,2024-11-26
2051,3322,557.06,2024-09-15
2052,4060,690.49,2023-10-10
2053,3699,500.9,2023-03-09
2054,2735,680.79,2024-02-27
2055,3417,665.81,2023-10-17
2056,4733,839.76,2024-03-31
2057,1309,566.42,2023-12-05
2058,1387,873.18,2023-07-13
2059,1221,514.63,2023-05-22
2060,1543,369.41,2024-06-17
2061,4783,892.6,2023-03-16
2062,1118,447.26,2024-08-17
2063,2311,466.74,2024-03-26
2064,862,932.26,2023-11-17
2065,297,414.23,2023-06-02
2066,2023,692.95,2023-04-29
2067,2529,747.75,2024-11-19
2068,4829,383.66,2024-08-05
2069,2480,374.28,2024-03-28
2070,3956,845.42,2023-09-24
2071,800,690.38,2024-06-05
2072,1660,434.29,2024-08-02
2073,3032,840.92,2023-04-25
2074,50,704.34,2024-03-12
2075,3699,368.51,2023-07-01
2076,2426,723.75,2023-03-17
2077,3393,696.65,2024-09-15
2078,1829,826.81,2024-04-13
2079,4566,810.48,2024-04-19
2080,3394,435.82,2024-04-28
2081,2236,797.49,2024-02-03
2082,3613,714.08,2023-01-03
2083,3784,438.14,2024-05-12
2084,4544,455.36,2024-10-25
2085,4800,770.44,2023-05-20
2086,3963,712.22,2023-01-29
2087,456,592.63,2024-06-09
2088,2073,919.79,2024-02-07
2089,2381,456.62,2024-05-26
2090,2032,530.62,2024-11-08
2091,3622,909.72,2023-07-15
2092,2993,657.75,2024-04-15
2093,1581,408.28,2023-03-29
2094,1763,569.48,2024-09-18
2095,1478,538.1,2024-01-27
2096,3849,514.47,2024-02-22
2097,2383,537.38,2023-08-18
2098,983,473.3,2024-07-03
2099,905,873.99,2024-01-18
2100,3164,396.66,2024-03-06
2101,4097,461.39,2023-08-30
2102,1191,723.63,2023-02-05
2103,2391,938.47,2023-01-04
2104,4239,932.59,2024-01-31
2105,3622,934.9,2023-02-04
2106,3852,429.97,2024-06-25
2107,376,804.82,2023-04-22
2108,4209,636.63,2024-09-28
2109,4956,639.94,2024-05-14
2110,4956,901.32,2024-07-07
2111,2082,684.17,2023-11-23
2112,1309,644.14,2024-12-14
2113,869,393.4,2023-06-16
2114,4042,542.92,2023-01-15
2115,3816,730.55,2023-07-29
2116,3487,399.69,2023-09-02
2117,1535,371.31,2023-02-28
2118,3259,854.74,2023-06-16
2119,1399,466.38,2023-06-26
2120,4149,938.87,2024-10-19
2121,4764,833.94,2024-04-12
2122,4613,723.8,2023-03-23
2123,856,823.59,2023-08-06
2124,216,634.91,2024-03-06
2125,3175,404.03,2024-09-05
2126,3318,624.54,2023-04-23
2127,4739,613.78,2024-03-17
2128,4866,613.0,2023-03-10
2129,3120,453.9,2024-01-24
2130,4012,406.75,2023-10-05
2131,526,610.14,2024-07-12
2132,1424,594.2,2024-12-07
2133,2979,698.35,2023-02-12
2134,446,617.11,2023-06-15
2135,910,949.15,2023-05-22
2136,3704,393.91,2023-05-24
2137,698,836.95,2023-05-07
2138,3639,883.76,2023-01-20
2139,4971,856.24,2023-06-07
2140,3758,481.38,2024-03-15
2141,3891,472.01,2023-09-16
2142,4649,722.62,2024-07-21
2143,2121,436.72,2024-05-14
2144,4257,598.49,2023-04-05
2145,3666,650.13,2023-10-14
2146,77,544.43,2024-07-08
2147,2856,904.94,2024-10-27
2148,926,426.83,2024-02-22
2149,868,425.99,2024-01-22
2150,4198,840.1,2023-09-12
2151,3850,357.58,2023-10-04
2152,2181,721.17,2024-05-29
2153,3738,640.42,2024-12-18
2154,3007,665.82,2024-09-14
2155,1029,805.61,2024-05-19
2156,4545,828.84,2023-05-29
2157,2929,707.55,2023-08-28
2158,1761,780.85,2024-07-30
2159,4611,396.02,2024-05-18
2160,4737,478.36,2024-05-28
2161,3446,893.63,2023-09-30
2162,1301,420.55,2023-03-11
2163,661,895.8,2023-05-17
2164,3202,389.93,2023-01-08
2165,4815,789.28,2023-05-19
2166,4321,777.07,2024-05-05
2167,3991,539.16,2024-11-05
2168,2879,464.67,2024-08-03
2169,4592,771.71,2024-05-17
2170,3506,779.2,2024-10-05
2171,3827,486.98,2023-06-10
2172,3454,802.6,2023-11-11
2173,1327,611.4,2024-03-01
2174,3688,615.58,2023-01-29
2175,713,507.27,2023-05-17
2176,1656,554.18,2023-05-21
2177,3980,755.06,2024-11-21
2178,2194,493.61,2023-02-08
2179,3750,393.44,2024-02-20
2180,1162,810.43,2024-05-11
2181,3284,611.6,2024-05-07
2182,4330,778.23,2024-12-14
2183,2520,663.04,2023-01-29
2184,2584,580.34,2023-05-01
2185,1880,397.77,2023-01-24
2186,3284,591.1,2023-02-15
2187,1258,717.75,2024-05-22
2188,1176,719.2,2023-12-08
2189,964,471.38,2023-12-30
2190,3365,353.84,2024-08-29
2191,427,395.7,2023-09-24
2192,4263,358.5,2024-07-21
2193,588,385.13,2024-03-15
2194,2775,869.29,2024-01-09
2195,11,926.7,2024-10-18
2196,3271,852.68,2024-11-29
2197,1206,607.98,2023-08-21
2198,3890,543.42,2023-12-10
2199,2408,475.73,2023-07-09
2200,3436,356.04,2023-06-12
2201,3947,686.06,2024-02-03
2202,1494,519.94,2023-02-26
2203,3077,890.58,2024-06-13
2204,1677,920.89,2023-12-10
2205,4875,799.5,2023-09-23
2206,2921,665.2,2024-12-15
2207,446,828.41,2023-08-07
2208,150,632.63,2023-03-08
2209,353,799.81,2024-01-21
2210,2505,374.9,2023-01-23
2211,3381,620.11,2023-11-09
2212,869,573.65,2024-01-30
2213,4057,716.26,2024-11-20
2214,1075,522.14,2023-01-24
2215,4398,647.26,2023-10-07
2216,816,539.64,2024-11-02
2217,3030,943.35,2023-01-18
2218,3718,549.19,2024-02-29
2219,2120,533.7,2024-01-21
2220,2029,869.3,2024-08-09
2221,1497,407.51,2024-07-22
2222,984,692.06,2023-11-15
2223,1362,858.86,2023-03-05
2224,2316,809.81,2024-02-15
2225,2997,524.51,2023-11-28
2226,650,704.49,2023-03-18
2227,3492,380.18,2024-10-17
2228,1451,775.06,2023-06-05
2229,3499,758.76,2023-12-05
2230,3457,645.78,2024-09-02
2231,1285,601.96,2023-05-18
2232,2477,487.61,2023-10-12
2233,797,884.01,2024-07-10
2234,533,859.49,2024-06-19
2235,348,672.31,2024-12-22
2236,3189,566.34,2024-10-27
2237,4575,579.18,2023-11-02
2238,3338,717.77,2024-11-03
2239,955,765.21,2024-08-19
2240,1822,840.92,2024-01-26
2241,4410,628.6,2024-01-07
2242,3924,515.16,2023-04-03
2243,1397,894.13,2024-06-04
2244,3879,607.2,2023-01-13
2245,2054,510.21,2024-04-30
2246,582,673.29,2024-08-01
2247,2430,745.65,2023-08-21
2248,4938,381.09,2023-02-07
2249,4423,381.37,2024-02-22
2250,1152,777.83,2024-06-17
2251,1897,540.45,2024-12-18
2252,2684,730.62,2023-04-14
2253,2308,460.42,2023-02-02
2254,4807,480.74,2023-03-27
2255,4880,399.93,2023-07-07
2256,524,440.36,2024-11-02
2257,4775,839.43,2023-08-23
2258,2745,478.66,2023-05-18
2259,2361,421.57,2024-03-10
2260,3396,591.89,2023-07-02
2261,372,605.44,2023-12-01
2262,3212,597.45,2023-02-14
2263,29,774.82,2024-06-11
2264,4490,548.74,2023-11-08
2265,563,391.92,2023-03-20
2266,975,731.81,2023-01-30
2267,737,565.25,2023-06-08
2268,3079,876.55,2023-12-10
2269,3027,873.54,2023-09-18
2270,1240,628.22,2024-12-08
2271,3654,752.37,2023-04-04
2272,2237,388.77,2023-02-23
2273,2553,900.44,2023-05-20
2274,4272,671.67,2024-02-21
2275,2378,788.67,2024-06-03
2276,4186,362.83,2024-09-25
2277,208,774.7,2023-09-16
2278,2625,443.74,2023-01-29
2279,2748,772.15,2023-04-22
2280,4112,925.17,2023-10-28
2281,3150,515.92,2023-04-07
2282,1655,641.76,2024-07-26
2283,880,413.3,2023-06-21
2284,1712,396.61,2023-09-26
2285,4576,669.94,2023-08-23
2286,3403,603.95,2023-02-03
2287,1436,715.0,2024-01-12
2288,2195,902.52,2023-12-18
2289,4618,772.31,2024-10-10
2290,4886,618.34,2023-07-08
2291,3375,558.0,2024-05-15
2292,312,843.96,2023-12-21
2293,3363,433.71,2024-12-17
2294,2374,520.25,2023-07-17
2295,1197,723.03,2023-02-03
2296,4434,402.85,2023-04-06
2297,3491,376.03,2024-09-01
2298,3367,456.8,2024-12-03
2299,2017,689.23,2023-12-01
2300,3553,404.87,2024-01-27
2301,763,544.55,2023-04-15
2302,70,891.62,2023-01-08
2303,1668,647.41,2024-10-04
2304,4685,761.61,2023-05-08
2305,1231,947.04,2024-09-26
2306,3436,907.13,2024-06-08
2307,3165,371.83,2024-12-11
2308,4065,630.06,2024-12-01
2309,2687,618.35,2023-04-06
2310,2965,567.27,2023-12-05
2311,3160,432.95,2024-12-07
2312,1544,695.13,2023-10-18
2313,4070,599.63,2024-02-23
2314,516,792.01,2023-12-12
2315,3741,656.14,2024-01-19
2316,57,697.73,2023-05-03
2317,4935,785.86,2023-01-30
2318,4805,537.72,2024-09-25
2319,501,564.96,2023-01-19
2320,1763,842.85,2024-02-04
2321,3325,808.52,2023-05-18
2322,2787,789.92,2023-02-26
2323,1908,408.2,2023-09-12
2324,207,655.51,2023-02-04
2325,1957,486.14,2023-06-16
2326,2264,596.17,2024-05-06
2327,3432,748.71,2024-03-06
2328,4536,741.57,2024-04-01
2329,44,604.95,2023-10-28
2330,736,383.98,2023-02-24
2331,544,354.61,2024-11-02
2332,1279,888.14,2024-09-20
2333,3555,647.29,2023-06-30
2334,2325,811.94,2024-06-23
2335,2775,560.77,2023-12-16
2336,3671,371.54,2023-07-27
2337,2116,471.81,2023-10-17
2338,4698,405.66,2023-03-20
2339,410,381.71,2024-10-30
2340,2808,840.01,2024-10-02
2341,335,550.73,2024-06-30
2342,1860,741.49,2024-10-25
2343,2524,852.54,2023-10-15
2344,2002,725.49,2023-10-19
2345,4020,574.93,2024-03-15
2346,1705,591.34,2024-07-25
2347,2762,475.17,2024-09-30
2348,1508,654.37,2023-07-29
2349,3079,910.94,2024-10-29
2350,1905,501.07,2024-11-21
2351,656,932.75,2024-01-08
2352,1122,563.64,2023-10-03
2353,831,739.91,2023-12-29
2354,404,608.89,2023-10-31
2355,1733,773.56,2023-01-27
2356,2829,526.97,2024-02-18
2357,4670,605.44,2023-04-13
2358,2261,656.76,2024-01-30
2359,4572,455.87,2023-05-25
2360,2778,593.83,2023-09-10
2361,2030,372.15,2024-08-18
2362,1212,884.96,2023-06-08
2363,2282,866.8,2023-03-16
2364,749,634.49,2023-05-02
2365,3012,561.18,2023-07-16
2366,3515,913.62,2023-09-05
2367,923,774.62,2023-10-25
2368,1285,821.35,2023-04-17
2369,2804,429.32,2024-12-12
2370,4754,903.13,2023-06-12
2371,3551,797.46,2023-09-01
2372,3440,354.29,2024-08-24
2373,4058,373.66,2023-07-14
2374,3039,568.37,2023-08-27
2375,768,364.11,2023-09-04
2376,4658,673.13,2024-07-08
2377,4263,913.05,2024-03-15
2378,1594,549.75,2023-10-30
2379,823,434.42,2023-01-10
2380,3870,870.8,2024-01-23
2381,3681,531.03,2023-09-13
2382,3814,919.05,2024-05-16
2383,296,714.47,2023-09-17
2384,1275,432.02,2024-02-28
2385,1708,654.96,2024-01-08
2386,557,610.81,2023-07-23
2387,897,442.62,2024-09-25
2388,666,529.94,2023-05-16
2389,1572,674.65,2023-03-22
2390,2554,548.88,2023-10-10
2391,465,496.91,2024-05-03
2392,2227,411.59,2023-09-18
2393,3549,500.72,2023-06-08
2394,2982,571.88,2023-05-23
2395,1118,649.62,2024-09-30
2396,1502,934.92,2023-01-10
2397,3853,531.58,2023-03-22
2398,865,526.16,2024-06-14
2399,3153,448.16,2024-11-16
2400,3989,654.95,2023-07-13
2401,1075,732.55,2023-10-20
2402,2648,465.46,2023-04-29
2403,1356,808.41,2023-05-08
2404,3556,610.34,2023-02-28
2405,2208,767.87,2024-12-05
2406,225,792.81,2024-07-24
2407,4788,894.94,2024-03-09
2408,4441,790.48,2023-02-12
2409,543,632.04,2023-03-19
2410,3012,766.43,2024-06-29
2411,2165,737.78,2024-04-22
2412,2319,505.39,2023-02-12
2413,509,386.25,2023-09-17
2414,2047,735.4,2024-11-17
2415,1326,426.23,2024-12-30
2416,3420,529.49,2023-07-10
2417,1816,443.32,2023-06-19
2418,2434,730.58,2024-12-03
2419,2941,874.06,2023-08-16
2420,4126,696.8,2023-08-02
2421,2496,638.8,2024-10-31
2422,2294,924.97,2024-08-21
2423,2627,459.98,2023-07-12
2424,1240,859.09,2023-07-24
2425,3875,635.22,2023-10-31
2426,1480,444.6,2024-02-26
2427,3622,387.88,2023-10-22
2428,4493,503.32,2023-12-19
2429,999,522.0,2023-10-21
2430,3315,430.61,2023-02-10
2431,2645,555.68,2024-05-30
2432,2976,885.98,2023-12-25
2433,4436,650.1,2024-08-08
2434,4830,408.91,2024-10-13
2435,4337,689.71,2023-03-05
2436,1801,908.61,2024-04-28
2437,3762,760.43,2023-09-16
2438,2241,796.97,2024-08-14
2439,2863,821.37,2024-07-22
2440,2740,476.95,2024-09-14
2441,860,424.2,2023-03-13
2442,1828,875.94,2024-06-29
2443,1702,436.93,2023-03-25
2444,1527,412.81,2024-03-13
2445,830,885.67,2024-10-25
2446,3707,601.75,2024-01-01
2447,750,805.85,2024-08-11
2448,3733,474.15,2024-11-26
2449,819,733.62,2023-06-01
2450,4925,660.39,2023-09-12
2451,1790,940.18,2023-05-27
2452,3581,545.51,2023-05-25
2453,4101,407.3,2023-02-26
2454,3642,520.06,2024-09-17
2455,4477,679.16,2024-10-31
2456,4411,637.5,2023-01-10
2457,2919,503.46,2023-10-26
2458,304,514.38,2023-09-09
2459,4556,877.49,2023-02-28
2460,4439,909.45,2024-02-23
2461,3364,548.45,2024-11-02
2462,633,538.73,2023-08-02
2463,2033,920.98,2024-01-23
2464,1276,437.6,2023-09-05
2465,1974,911.27,2023-08-04
2466,3154,515.6,2024-03-15
2467,4695,559.7,2024-08-04
2468,2547,608.57,2024-01-04
2469,4613,892.95,2023-05-27
2470,124,567.63,2024-06-19
2471,4568,664.43,2023-02-22
2472,3830,891.05,2023-06-03
2473,3017,627.96,2023-03-31
2474,3349,460.84,2024-10-20
2475,467,871.29,2024-05-03
2476,1357,599.17,2023-05-12
2477,2986,461.85,2023-05-13
2478,326,711.21,2024-10-28
2479,3317,600.73,2024-04-07
2480,1093,554.03,2023-02-04
2481,3989,356.77,2023-05-19
2482,306,357.5,2024-07-17
2483,2329,377.45,2024-01-10
2484,4251,657.07,2023-05-14
2485,1194,637.39,2024-11-26
2486,2560,657.56,2024-08-29
2487,1834,879.28,2024-05-21
2488,4211,876.62,2024-06-01
2489,3857,653.07,2024-11-08
2490,3961,473.15,2023-02-24
2491,2878,489.71,2024-02-10
2492,3928,944.07,2024-02-18
2493,3599,623.37,2023-01-13
2494,1544,874.99,2024-10-06
2495,1555,615.36,2024-02-19
2496,3896,843.38,2024-07-22
2497,321,471.74,2024-03-29
2498,1004,775.54,2024-08-11
2499,4725,695.9,2024-12-01
2500,3311,794.82,2023-02-03
2501,723,461.78,2023-12-11
2502,3958,665.77,2023-06-28
2503,1614,733.91,2023-10-06
2504,3777,911.15,2024-07-09
2505,1804,533.65,2024-03-21
2506,1244,575.63,2024-10-01
2507,3020,755.6,2024-02-10
2508,2560,535.36,2023-10-05
2509,4414,862.38,2024-05-16
2510,3606,909.46,2023-10-28
2511,2776,692.05,2024-08-02
2512,2258,422.85,2024-07-03
2513,1864,577.44,2023-01-06
2514,4438,698.07,2024-06-22
2515,4293,898.67,2023-03-05
2516,4802,806.25,2023-06-20
2517,162,613.31,2024-02-04
2518,2336,525.43,2024-06-23
2519,533,635.49,2023-12-30
2520,2908,926.38,2023-12-10
2521,1886,710.44,2023-03-09
2522,1495,808.45,2023-12-26
2523,2635,433.15,2023-11-25
2524,231,890.64,2023-07-17
2525,417,676.46,2024-12-06
2526,3818,903.51,2024-05-02
2527,3356,380.42,2023-06-28
2528,3854,927.85,2024-04-30
2529,460,922.27,2023-09-13
2530,1092,880.01,2023-04-27
2531,2775,874.94,2024-05-27
2532,1716,727.63,2023-08-02
2533,326,468.26,2024-09-30
2534,1029,656.54,2023-12-20
2535,4299,790.79,2024-03-15
2536,3813,936.69,2023-08-18
2537,3151,363.54,2024-05-30
2538,4350,662.39,2023-09-05
2539,3213,432.46,2024-07-15
2540,936,909.51,2024-03-25
2541,2594,353.85,2023-02-10
2542,4837,526.12,2024-04-20
2543,534,670.63,2024-06-07
2544,4236,357.64,2024-11-15
2545,3194,754.11,2024-10-19
2546,2830,393.2,2023-08-27
2547,691,701.25,2023-10-10
2548,1339,688.96,2024-04-03
2549,1643,817.18,2024-04-02
2550,2072,584.63,2024-07-15
2551,3188,793.97,2024-07-05
2552,3093,527.89,2023-03-20
2553,499,889.02,2024-04-11
2554,4494,764.01,2023-04-12
2555,1408,620.88,2024-09-07
2556,2106,721.82,2024-04-27
2557,3478,545.24,2023-11-24
2558,4198,885.14,2024-07-19
2559,4169,428.3,2024-09-05
2560,534,595.59,2023-05-29
2561,3954,370.63,2024-10-01
2562,826,520.82,2024-10-18
2563,975,663.07,2024-01-07
2564,3410,858.06,2023-09-01
2565,1941,891.65,2024-06-28
2566,1939,415.92,2024-05-25
2567,1472,698.52,2023-02-05
2568,1923,621.38,2024-11-27
2569,2514,735.07,2023-03-02
2570,4790,747.79,2023-05-02
2571,2931,934.11,2023-07-20
2572,430,643.07,2023-12-02
2573,3008,438.29,2024-09-05
2574,284,730.89,2023-07-22
2575,2874,718.43,2023-06-23
2576,166,923.81,2024-05-04
2577,280,862.1,2023-07-21
2578,4764,759.2,2024-11-05
2579,1272,599.35,2023-01-03
2580,1686,382.41,2024-05-31
2581,1918,725.93,2023-03-09
2582,3355,822.08,2023-06-01
2583,4969,515.26,2024-02-17
2584,828,437.9,2023-12-28
2585,4002,715.99,2024-07-02
2586,1007,856.74,2023-06-19
2587,1547,463.93,2023-05-01
2588,3455,937.56,2023-07-23
2589,422,673.61,2024-09-18
2590,4921,460.99,2024-11-21
2591,3046,591.61,2024-11-23
2592,654,941.01,2023-10-26
2593,177,865.3,2023-04-07
2594,2865,475.91,2023-02-21
2595,4169,833.66,2023-10-17
2596,454,446.32,2024-02-27
2597,591,630.05,2024-05-15
2598,4472,915.66,2023-06-22
2599,4201,703.63,2023-09-09
2600,1082,481.51,2024-01-18
2601,2102,432.52,2023-05-30
2602,1684,751.59,2023-03-29
2603,3912,758.24,2024-06-13
2604,900,905.46,2023-07-01
2605,916,787.29,2023-06-13
2606,3893,599.09,2024-10-29
2607,3538,553.16,2023-01-23
2608,3914,604.47,2023-03-11
2609,2085,879.27,2024-02-23
2610,1791,869.01,2023-02-26
2611,1140,388.5,2023-07-11
2612,676,894.13,2024-01-22
2613,986,423.21,2023-09-27
2614,568,938.66,2024-02-04
2615,2320,542.97,2024-05-30
2616,1526,353.92,2024-11-30
2617,4692,502.83,2023-03-07
2618,1042,821.98,2023-09-17
2619,2944,424.66,2023-04-10
2620,4887,534.36,2024-02-22
2621,2725,498.46,2024-04-20
2622,21,724.77,2023-08-12
2623,4191,751.09,2024-09-14
2624,4246,843.21,2023-07-07
2625,1827,451.71,2023-09-07
2626,3118,934.87,2024-03-26
2627,201,708.53,2024-08-04
2628,3037,472.22,2023-11-02
2629,1201,562.45,2023-03-09
2630,4066,386.01,2023-07-16
2631,2596,650.36,2023-04-04
2632,1287,422.45,2024-01-19
2633,2869,947.79,2023-09-28
2634,4581,695.73,2023-09-13
2635,12,875.07,2024-06-01
2636,3871,423.93,2023-01-14
2637,837,592.55,2024-07-23
2638,4283,924.4,2023-11-13
2639,564,412.16,2023-07-05
2640,537,746.35,2024-01-30
2641,1005,379.95,2024-11-17
2642,38,605.07,2023-05-02
2643,398,774.37,2023-05-21
2644,4682,816.51,2024-02-04
2645,3864,510.48,2024-03-04
2646,4868,631.79,2024-06-07
2647,207,466.25,2024-08-08
2648,1593,412.87,2023-08-27
2649,4866,936.08,2024-12-13
2650,2490,676.28,2024-01-11
2651,2976,615.02,2024-08-13
2652,242,675.1,2024-03-26
2653,2456,941.92,2024-05-14
2654,684,644.62,2023-04-20
2655,2620,550.61,2023-10-26
2656,4274,695.15,2024-01-21
2657,2071,491.41,2023-06-04
2658,2145,817.55,2024-08-24
2659,3166,489.63,2024-06-30
2660,825,545.17,2024-06-29
2661,4877,717.79,2023-01-02
2662,4805,719.92,2024-12-21
2663,1307,582.77,2023-09-15
2664,1608,381.22,2023-06-03
2665,3529,444.48,2023-10-17
2666,4198,431.01,2023-01-21
2667,913,833.41,2023-12-22
2668,1191,392.17,2023-08-01
2669,4422,416.19,2023-03-11
2670,4275,842.02,2024-03-31
2671,1954,795.15,2024-12-12
2672,1498,520.83,2024-05-03
2673,807,555.37,2023-06-16
2674,2799,684.24,2024-08-22
2675,4975,770.28,2024-02-13
2676,3896,877.82,2023-08-28
2677,495,463.96,2024-02-02
2678,4661,617.34,2023-06-30
2679,4262,411.33,2024-07-06
2680,4179,571.82,2024-06-30
2681,2052,372.35,2023-09-05
2682,2369,487.32,2024-08-08
2683,168,896.66,2024-11-28
2684,4498,562.78,2024-04-03
2685,1739,515.69,2024-09-25
2686,4225,877.28,2024-03-21
2687,3779,553.82,2024-07-17
2688,4872,634.25,2023-04-06
2689,2702,779.39,2023-10-21
2690,1245,883.69,2023-05-17
2691,4040,373.74,2024-01-12
2692,3066,635.37,2024-10-29
2693,1284,370.87,2023-02-18
2694,2631,766.89,2024-02-29
2695,4497,836.08,2024-09-02
2696,428,682.42,2024-03-18
2697,2240,482.42,2023-09-09
2698,4463,455.74,2023-04-15
2699,4419,631.37,2024-02-27
2700,3702,767.63,2023-06-17
2701,4683,511.32,2024-10-29
2702,2067,787.73,2023-03-13
2703,3033,482.43,2023-01-03
2704,883,439.83,2024-05-20
2705,462,832.96,2023-07-18
2706,3160,590.07,2023-02-22
2707,3355,737.35,2023-06-04
2708,4069,425.0,2023-10-13
2709,3722,908.74,2024-08-03
2710,4764,922.96,2024-03-15
2711,3855,505.98,2023-01-14
2712,3716,388.87,2023-05-29
2713,1908,704.51,2024-01-01
2714,1091,611.0,2023-12-22
2715,2987,549.51,2024-10-09
2716,3639,917.4,2024-03-30
2717,3341,884.2,2024-06-10
2718,1005,416.53,2023-01-08
2719,298,872.08,2024-03-05
2720,2627,761.84,2023-12-21
2721,1998,379.18,2024-11-11
2722,2065,362.24,2023-10-12
2723,1632,726.29,2024-09-01
2724,1671,668.48,2023-06-11
2725,3682,864.79,2024-05-01
2726,2962,713.6,2023-08-08
2727,1862,561.19,2024-10-31
2728,1443,521.61,2023-07-19
2729,4576,529.8,2024-07-21
2730,1061,498.14,2023-06-04
2731,4463,703.82,2023-04-10
2732,3863,387.51,2024-02-11
2733,1650,642.07,2023-03-19
2734,1001,677.3,2024-06-18
2735,4816,835.83,2024-07-10
2736,1729,700.49,2024-12-21
2737,2815,811.52,2023-07-15
2738,2270,726.47,2024-05-26
2739,638,430.18,2024-07-26
2740,2334,383.25,2023-08-12
2741,4156,507.72,2023-03-05
2742,3016,681.6,2024-06-26
2743,3801,819.84,2023-09-15
2744,759,690.44,2023-04-27
2745,4481,741.11,2023-08-13
2746,1064,489.89,2023-07-16
2747,2677,411.12,2023-12-03
2748,425,719.23,2023-05-24
2749,1549,854.78,2023-11-09
2750,2240,365.52,2024-01-08
2751,4641,806.23,2024-11-15
2752,2002,916.29,2024-07-20
2753,4457,490.7,2023-07-21
2754,1721,617.45,2024-06-17
2755,3987,472.69,2024-11-05
2756,1883,545.88,2024-06-20
2757,484,545.78,2024-07-16
2758,1324,717.52,2024-08-22
2759,4350,711.38,2023-12-14
2760,4658,798.69,2023-03-11
2761,2320,922.48,2024-07-03
2762,99,544.08,2024-09-21
2763,2739,390.13,2023-12-17
2764,3364,642.89,2024-02-18
2765,2466,430.01,2023-07-07
2766,3790,469.35,2023-02-08
2767,3401,493.8,2023-10-28
2768,3795,372.89,2024-06-20
2769,3923,385.94,2023-05-24
2770,4346,897.79,2023-02-15
2771,2221,906.14,2024-07-07
2772,4993,415.25,2023-05-25
2773,2389,892.15,2023-10-04
2774,3629,603.2,2023-07-20
2775,3731,643.16,2024-09-08
2776,4689,879.75,2024-06-06
2777,156,907.87,2024-04-04
2778,334,418.08,2023-01-10
2779,1632,944.08,2024-03-16
2780,90,899.83,2024-08-29
2781,889,701.76,2023-04-11
2782,4040,706.88,2024-04-24
2783,175,821.55,2024-04-11
2784,4748,887.07,2024-11-21
2785,3669,479.89,2023-01-21
2786,4131,381.32,2023-06-27
2787,3998,796.12,2023-08-22
2788,3459,449.68,2023-07-06
2789,2602,570.49,2024-06-16
2790,2313,393.1,2024-07-31
2791,76,499.53,2023-05-12
2792,1097,394.48,2023-08-14
2793,4153,654.89,2024-09-23
2794,558,682.93,2024-03-19
2795,248,878.39,2023-01-15
2796,2528,397.89,2024-08-18
2797,2637,940.46,2024-05-22
2798,1307,811.04,2023-04-01
2799,3368,684.46,2024-06-03
2800,2097,560.2,2023-08-02
2801,3195,689.93,2024-06-04
2802,607,725.53,2023-12-24
2803,1636,787.87,2023-11-13
2804,77,568.19,2023-10-28
2805,4071,855.01,2024-08-06
2806,1497,888.41,2024-10-17
2807,1738,374.96,2024-07-06
2808,541,811.35,2024-04-27
2809,4777,891.11,2023-08-26
2810,2215,562.45,2024-01-02
2811,586,871.33,2024-08-26
2812,217,852.76,2024-11-14
2813,1381,582.91,2023-11-04
2814,2641,857.35,2023-08-19
2815,3076,429.1,2024-08-10
2816,4861,689.03,2024-03-27
2817,4508,855.5,2024-10-31
2818,1494,638.52,2023-11-21
2819,1524,873.33,2024-04-08
2820,1923,639.05,2024-12-19
2821,1322,788.3,2024-02-28
2822,1635,890.98,2024-06-24
2823,3459,416.99,2024-04-24
2824,903,578.19,2023-03-06
2825,1580,804.06,2024-07-15
2826,1553,553.53,2023-04-17
2827,4033,654.14,2023-01-30
2828,2941,442.03,2024-10-21
2829,2628,357.47,2023-11-18
2830,3717,913.82,2024-07-02
2831,1734,569.86,2023-07-02
2832,586,800.46,2024-12-22
2833,1640,878.51,2024-10-29
2834,2770,634.06,2024-02-09
2835,751,535.97,2023-09-26
2836,2432,363.87,2023-12-03
2837,3750,700.58,2024-05-14
2838,4953,679.17,2023-08-14
2839,679,879.01,2023-06-25
2840,1333,641.16,2024-09-28
2841,691,416.12,2024-11-25
2842,3820,533.0,2023-12-26
2843,2794,912.5,2024-02-20
2844,3027,807.99,2023-08-31
2845,80,457.7,2023-01-07
2846,209,604.12,2024-02-19
2847,2843,740.98,2023-07-13
2848,1282,380.27,2023-05-20
2849,182,735.07,2023-06-13
2850,1214,881.39,2024-04-21
2851,79,506.97,2024-06-18
2852,2426,650.64,2023-11-20
2853,398,945.29,2023-07-25
2854,3306,639.54,2023-10-30
2855,2755,362.01,2024-09-22
2856,1942,434.47,2023-02-24
2857,181,666.73,2024-12-06
2858,4507,757.83,2024-03-29
2859,2647,436.9,2024-08-06
2860,1853,446.02,2024-09-12
2861,2439,516.04,2024-01-20
2862,2511,481.83,2023-01-21
2863,1032,703.1,2023-05-18
2864,221,688.45,2024-03-22
2865,2798,901.08,2023-08-08
2866,2941,645.77,2024-10-21
2867,3852,883.9,2024-03-09
2868,1115,357.71,2024-09-01
2869,1409,624.24,2024-08-13
2870,4054,719.62,2023-09-14
2871,4558,477.84,2024-08-06
2872,2067,661.79,2024-05-19
2873,2173,434.39,2024-05-29
2874,73,421.6,2023-12-27
2875,500,407.19,2024-05-04
2876,2853,516.64,2023-12-23
2877,266,482.26,2023-03-19
2878,3426,880.76,2024-12-11
2879,4220,423.53,2024-04-13
2880,1567,606.44,2023-11-15
2881,115,751.67,2024-09-15
2882,3419,686.05,2023-04-29
2883,1439,365.57,2023-08-04
2884,4639,362.43,2024-06-26
2885,1000,771.22,2024-04-16
2886,472,752.6,2024-03-29
2887,3326,553.22,2024-09-29
2888,2722,528.08,2023-10-23
2889,310,685.19,2024-07-23
2890,4102,551.17,2023-01-12
2891,1616,831.58,2023-06-16
2892,553,900.06,2024-08-10
2893,1680,366.24,2023-04-05
2894,4550,822.78,2024-06-16
2895,2445,684.52,2024-08-23
2896,3341,360.28,2024-12-29
2897,2335,601.93,2023-02-27
2898,4509,649.6,2024-07-17
2899,2498,482.33,2023-06-21
2900,817,569.75,2024-02-05
2901,1890,823.53,2023-10-31
2902,1632,939.28,2024-12-30
2903,3983,602.41,2024-05-30
2904,1169,727.06,2023-05-12
2905,1999,654.2,2023-12-18
2906,2308,633.97,2023-08-03
2907,1401,823.63,2024-09-13
2908,4911,563.78,2023-11-30
2909,3668,562.29,2023-09-01
2910,4336,487.48,2023-02-01
2911,3569,896.11,2024-12-12
2912,2069,393.15,2024-08-11
2913,248,948.16,2024-04-27
2914,2246,873.02,2023-09-12
2915,1045,692.66,2024-08-05
2916,1083,764.06,2023-01-03
2917,1522,886.32,2023-05-21
2918,1521,424.06,2023-05-28
2919,1925,756.96,2024-04-08
2920,68,744.38,2023-06-09
2921,1131,665.18,2024-06-30
2922,4978,785.14,2023-03-02
2923,1483,947.27,2024-03-20
2924,249,384.74,2023-12-27
2925,1139,386.68,2023-04-28
2926,250,802.85,2024-06-20
2927,2354,415.55,2023-01-25
2928,3161,806.62,2024-11-05
2929,4061,634.36,2024-10-20
2930,3785,552.35,2023-05-23
2931,1985,679.6,2023-07-16
2932,3968,632.32,2024-02-17
2933,2421,437.23,2024-03-28
2934,4477,550.78,2024-11-07
2935,3861,446.27,2023-06-23
2936,4218,781.83,2023-01-20
2937,2187,772.51,2023-08-17
2938,3245,711.22,2024-03-25
2939,2415,923.06,2023-07-11
2940,1737,682.61,2023-02-24
2941,4385,611.49,2023-04-01
2942,4763,943.59,2024-06-19
2943,439,694.02,2024-07-05
2944,852,895.63,2023-11-03
2945,2615,547.47,2023-05-15
2946,3683,813.26,2024-10-15
2947,1630,647.49,2023-01-10
2948,198,500.82,2023-04-24
2949,278,453.97,2023-07-25
2950,1796,857.69,2023-06-13
2951,4600,576.93,2023-03-22
2952,563,585.27,2024-09-10
2953,1032,644.45,2024-10-29
2954,406,496.38,2024-07-19
2955,4871,489.72,2023-03-14
2956,1835,920.67,2024-11-07
2957,3502,743.54,2024-08-18
2958,170,833.2,2024-03-18
2959,2682,620.28,2024-03-09
2960,4323,661.62,2024-05-16
2961,1210,703.93,2023-08-15
2962,591,710.48,2023-03-19
2963,320,898.2,2024-07-09
2964,2857,925.99,2023-10-06
2965,93,574.92,2024-05-11
2966,2126,521.88,2024-05-12
2967,188,878.48,2024-07-22
2968,704,767.16,2024-05-23
2969,799,640.2,2023-10-02
2970,3962,524.53,2023-01-23
2971,3885,717.49,2023-09-07
2972,1168,665.55,2023-07-27
2973,1923,884.27,2023-09-12
2974,3249,437.84,2023-01-26
2975,2710,805.8,2024-02-15
2976,1237,905.98,2024-12-05
2977,411,771.8,2024-04-18
2978,1365,581.52,2024-02-21
2979,4943,495.52,2024-06-29
2980,2995,829.77,2023-12-14
2981,1419,920.7,2024-10-28
2982,830,914.11,2024-03-21
2983,1164,571.67,2024-09-07
2984,2934,906.85,2023-08-07
2985,4760,508.31,2024-11-26
2986,4403,645.2,2023-07-10
2987,1096,502.58,2023-10-27
2988,4797,384.42,2023-07-25
2989,2081,435.53,2024-08-21
2990,1281,595.55,2023-11-11
2991,2087,529.71,2023-08-04
2992,53,500.69,2023-01-19
2993,3036,947.75,2023-12-12
2994,4341,716.65,2023-01-12
2995,575,707.36,2024-10-14
2996,3715,644.2,2023-06-23
2997,4516,583.68,2024-05-26
2998,2597,735.2,2024-03-20
2999,3311,793.71,2023-01-25
3000,4026,466.79,2023-12-13
3001,3763,849.18,2023-01-24
3002,3803,412.72,2024-06-09
3003,182,594.95,2023-12-27
3004,2652,857.87,2023-06-26
3005,3502,532.01,2023-05-18
3006,1094,471.01,2023-09-25
3007,3377,758.53,2023-06-07
3008,378,441.01,2024-04-01
3009,3233,564.99,2024-05-14
3010,4700,608.36,2024-02-09
3011,3729,559.43,2023-03-24
3012,1693,529.66,2023-10-31
3013,2221,628.13,2024-03-28
3014,3115,798.08,2023-08-26
3015,3251,773.67,2024-08-05
3016,3153,594.73,2023-09-11
3017,3658,679.77,2024-03-13
3018,981,459.07,2023-01-06
3019,2138,925.26,2024-09-29
3020,4044,648.23,2024-02-24
3021,3948,858.94,2024-10-19
3022,2070,384.21,2024-09-26
3023,2856,899.02,2023-02-01
3024,3244,823.03,2024-10-20
3025,4902,449.98,2023-03-29
3026,4947,912.69,2023-05-08
3027,712,558.16,2024-01-18
3028,3513,556.02,2023-07-01
3029,1154,623.08,2024-07-22
3030,1020,728.13,2024-02-19
3031,1178,505.04,2024-07-16
3032,89,813.25,2023-09-30
3033,3551,638.79,2024-09-15
3034,1793,890.74,2024-07-23
3035,1940,699.85,2023-02-25
3036,1237,725.17,2024-04-19
3037,4591,581.85,2024-11-08
3038,1285,755.23,2024-01-30
3039,1653,857.65,2023-04-21
3040,2165,898.27,2023-08-22
3041,2597,796.05,2023-02-04
3042,1581,763.54,2024-09-12
3043,3693,664.33,2023-11-17
3044,667,529.86,2023-03-14
3045,1447,359.48,2023-03-10
3046,607,809.43,2023-01-25
3047,3153,646.21,2024-05-13
3048,1886,874.99,2024-07-11
3049,2616,454.94,2023-08-30
3050,3726,909.2,2024-10-19
3051,2541,906.47,2024-04-20
3052,3406,423.22,2023-12-09
3053,2804,668.87,2023-10-17
3054,4786,923.93,2024-05-04
3055,1564,654.35,2023-11-07
3056,80,351.93,2023-04-24
3057,615,846.92,2024-01-01
3058,1157,404.65,2023-09-28
3059,171,750.09,2024-05-05
3060,3467,784.11,2024-05-08
3061,4284,576.91,2023-04-14
3062,4356,583.33,2024-01-26
3063,2373,562.01,2023-09-07
3064,4235,469.66,2023-08-21
3065,1672,423.69,2024-03-25
3066,2471,612.76,2023-01-26
3067,1582,401.74,2024-04-25
3068,3634,624.7,2024-10-22
3069,3011,497.91,2024-08-14
3070,3355,508.25,2023-10-04
3071,2530,404.3,2024-05-07
3072,3026,637.92,2024-08-05
3073,4391,681.33,2023-06-29
3074,3749,802.16,2023-02-28
3075,4992,858.02,2023-07-21
3076,2713,448.37,2024-01-09
3077,589,442.69,2024-09-24
3078,4346,622.25,2024-01-02
3079,2791,537.33,2024-02-14
3080,4085,872.11,2023-02-27
3081,86,521.72,2023-12-29
3082,4487,625.74,2023-04-12
3083,1088,822.49,2024-06-15
3084,159,940.57,2024-04-14
3085,267,464.97,2023-04-13
3086,987,585.13,2024-07-05
3087,3431,394.34,2023-04-04
3088,73,667.94,2023-02-24
3089,847,572.89,2023-12-18
3090,1131,869.0,2024-04-04
3091,4560,363.15,2023-12-01
3092,3347,885.86,2024-06-05
3093,4365,594.71,2024-07-25
3094,2364,401.34,2024-01-29
3095,1150,871.38,2023-11-16
3096,868,836.0,2023-09-25
3097,2154,613.14,2024-02-03
3098,238,783.61,2024-05-22
3099,4746,449.8,2023-06-22
3100,517,812.44,2023-07-22
3101,4681,543.54,2024-03-01
3102,4417,882.95,2023-12-19
3103,1609,667.32,2023-08-26
3104,1554,546.33,2023-05-10
3105,2191,417.53,2023-12-22
3106,678,629.52,2024-07-22
3107,3291,490.85,2024-07-10
3108,4772,903.7,2024-04-19
3109,4247,578.01,2024-07-26
3110,2998,597.43,2024-04-25
3111,4660,580.61,2024-12-11
3112,3722,771.14,2024-04-21
3113,4888,787.04,2024-09-19
3114,2970,579.81,2024-06-17
3115,267,788.39,2024-06-14
3116,2641,793.35,2024-09-04
3117,3343,611.88,2023-05-27
3118,971,912.37,2023-08-12
3119,2492,665.42,2024-07-19
3120,3102,799.3,2024-06-17
3121,196,424.98,2023-12-04
3122,953,739.9,2024-06-01
3123,2331,830.06,2023-05-23
3124,3074,903.81,2023-05-07
3125,40,444.18,2023-02-21
3126,2996,670.68,2023-11-26
3127,4737,853.18,2023-11-27
3128,3904,813.08,2024-06-19
3129,176,767.4,2023-08-17
3130,2838,430.44,2023-06-27
3131,3667,496.58,2024-11-11
3132,4415,458.13,2024-02-10
3133,133,611.79,2024-12-12
3134,3735,371.61,2023-05-29
3135,3000,948.74,2024-09-25
3136,660,874.96,2024-04-27
3137,1375,872.94,2023-04-11
3138,772,720.95,2024-12-25
3139,4414,775.11,2023-03-04
3140,4990,827.76,2024-03-23
3141,493,822.28,2024-10-25
3142,4694,715.67,2023-07-05
3143,2008,433.09,2023-07-18
3144,3533,644.16,2023-09-03
3145,3275,767.61,2024-12-04
3146,2094,782.84,2023-02-18
3147,672,800.72,2024-05-03
3148,1754,421.59,2023-04-02
3149,1394,363.55,2023-05-26
3150,3803,451.49,2023-04-27
3151,3231,495.24,2023-03-10
3152,4002,527.22,2024-11-24
3153,783,721.02,2023-08-17
3154,4487,691.22,2024-11-07
3155,3689,495.54,2023-10-13
3156,129,713.66,2023-12-10
3157,4416,587.02,2023-11-24
3158,2381,611.93,2023-07-09
3159,2045,819.23,2024-01-28
3160,3518,433.45,2023-06-05
3161,4764,786.48,2024-03-10
3162,3084,841.69,2024-08-28
3163,141,871.09,2024-04-04
3164,2272,428.96,2024-01-30
3165,3467,472.2,2024-05-28
3166,690,454.64,2024-06-24
3167,222,355.58,2023-08-16
3168,3871,383.08,2024-11-25
3169,3360,362.81,2024-12-02
3170,1602,392.8,2023-03-09
3171,3755,751.58,2024-12-07
3172,2040,583.74,2023-06-13
3173,1919,703.24,2023-07-26
3174,4485,404.56,2024-08-28
3175,2105,555.98,2024-10-08
3176,2292,750.64,2024-08-20
3177,3619,560.76,2023-03-25
3178,2758,444.66,2024-06-26
3179,2797,686.5,2024-03-25
3180,1237,558.84,2024-01-27
3181,3744,776.88,2023-08-19
3182,1161,429.8,2024-11-29
3183,1804,620.27,2024-12-21
3184,132,697.62,2023-09-01
3185,857,493.89,2024-02-05
3186,2559,524.96,2023-08-21
3187,4945,355.99,2023-03-27
3188,2696,755.57,2023-08-21
3189,1816,696.86,2023-12-10
3190,4592,484.67,2023-07-13
3191,1095,837.91,2024-03-09
3192,2956,373.48,2024-09-20
3193,107,420.87,2024-06-24
3194,579,653.18,2024-10-29
3195,4369,717.52,2024-10-13
3196,3175,529.8,2024-09-07
3197,511,498.12,2024-11-22
3198,428,808.86,2024-02-01
3199,3816,907.32,2024-08-12
3200,4855,390.77,2023-07-27
3201,2327,595.01,2023-02-10
3202,3127,726.74,2023-01-29
3203,3146,558.07,2023-03-08
3204,1186,417.33,2024-05-19
3205,2549,633.16,2024-02-27
3206,3974,457.92,2023-11-08
3207,317,938.91,2024-07-06
3208,4477,901.14,2024-03-26
3209,4065,439.48,2023-12-13
3210,1626,678.84,2024-02-03
3211,4501,707.12,2024-05-12
3212,454,941.9,2023-08-02
3213,2454,738.06,2023-05-09
3214,838,672.45,2023-01-17
3215,4182,718.1,2023-07-29
3216,891,588.44,2024-09-11
3217,4138,430.87,2023-07-24
3218,4083,695.89,2024-08-29
3219,3046,496.63,2023-11-05
3220,1096,757.92,2023-01-30
3221,2699,596.47,2024-05-29
3222,189,927.36,2023-08-18
3223,2937,837.12,2023-06-25
3224,3245,620.27,2024-02-02
3225,2889,878.71,2024-09-28
3226,4417,908.79,2024-01-19
3227,1990,740.04,2023-02-09
3228,1594,588.36,2023-01-10
3229,136,885.35,2024-10-03
3230,3563,913.53,2023-01-21
3231,2723,415.41,2023-01-24
3232,797,889.31,2024-09-29
3233,2799,351.96,2024-10-01
3234,4569,797.61,2023-06-23
3235,3239,512.88,2024-03-04
3236,1175,619.81,2024-03-03
3237,3733,560.6,2023-05-14
3238,78,566.76,2023-09-08
3239,2731,851.77,2023-03-22
3240,3025,855.56,2023-06-11
3241,1925,697.48,2023-09-24
3242,1517,501.07,2024-04-19
3243,2319,439.5,2023-11-30
3244,4431,702.93,2024-10-01
3245,4761,774.77,2024-09-21
3246,4029,802.49,2024-03-14
3247,2671,403.77,2024-06-29
3248,2429,604.02,2024-01-19
3249,3103,476.75,2023-04-23
3250,3244,367.75,2023-07-28
3251,1514,735.77,2024-11-08
3252,4538,656.87,2023-09-22
3253,4382,925.46,2024-05-10
3254,4572,846.92,2024-09-18
3255,2482,413.07,2024-05-20
3256,1036,608.33,2023-08-20
3257,2919,430.14,2024-07-18
3258,1127,875.79,2024-05-29
3259,86,757.42,2024-06-26
3260,1317,866.24,2023-04-10
3261,2557,465.55,2024-11-09
3262,313,747.75,2023-06-05
3263,2862,439.4,2023-01-12
3264,1039,815.24,2024-08-11
3265,4233,724.27,2023-10-24
3266,1325,752.15,2024-08-10
3267,4484,377.23,2024-05-04
3268,4452,453.94,2023-11-20
3269,1938,506.88,2024-05-22
3270,4,701.93,2024-03-30
3271,4132,799.13,2024-10-27
3272,303,802.6,2023-03-14
3273,3139,390.42,2023-05-01
3274,1240,913.7,2024-04-15
3275,4323,670.33,2024-07-01
3276,4263,754.01,2024-10-03
3277,708,610.73,2023-07-08
3278,3214,603.42,2024-02-17
3279,4162,635.87,2023-05-24
3280,1313,877.71,2023-08-22
3281,4343,904.75,2023-10-22
3282,2495,933.66,2024-02-14
3283,561,404.7,2024-08-04
3284,2597,531.13,2024-01-12
3285,3755,839.97,2024-11-27
3286,683,614.65,2023-01-11
3287,2413,719.68,2023-09-20
3288,2535,740.05,2023-03-14
3289,2978,909.41,2024-01-31
3290,997,504.6,2023-03-15
3291,4438,878.75,2023-08-12
3292,607,898.66,2023-08-23
3293,1239,406.82,2024-12-02
3294,4315,415.86,2024-01-22
3295,3877,834.79,2023-11-05
3296,4778,412.36,2024-01-04
3297,3221,851.07,2023-01-12
3298,479,904.6,2023-05-11
3299,3538,387.14,2024-01-25
3300,4199,759.36,2023-12-27
3301,580,602.55,2023-10-26
3302,465,734.48,2024-03-11
3303,2359,369.99,2023-02-22
3304,2757,680.73,2023-10-22
3305,2412,558.23,2023-05-18
3306,4118,876.11,2024-05-08
3307,1148,723.24,2023-06-13
3308,4386,722.64,2023-03-19
3309,903,856.8,2024-03-18
3310,2325,836.6,2024-09-03
3311,3897,447.37,2023-10-04
3312,4300,798.24,2023-06-08
3313,2586,827.78,2023-11-26
3314,4058,530.03,2024-07-18
3315,2997,723.11,2023-08-13
3316,1689,899.04,2023-12-27
3317,4760,697.16,2023-07-23
3318,1832,503.39,2024-07-19
3319,1533,817.61,2023-08-01
3320,4492,669.88,2024-05-29
3321,4004,417.07,2024-08-28
3322,2071,579.94,2024-03-25
3323,2823,609.43,2024-09-19
3324,1114,800.23,2024-10-05
3325,1489,535.97,2024-04-12
3326,3331,661.49,2024-04-28
3327,1116,547.87,2024-11-09
3328,4674,615.51,2024-10-09
3329,597,463.85,2023-11-28
3330,2282,600.96,2024-03-09
3331,4086,743.22,2023-06-04
3332,852,480.24,2024-03-20
3333,101,609.99,2024-09-22
3334,2336,842.64,2024-08-27
3335,2258,911.03,2024-04-21
3336,1501,822.82,2023-05-19
3337,2551,562.73,2024-11-13
3338,3985,583.88,2024-08-24
3339,4787,670.56,2024-05-26
3340,2561,390.4,2024-10-01
3341,2337,667.1,2023-09-13
3342,1658,780.54,2024-02-12
3343,1717,720.2,2024-03-17
3344,247,939.64,2023-11-16
3345,2226,645.58,2024-01-09
3346,4734,694.12,2024-04-14
3347,4061,744.99,2023-03-19
3348,4714,505.13,2024-10-06
3349,2239,546.98,2024-01-08
3350,3217,397.13,2023-02-09
3351,3722,622.22,2023-11-13
3352,691,900.93,2023-10-16
3353,845,847.64,2023-05-26
3354,3117,501.22,2023-01-30
3355,2668,859.74,2023-09-10
3356,2966,431.13,2024-09-04
3357,1811,855.6,2023-05-19
3358,3790,593.42,2024-12-17
3359,3979,464.29,2024-11-04
3360,484,545.35,2024-04-10
3361,1480,421.52,2024-03-17
3362,2286,552.38,2024-11-26
3363,1813,427.64,2024-03-21
3364,756,846.16,2024-09-24
3365,627,631.22,2023-09-21
3366,4692,688.94,2024-10-16
3367,4997,516.77,2024-10-20
3368,1335,449.66,2024-12-27
3369,4863,827.13,2024-06-13
3370,89,562.55,2023-09-28
3371,4026,380.49,2024-12-25
3372,3408,905.82,2024-07-26
3373,4336,640.8,2023-08-31
3374,38,725.13,2024-07-30
3375,3419,741.71,2023-01-26
3376,2829,791.81,2024-10-25
3377,2018,489.53,2024-02-05
3378,2122,378.75,2024-08-15
3379,3707,594.89,2024-07-10
3380,1319,615.97,2024-11-07
3381,1305,797.93,2024-07-25
3382,4504,455.76,2024-02-25
3383,2005,423.65,2024-08-04
3384,3326,802.22,2024-04-11
3385,1413,574.31,2023-11-03
3386,382,613.99,2023-09-16
3387,4416,909.49,2024-06-26
3388,602,926.65,2024-03-01
3389,4160,441.03,2023-01-11
3390,2285,479.55,2024-06-15
3391,751,431.0,2024-04-17
3392,3976,480.76,2024-04-11
3393,3800,527.62,2023-06-22
3394,3944,671.64,2024-10-18
3395,2170,463.59,2024-07-11
3396,4575,632.25,2023-10-04
3397,1136,626.74,2024-05-28
3398,663,513.68,2024-12-11
3399,3132,546.61,2023-02-28
3400,2716,677.61,2024-08-08
3401,3029,478.63,2024-03-13
3402,2440,614.72,2024-01-18
3403,2159,679.94,2024-07-22
3404,3820,553.03,2024-12-19
3405,2216,371.54,2024-10-22
3406,1772,458.03,2024-10-12
3407,2427,556.94,2024-07-10
3408,4191,754.42,2023-08-29
3409,1177,433.13,2024-06-21
3410,535,732.46,2024-05-06
3411,714,852.26,2023-02-06
3412,4495,462.07,2024-07-12
3413,981,689.26,2023-02-27
3414,1758,471.74,2024-08-05
3415,3933,624.48,2024-10-15
3416,2031,476.63,2024-03-29
3417,4446,488.91,2024-06-10
3418,4514,860.02,2023-12-16
3419,2244,698.69,2024-11-19
3420,4457,596.09,2024-10-10
3421,4301,406.61,2024-05-30
3422,1154,800.37,2024-12-07
3423,857,870.35,2023-04-12
3424,3338,835.52,2024-05-26
3425,3256,752.91,2024-04-07
3426,2584,749.86,2023-09-13
3427,1996,563.66,2024-01-24
3428,2018,661.08,2024-11-18
3429,1363,893.15,2023-06-19
3430,1483,617.93,2024-02-13
3431,4756,893.47,2024-05-26
3432,3736,641.43,2023-02-03
3433,4363,838.38,2023-07-04
3434,4744,821.14,2023-11-17
3435,496,620.28,2024-03-24
3436,320,731.81,2023-08-06
3437,3543,673.5,2024-11-19
3438,438,782.08,2023-09-23
3439,3464,820.58,2024-02-01
3440,2003,434.88,2023-01-20
3441,720,881.82,2023-12-19
3442,2452,575.38,2023-05-14
3443,596,503.58,2024-08-23
3444,746,790.32,2024-10-17
3445,1491,671.94,2024-10-30
3446,3398,756.06,2023-07-13
3447,852,748.16,2023-09-24
3448,989,851.63,2024-11-01
3449,4727,873.84,2024-08-10
3450,1222,736.74,2024-11-20
3451,2614,757.54,2023-05-01
3452,4355,548.68,2024-05-31
3453,456,854.3,2023-01-07
3454,1484,739.64,2023-04-05
3455,2656,728.52,2024-10-23
3456,1364,410.91,2024-12-19
3457,4473,357.85,2024-02-25
3458,573,443.68,2024-09-18
3459,1265,387.06,2023-04-25
3460,4501,782.22,2023-11-01
3461,1896,544.73,2024-08-31
3462,3888,820.35,2023-01-13
3463,4266,382.38,2023-11-24
3464,3858,437.47,2023-07-13
3465,4258,378.65,2024-03-02
3466,2772,681.59,2024-01-06
3467,3429,466.56,2024-11-30
3468,2053,850.34,2023-10-23
3469,57,792.73,2023-08-20
3470,3540,350.46,2023-12-02
3471,3458,653.95,2023-11-25
3472,2137,725.47,2024-09-07
3473,4265,932.37,2024-01-09
3474,1292,407.87,2024-12-21
3475,3871,459.15,2024-08-02
3476,3578,428.07,2023-06-02
3477,4738,461.47,2024-11-24
3478,2320,798.22,2024-02-27
3479,3938,414.28,2023-11-05
3480,2230,600.15,2024-11-04
3481,3606,463.77,2024-04-08
3482,2439,495.92,2024-11-05
3483,3638,586.62,2024-11-18
3484,3146,617.68,2024-10-31
3485,2066,728.32,2023-01-14
3486,816,730.83,2023-11-04
3487,3803,829.55,2024-10-24
3488,3495,896.41,2024-08-22
3489,4901,843.46,2024-01-10
3490,1566,556.64,2024-01-20
3491,193,616.25,2023-03-31
3492,1195,514.21,2023-02-24
3493,4506,945.01,2024-11-18
3494,3889,579.57,2024-12-18
3495,1267,877.09,2024-11-22
3496,2844,578.92,2023-07-08
3497,2440,806.91,2023-05-08
3498,4363,385.54,2024-10-14
3499,4225,666.71,2023-03-14
3500,2384,729.06,2023-09-03
3501,3738,411.95,2023-10-21
3502,2598,735.7,2023-07-11
3503,3112,385.98,2024-02-16
3504,294,875.17,2023-01-27
3505,3727,539.23,2024-04-15
3506,4735,622.42,2023-05-29
3507,1319,837.88,2024-04-11
3508,4149,355.36,2024-02-24
3509,4046,616.33,2023-11-08
3510,4104,392.15,2024-08-15
3511,1639,356.79,2024-10-03
3512,550,589.29,2024-12-07
3513,3530,651.38,2023-10-06
3514,1028,872.04,2024-03-10
3515,1978,906.34,2024-03-23
3516,672,678.27,2024-08-23
3517,776,934.77,2023-11-21
3518,2791,887.9,2024-03-21
3519,2981,624.37,2024-04-21
3520,1186,680.0,2024-07-19
3521,921,744.32,2024-05-31
3522,2095,754.44,2023-11-08
3523,3801,578.02,2024-11-21
3524,1944,655.6,2023-06-11
3525,3220,838.1,2024-05-15
3526,475,819.93,2024-08-31
3527,2371,594.31,2024-07-24
3528,3489,627.34,2024-05-10
3529,719,877.21,2024-02-21
3530,2282,393.59,2023-05-07
3531,2153,901.95,2023-02-23
3532,2094,880.36,2024-11-20
3533,4719,697.17,2023-06-04
3534,4801,746.54,2023-08-16
3535,3517,887.17,2023-05-29
3536,1206,661.22,2024-11-08
3537,1371,714.05,2024-09-07
3538,4184,352.74,2023-03-16
3539,1741,807.44,2024-05-12
3540,1237,798.51,2023-02-13
3541,4627,610.39,2023-09-08
3542,4410,785.79,2024-03-08
3543,3173,639.69,2023-03-11
3544,3532,574.62,2024-03-30
3545,3178,944.22,2023-01-26
3546,1986,873.6,2023-06-27
3547,3941,531.02,2024-09-01
3548,704,528.15,2024-07-11
3549,1941,720.18,2024-03-29
3550,2616,841.25,2023-12-18
3551,1799,358.34,2024-10-02
3552,1573,477.59,2024-01-20
3553,303,892.95,2023-10-28
3554,3518,939.76,2024-05-16
3555,917,560.27,2023-03-26
3556,4423,756.0,2024-06-12
3557,4559,885.81,2023-07-08
3558,3999,381.47,2023-06-13
3559,1391,528.0,2024-06-01
3560,528,492.0,2023-02-09
3561,2505,882.59,2024-04-04
3562,2194,556.59,2024-04-04
3563,3237,611.78,2023-09-11
3564,4668,865.71,2023-01-19
3565,4392,401.07,2023-05-14
3566,4070,548.93,2024-06-03
3567,2246,775.33,2023-06-10
3568,4004,614.43,2024-08-30
3569,2485,892.25,2024-04-07
3570,4945,461.59,2023-06-24
3571,3804,752.14,2023-02-23
3572,681,928.66,2023-06-04
3573,2089,741.85,2024-04-19
3574,2909,717.36,2024-05-10
3575,3137,473.33,2024-04-30
3576,983,936.97,2024-12-06
3577,585,710.39,2023-11-23
3578,969,870.37,2023-02-01
3579,4525,623.46,2023-04-24
3580,3411,537.99,2024-06-24
3581,900,630.65,2023-07-28
3582,3600,587.26,2023-08-11
3583,2681,447.84,2023-06-06
3584,4515,930.84,2024-03-14
3585,4754,880.84,2023-12-04
3586,1969,831.81,2024-12-27
3587,4456,505.34,2023-12-18
3588,2437,447.35,2024-10-10
3589,3805,430.12,2023-10-06
3590,3588,557.48,2023-07-27
3591,4544,618.62,2024-10-25
3592,4773,763.1,2023-05-17
3593,277,403.89,2024-06-14
3594,1214,947.58,2024-09-18
3595,1376,469.32,2024-05-09
3596,1475,570.3,2024-08-09
3597,4920,578.69,2024-02-25
3598,2636,354.99,2024-03-03
3599,210,422.41,2023-03-29
3600,3294,557.23,2024-06-22
3601,3267,562.31,2023-03-25
3602,2837,935.21,2023-01-30
3603,1949,544.38,2024-01-14
3604,4527,411.75,2024-07-10
3605,458,754.25,2024-12-02
3606,420,599.6,2024-11-01
3607,244,563.3,2024-12-01
3608,3962,638.03,2023-07-10
3609,860,462.68,2024-03-22
3610,146,374.09,2023-10-07
3611,1752,673.96,2023-01-25
3612,3483,935.67,2024-09-15
3613,4937,887.24,2024-05-20
3614,4339,432.76,2023-09-07
3615,3457,701.03,2023-04-27
3616,110,711.98,2024-09-27
3617,4092,747.5,2024-04-08
3618,1384,847.09,2023-03-08
3619,4723,409.73,2024-01-28
3620,1622,751.9,2024-12-05
3621,903,609.23,2023-04-04
3622,3433,676.14,2023-02-01
3623,2211,845.17,2023-07-08
3624,834,545.98,2023-12-05
3625,3865,883.79,2023-02-02
3626,168,717.71,2023-12-05
3627,4167,619.97,2023-03-24
3628,3972,893.65,2023-07-10
3629,82,381.57,2023-12-26
3630,2684,914.63,2024-01-09
3631,117,741.59,2023-04-22
3632,4453,620.67,2024-06-25
3633,4743,357.09,2023-02-28
3634,2662,908.25,2024-08-26
3635,4963,809.56,2023-05-28
3636,1843,428.65,2023-12-21
3637,2170,877.84,2023-07-26
3638,1613,504.61,2023-06-25
3639,1726,454.48,2023-03-27
3640,1418,756.28,2023-07-23
3641,60,434.63,2024-06-11
3642,1662,497.69,2023-01-17
3643,1787,589.94,2023-03-16
3644,1957,431.05,2024-05-18
3645,3462,790.4,2023-01-16
3646,2092,843.32,2024-11-20
3647,3962,918.69,2023-09-27
3648,2443,647.9,2024-11-01
3649,1884,357.17,2024-10-10
3650,4207,411.16,2023-02-01
3651,3645,895.64,2024-07-23
3652,110,834.33,2024-07-25
3653,3998,601.52,2024-01-25
3654,3937,666.6,2023-12-14
3655,1689,942.31,2023-07-22
3656,2378,732.76,2023-07-15
3657,1986,560.39,2024-04-16
3658,4198,528.3,2024-04-11
3659,323,818.62,2024-11-26
3660,603,654.47,2024-11-30
3661,376,469.52,2024-02-13
3662,685,472.76,2023-08-06
3663,3939,773.31,2023-12-01
3664,197,602.95,2023-11-17
3665,493,482.42,2024-01-19
3666,799,889.01,2023-04-26
3667,3237,491.79,2024-11-07
3668,3921,683.83,2023-10-22
3669,2899,758.26,2024-04-06
3670,1925,597.5,2023-06-22
3671,2877,882.64,2023-09-04
3672,106,497.01,2024-11-09
3673,1030,834.17,2023-01-04
3674,1383,614.29,2023-08-30
3675,1529,904.86,2024-02-16
3676,4988,428.36,2024-04-06
3677,1106,731.97,2024-04-20
3678,214,428.03,2024-09-10
3679,2478,797.01,2023-01-17
3680,4813,779.52,2023-12-05
3681,666,858.1,2023-03-13
3682,31,817.36,2024-08-05
3683,1943,713.23,2024-12-20
3684,2167,940.3,2024-08-11
3685,4714,597.72,2024-03-04
3686,3833,862.31,2024-07-24
3687,4656,901.4,2024-10-08
3688,3112,514.78,2023-12-30
3689,4968,933.45,2024-06-20
3690,750,805.18,2024-03-28
3691,525,476.53,2023-02-08
3692,1821,446.56,2024-08-30
3693,1189,820.84,2023-10-26
3694,2443,454.22,2023-06-20
3695,880,477.21,2023-10-27
3696,1671,480.54,2023-04-06
3697,1990,877.0,2023-08-24
3698,306,880.41,2024-10-24
3699,413,523.59,2023-06-19
3700,2711,575.23,2023-07-14
3701,237,801.23,2024-09-02
3702,1629,759.51,2024-08-18
3703,2771,872.49,2024-05-17
3704,1497,365.83,2023-01-25
3705,3712,563.33,2023-02-21
3706,163,853.07,2023-06-26
3707,2668,564.32,2024-08-31
3708,1736,400.28,2024-03-18
3709,58,611.09,2023-06-15
3710,1826,839.61,2023-04-30
3711,2177,495.07,2024-05-06
3712,2306,531.0,2024-05-20
3713,2012,354.2,2023-08-22
3714,2885,719.51,2023-05-16
3715,3998,598.19,2023-01-15
3716,287,791.43,2024-05-16
3717,3129,808.66,2024-10-11
3718,1528,545.18,2024-04-13
3719,2001,714.33,2024-01-31
3720,3980,935.01,2023-09-22
3721,4501,679.0,2023-08-26
3722,4737,406.77,2023-05-30
3723,65,488.6,2024-05-25
3724,2970,815.37,2024-09-22
3725,2541,387.57,2023-11-13
3726,2034,391.96,2023-11-01
3727,238,410.99,2024-08-26
3728,4327,686.55,2024-12-16
3729,4596,535.22,2024-09-18
3730,3015,494.58,2023-07-26
3731,3785,411.98,2024-08-23
3732,2094,882.62,2023-07-11
3733,4389,881.73,2023-01-13
3734,4398,768.78,2024-06-29
3735,4149,570.09,2024-11-20
3736,1817,651.03,2023-07-07
3737,4466,816.75,2023-06-02
3738,566,441.18,2023-02-22
3739,401,844.72,2024-10-19
3740,743,592.48,2024-07-21
3741,2947,775.46,2024-01-12
3742,2884,690.46,2024-02-20
3743,2144,674.23,2024-05-03
3744,259,462.98,2023-05-19
3745,992,660.63,2023-01-16
3746,1958,718.13,2023-02-11
3747,4490,818.99,2024-07-17
3748,4486,660.06,2023-06-18
3749,1899,750.49,2024-01-07
3750,2172,355.27,2023-03-12
3751,3374,695.15,2024-12-11
3752,371,893.24,2024-07-19
3753,569,486.5,2024-10-04
3754,3192,472.42,2024-12-29
3755,3147,866.33,2023-05-27
3756,2215,761.02,2024-03-19
3757,1505,923.81,2023-12-08
3758,2981,596.93,2024-01-09
3759,4023,744.08,2023-05-12
3760,1877,552.81,2023-12-19
3761,689,935.55,2023-05-16
3762,3780,518.33,2024-12-06
3763,4502,527.92,2024-09-01
3764,1522,630.31,2023-12-28
3765,4744,709.27,2023-10-12
3766,3096,409.18,2023-08-18
3767,2584,485.92,2023-02-27
3768,3433,773.82,2023-10-21
3769,2382,649.07,2024-11-28
3770,23,603.34,2024-12-13
3771,4009,534.4,2024-09-15
3772,520,760.17,2024-01-30
3773,245,442.09,2024-06-03
3774,3730,900.09,2023-02-25
3775,192,785.46,2024-04-03
3776,533,414.57,2024-03-15
3777,2428,655.21,2023-05-29
3778,1593,436.96,2024-01-01
3779,4165,588.14,2024-09-28
3780,4178,912.2,2023-03-05
3781,4444,671.31,2023-04-12
3782,2332,665.06,2024-07-08
3783,4949,536.5,2024-12-04
3784,2695,507.29,2024-12-17
3785,558,458.18,2023-06-28
3786,1184,709.13,2023-03-02
3787,3478,809.55,2023-03-26
3788,2046,821.94,2023-07-05
3789,982,634.4,2023-06-12
3790,2563,843.92,2024-12-05
3791,635,685.04,2024-03-16
3792,3633,660.28,2023-05-27
3793,1736,829.07,2024-11-06
3794,4756,593.94,2023-11-27
3795,3523,781.65,2024-02-26
3796,3039,700.87,2024-12-02
3797,4560,588.36,2024-04-05
3798,4564,633.4,2024-10-18
3799,4337,559.76,2024-08-26
3800,3643,905.45,2023-03-24
3801,4274,722.23,2024-05-07
3802,1073,519.34,2024-06-15
3803,932,668.1,2024-03-30
3804,149,906.78,2023-07-23
3805,1784,636.98,2024-07-04
3806,3734,507.03,2024-03-31
3807,1252,775.13,2024-03-29
3808,1735,448.45,2024-01-30
3809,4251,415.67,2024-03-02
3810,538,552.04,2024-11-04
3811,1821,589.36,2023-02-18
3812,3958,765.2,2023-05-17
3813,377,769.35,2024-10-07
3814,1443,918.49,2024-07-05
3815,1267,919.66,2024-12-30
3816,237,638.96,2024-10-06
3817,4811,942.76,2023-11-26
3818,3348,458.97,2023-10-13
3819,730,734.47,2023-05-27
3820,2292,556.13,2023-04-22
3821,1057,494.08,2023-03-16
3822,2340,746.22,2023-03-27
3823,2209,451.63,2023-12-26
3824,4265,438.91,2023-09-19
3825,2801,791.55,2024-12-02
3826,961,500.62,2023-11-10
3827,1785,675.12,2023-06-01
3828,2829,386.55,2024-06-23
3829,3132,918.16,2024-09-10
3830,4818,426.17,2023-02-06
3831,2857,391.52,2023-07-17
3832,2058,765.92,2023-03-18
3833,2948,705.32,2024-09-27
3834,1122,780.82,2024-07-10
3835,1538,519.61,2023-10-18
3836,1248,660.29,2023-12-28
3837,1110,615.51,2024-03-05
3838,89,617.65,2024-10-24
3839,609,515.02,2024-05-05
3840,3245,524.88,2023-08-26
3841,3242,948.77,2023-04-20
3842,4037,880.41,2024-10-20
3843,382,490.73,2023-05-15
3844,2560,453.93,2023-08-21
3845,2315,391.72,2024-04-15
3846,3745,702.34,2023-06-05
3847,654,925.08,2023-04-18
3848,3752,385.63,2024-01-09
3849,1333,522.7,2024-09-28
3850,3223,358.0,2023-01-25
3851,775,445.57,2024-04-28
3852,991,638.84,2023-02-08
3853,4613,753.32,2023-10-23
3854,133,443.85,2023-02-05
3855,4711,512.64,2023-04-04
3856,2879,452.03,2023-04-05
3857,4980,839.29,2024-09-24
3858,4013,423.61,2024-06-19
3859,3413,782.67,2023-12-20
3860,3295,767.07,2023-04-03
3861,3016,594.53,2024-03-08
3862,4550,675.74,2024-02-13
3863,2234,942.62,2024-01-31
3864,2770,738.33,2023-10-19
3865,2655,575.4,2024-02-01
3866,44,809.41,2024-02-29
3867,1311,660.69,2023-08-22
3868,3164,946.47,2024-10-08
3869,3997,842.07,2024-09-11
3870,1395,685.22,2023-03-10
3871,4331,948.9,2024-04-26
3872,626,836.24,2023-03-17
3873,1653,899.09,2024-02-25
3874,1913,560.44,2023-10-23
3875,1566,933.04,2023-08-27
3876,1996,919.77,2023-04-05
3877,1159,762.08,2024-05-15
3878,427,612.07,2023-10-20
3879,2622,535.74,2024-06-25
3880,1678,888.21,2024-08-07
3881,4643,853.09,2023-10-13
3882,4741,634.34,2024-12-31
3883,733,360.86,2023-02-10
3884,1719,485.42,2024-05-01
3885,4816,715.58,2024-02-19
3886,582,933.68,2023-12-09
3887,13,446.5,2024-04-18
3888,3267,613.45,2024-03-14
3889,2109,519.55,2023-01-07
3890,4895,475.86,2023-01-31
3891,2624,638.71,2024-03-11
3892,712,524.59,2023-01-13
3893,3140,701.52,2023-06-07
3894,3210,363.3,2023-12-19
3895,2329,442.79,2024-02-29
3896,1761,558.59,2024-05-15
3897,2301,372.98,2024-07-24
3898,4126,866.78,2023-12-12
3899,876,615.93,2023-09-29
3900,2433,524.05,2023-03-18
3901,1995,940.74,2024-06-23
3902,4472,853.3,2023-11-20
3903,4432,739.28,2023-09-09
3904,2879,556.0,2024-02-06
3905,1869,625.89,2023-09-09
3906,4386,809.47,2024-01-28
3907,821,647.18,2024-09-24
3908,4921,657.48,2023-02-15
3909,2314,860.71,2023-08-02
3910,4377,766.16,2023-02-24
3911,85,587.99,2023-04-21
3912,22,539.06,2024-09-02
3913,2883,366.76,2024-02-17
3914,1020,503.14,2024-11-18
3915,2154,658.79,2024-06-02
3916,3830,417.68,2024-11-06
3917,3553,707.68,2024-05-07
3918,1978,946.58,2023-08-19
3919,4558,437.74,2023-04-20
3920,467,710.11,2023-02-24
3921,378,722.71,2023-04-30
3922,2285,711.75,2024-06-22
3923,4930,432.73,2024-12-03
3924,3129,682.86,2023-01-24
3925,4702,931.09,2024-06-07
3926,4933,517.67,2024-09-29
3927,1581,718.35,2024-10-18
3928,1801,753.02,2023-09-21
3929,3203,711.18,2024-10-05
3930,3453,730.6,2023-01-15
3931,3501,371.31,2023-08-28
3932,4259,786.13,2023-06-01
3933,1717,681.61,2024-12-25
3934,1359,459.63,2024-01-18
3935,1736,625.0,2023-11-30
3936,4070,939.01,2024-04-21
3937,305,549.92,2023-05-16
3938,2597,366.88,2023-03-08
3939,4454,862.04,2024-10-06
3940,4385,616.57,2023-02-17
3941,3353,720.04,2024-01-04
3942,3616,647.78,2024-05-13
3943,3811,678.06,2024-05-31
3944,3863,423.7,2023-01-11
3945,4198,725.89,2024-05-29
3946,1728,711.78,2023-05-15
3947,13,899.72,2024-02-06
3948,3483,477.63,2024-09-24
3949,2742,606.4,2024-07-30
3950,4431,947.38,2023-12-29
3951,3600,536.05,2024-08-23
3952,1986,590.42,2024-10-16
3953,150,608.92,2023-03-09
3954,4648,770.58,2024-05-21
3955,2933,354.93,2023-08-11
3956,4293,396.11,2023-11-02
3957,459,504.43,2024-07-25
3958,4431,351.47,2023-12-29
3959,1676,392.07,2023-01-07
3960,86,801.26,2024-12-11
3961,4366,476.0,2024-11-17
3962,1559,531.49,2024-07-08
3963,2629,741.6,2024-07-22
3964,2403,821.67,2023-12-05
3965,2690,588.59,2023-10-10
3966,519,948.74,2024-03-28
3967,4266,530.97,2024-04-07
3968,3195,366.91,2024-06-18
3969,1624,462.15,2024-01-03
3970,3915,757.57,2024-06-07
3971,964,929.31,2024-01-29
3972,4886,563.06,2024-11-14
3973,1895,736.82,2024-01-10
3974,1225,506.62,2024-02-21
3975,4860,464.09,2024-12-04
3976,3503,381.05,2023-07-08
3977,2688,693.64,2024-08-18
3978,175,504.88,2024-11-28
3979,60,391.37,2023-09-05
3980,4697,827.04,2024-07-27
3981,4707,655.79,2024-12-24
3982,4170,786.65,2023-08-30
3983,1528,517.66,2023-11-11
3984,2966,647.79,2023-11-15
3985,1918,537.19,2023-07-07
3986,2581,704.53,2024-10-07
3987,619,444.61,2023-06-09
3988,4563,591.76,2024-08-19
3989,2735,435.43,2024-12-29
3990,1820,874.81,2024-10-07
3991,4107,446.27,2023-02-20
3992,3566,442.51,2024-01-26
3993,4527,825.39,2023-05-19
3994,808,760.03,2023-02-10
3995,3745,484.43,2024-09-02
3996,266,395.83,2023-07-07
3997,2886,859.24,2024-04-17
3998,187,737.74,2023-11-08
3999,2352,829.01,2023-03-28
4000,2126,655.86,2023-06-02
4001,2288,803.34,2023-01-19
4002,1502,878.33,2024-09-21
4003,2657,652.59,2024-07-25
4004,2986,878.07,2023-11-30
4005,3636,475.38,2023-08-14
4006,4961,642.99,2023-06-22
4007,3266,354.49,2024-01-03
4008,2908,376.66,2024-11-10
4009,3222,444.47,2024-01-19
4010,4808,717.05,2023-09-30
4011,1947,855.54,2023-11-21
4012,1784,823.75,2024-01-05
4013,4877,831.68,2024-02-22
4014,4933,854.27,2024-04-21
4015,1325,918.93,2024-04-27
4016,505,498.37,2024-12-20
4017,3981,720.98,2024-05-30
4018,4915,819.2,2024-04-30
4019,1588,583.32,2023-02-19
4020,789,557.05,2024-10-29
4021,1501,633.04,2024-05-09
4022,1646,630.88,2024-07-09
4023,763,423.75,2023-11-05
4024,2253,677.76,2024-06-30
4025,4750,861.08,2024-01-01
4026,1230,694.67,2024-07-09
4027,2328,523.66,2024-08-05
4028,186,386.62,2023-06-21
4029,2803,832.84,2024-06-12
4030,3744,656.31,2023-11-28
4031,3798,469.44,2023-04-23
4032,1735,363.33,2023-06-10
4033,256,923.92,2024-04-08
4034,2015,908.58,2023-12-21
4035,2470,375.3,2024-01-10
4036,1907,470.6,2024-11-28
4037,2071,816.67,2023-01-01
4038,786,600.52,2024-12-02
4039,3770,675.86,2024-01-05
4040,499,842.05,2024-03-02
4041,257,724.63,2023-08-23
4042,1622,649.69,2024-09-27
4043,4393,578.31,2024-06-01
4044,2618,392.57,2023-05-14
4045,571,838.01,2023-10-23
4046,3283,543.56,2024-07-04
4047,864,688.33,2024-11-14
4048,1685,454.04,2023-06-20
4049,182,824.3,2024-02-05
4050,550,561.78,2024-12-01
4051,2593,865.9,2023-03-23
4052,4913,836.4,2024-03-24
4053,3952,711.17,2024-06-06
4054,3624,688.46,2023-01-22
4055,2450,629.65,2024-12-18
4056,260,356.86,2024-02-14
4057,1503,434.25,2023-02-15
4058,623,912.32,2024-05-20
4059,2729,716.77,2024-04-21
4060,2310,831.87,2024-10-22
4061,4862,372.35,2024-09-06
4062,1458,469.53,2024-07-30
4063,1811,595.26,2023-01-18
4064,2525,734.75,2024-05-11
4065,147,628.44,2024-10-07
4066,156,601.67,2023-02-22
4067,2940,645.82,2024-01-25
4068,2632,426.8,2023-07-30
4069,4732,857.92,2024-07-24
4070,2018,930.96,2023-04-08
4071,1308,788.93,2023-11-30
4072,4855,652.12,2023-06-12
4073,1141,899.31,2023-03-29
4074,4223,773.79,2024-07-02
4075,3678,824.36,2023-04-23
4076,3538,921.82,2024-11-30
4077,2385,760.69,2023-10-03
4078,2817,392.31,2024-09-14
4079,3371,399.42,2024-05-15
4080,119,496.2,2023-01-31
4081,4434,751.5,2024-09-12
4082,3891,662.53,2023-08-19
4083,999,540.65,2023-02-15
4084,1138,934.9,2024-10-02
4085,3731,731.67,2023-09-05
4086,4614,496.3,2024-09-12
4087,949,864.23,2023-04-14
4088,3114,561.44,2023-11-19
4089,4847,518.63,2024-07-06
4090,195,596.14,2023-02-26
4091,4736,752.9,2023-05-15
4092,4053,718.02,2024-05-27
4093,3236,385.67,2023-06-10
4094,2899,386.44,2024-09-01
4095,1557,464.06,2024-11-12
4096,1799,822.98,2023-01-23
4097,1216,380.12,2024-03-03
4098,4481,461.42,2023-05-26
4099,110,542.73,2024-06-06
4100,2315,552.07,2023-06-15
4101,4553,416.87,2023-09-14
4102,4694,631.04,2023-11-21
4103,3662,907.61,2023-06-03
4104,1831,436.89,2024-01-21
4105,704,935.85,2023-08-03
4106,4506,443.29,2023-05-02
4107,4297,597.72,2023-01-08
4108,2618,826.6,2023-02-14
4109,1051,573.24,2023-11-23
4110,540,495.35,2024-07-31
4111,4807,722.52,2023-06-26
4112,4989,528.29,2024-11-12
4113,3338,524.45,2024-09-19
4114,4082,808.19,2023-01-17
4115,3891,362.25,2023-10-26
4116,2768,576.72,2023-03-15
4117,2917,565.59,2023-05-20
4118,3974,888.05,2023-06-06
4119,902,589.65,2023-04-16
4120,4786,878.84,2024-05-11
4121,2911,840.56,2023-11-08
4122,940,747.74,2023-01-16
4123,2056,543.65,2024-08-11
4124,403,610.86,2023-11-05
4125,4071,665.67,2023-05-31
4126,4989,438.07,2023-02-27
4127,4111,663.79,2024-03-13
4128,3303,394.28,2024-11-06
4129,885,869.75,2024-03-30
4130,471,856.82,2024-03-24
4131,2208,717.72,2024-07-21
4132,4975,835.85,2023-01-14
4133,3405,404.82,2023-02-10
4134,1253,873.95,2023-07-14
4135,942,574.12,2024-03-18
4136,3807,627.12,2023-11-21
4137,1521,419.11,2024-02-25
4138,1601,570.47,2023-06-11
4139,2103,790.53,2023-11-05
4140,2912,891.85,2023-01-30
4141,3692,610.68,2023-11-27
4142,2512,623.89,2024-06-08
4143,4731,408.47,2023-11-21
4144,3043,724.1,2024-09-29
4145,4386,700.93,2024-05-17
4146,2971,915.48,2024-11-28
4147,963,867.47,2023-05-17
4148,2615,906.64,2024-05-27
4149,173,648.33,2023-10-30
4150,1189,445.2,2023-06-15
4151,11,818.6,2024-04-25
4152,1749,828.85,2023-01-13
4153,91,413.7,2023-11-26
4154,1529,909.29,2023-07-01
4155,2001,428.63,2024-09-30
4156,895,805.14,2023-05-17
4157,278,508.45,2023-04-13
4158,3994,702.98,2024-08-09
4159,2688,481.77,2023-10-26
4160,1575,358.95,2024-05-10
4161,580,763.74,2023-11-08
4162,3363,608.62,2024-09-13
4163,209,496.23,2023-12-05
4164,902,739.49,2024-09-03
4165,417,742.5,2023-08-12
4166,1906,938.16,2023-09-11
4167,4663,467.08,2024-01-26
4168,292,894.43,2023-12-31
4169,3877,438.95,2023-02-23
4170,3692,470.89,2023-03-14
4171,2960,852.51,2024-02-27
4172,4011,867.26,2024-02-27
4173,1435,909.97,2024-05-29
4174,3502,565.34,2023-05-16
4175,3319,490.57,2023-01-27
4176,791,774.59,2023-03-21
4177,4128,383.98,2023-02-05
4178,1763,664.23,2024-08-17
4179,2249,444.59,2023-08-05
4180,2316,354.59,2023-12-29
4181,2416,803.63,2024-01-02
4182,3052,393.65,2024-11-09
4183,3294,723.12,2023-08-19
4184,1283,462.44,2024-08-15
4185,592,771.3,2024-07-14
4186,549,447.75,2024-10-05
4187,57,715.14,2023-03-11
4188,4617,949.66,2024-04-24
4189,3849,768.61,2023-03-24
4190,4714,856.03,2024-06-22
4191,1532,852.39,2024-04-19
4192,948,623.93,2023-12-11
4193,3313,647.8,2023-12-04
4194,4596,612.57,2024-02-11
4195,3579,423.73,2023-03-24
4196,3691,643.56,2023-10-17
4197,2116,536.36,2023-12-20
4198,3094,565.97,2023-10-20
4199,1756,918.51,2024-05-07
4200,2752,946.74,2024-09-06
4201,4325,460.22,2024-06-29
4202,612,479.4,2024-07-05
4203,954,653.44,2023-01-15
4204,777,926.33,2024-09-22
4205,2999,561.06,2023-10-07
4206,2251,540.12,2023-07-13
4207,2661,449.61,2023-09-27
4208,286,831.36,2023-04-21
4209,2496,860.38,2024-08-07
4210,687,468.58,2023-02-12
4211,2169,608.83,2024-01-16
4212,1173,649.0,2023-02-26
4213,2149,563.5,2023-09-15
4214,2630,517.89,2023-08-05
4215,551,730.15,2024-08-11
4216,461,492.7,2023-06-30
4217,3460,541.46,2023-06-06
4218,4808,503.16,2023-07-09
4219,4694,699.35,2024-02-20
4220,1836,467.05,2023-02-03
4221,275,709.43,2023-05-05
4222,569,480.97,2024-11-30
4223,4970,868.5,2023-03-27
4224,1512,853.2,2023-06-09
4225,3606,781.9,2024-03-19
4226,810,560.67,2023-09-18
4227,1240,558.29,2023-03-28
4228,714,895.96,2024-07-08
4229,3883,765.79,2023-07-05
4230,1290,493.14,2024-07-27
4231,2690,654.36,2023-03-31
4232,1778,452.79,2024-05-09
4233,2873,644.54,2023-07-24
4234,2387,902.51,2023-01-30
4235,3625,862.52,2024-07-02
4236,766,510.63,2024-07-01
4237,3027,535.13,2024-02-16
4238,1190,733.09,2024-03-26
4239,2185,662.32,2023-04-19
4240,4598,628.76,2023-04-29
4241,3923,784.88,2023-11-18
4242,1105,705.48,2024-03-18
4243,2381,447.37,2024-06-04
4244,2074,743.15,2024-02-04
4245,4506,540.32,2024-08-27
4246,1254,591.68,2024-05-14
4247,2885,761.71,2024-02-13
4248,4918,439.19,2024-12-19
4249,2322,446.45,2024-09-18
4250,410,847.6,2023-02-24
4251,1840,721.97,2023-05-03
4252,3214,422.9,2023-05-22
4253,4194,399.21,2023-04-19
4254,832,643.94,2023-11-04
4255,168,523.82,2024-05-23
4256,4458,743.5,2024-04-25
4257,1886,635.64,2024-06-06
4258,404,574.18,2023-05-01
4259,3793,786.93,2023-05-12
4260,381,649.75,2023-09-05
4261,4630,859.83,2023-02-27
4262,655,599.74,2023-08-21
4263,1021,603.77,2024-08-15
4264,2585,658.67,2023-03-08
4265,425,848.36,2024-04-07
4266,3922,417.12,2024-02-10
4267,4062,610.56,2023-09-20
4268,544,761.66,2024-01-29
4269,417,593.07,2024-07-15
4270,2772,874.34,2024-11-27
4271,4290,674.58,2023-10-21
4272,2557,509.47,2023-05-20
4273,2351,554.74,2023-10-07
4274,4155,656.68,2023-10-26
4275,2901,483.29,2024-03-09
4276,4580,943.35,2023-10-27
4277,2591,413.92,2024-03-02
4278,2703,880.69,2024-05-20
4279,3405,602.95,2024-03-31
4280,1945,918.97,2023-12-18
4281,3022,453.17,2023-10-04
4282,753,767.13,2024-07-06
4283,1744,895.83,2023-04-01
4284,645,440.79,2024-07-05
4285,896,681.68,2024-06-13
4286,3033,364.33,2024-02-05
4287,1758,528.93,2024-06-23
4288,2793,600.03,2024-12-05
4289,4833,644.95,2024-05-11
4290,520,350.78,2024-01-12
4291,3085,652.92,2024-07-21
4292,1504,610.58,2024-12-16
4293,1936,531.64,2023-11-08
4294,1498,473.6,2024-09-23
4295,1514,668.31,2024-06-16
4296,3888,356.94,2023-01-17
4297,2719,431.43,2023-03-26
4298,1718,586.6,2024-05-02
4299,1442,546.5,2024-02-17
4300,962,654.05,2023-04-11
4301,534,726.25,2023-01-11
4302,4495,513.95,2024-05-28
4303,3828,505.21,2024-02-27
4304,932,558.18,2023-11-16
4305,3832,420.08,2023-06-24
4306,562,810.74,2024-01-20
4307,1029,633.32,2024-04-10
4308,1570,494.67,2024-12-27
4309,1508,935.95,2023-01-26
4310,3441,407.1,2024-10-22
4311,1829,610.84,2024-09-16
4312,2830,910.56,2024-09-20
4313,3847,816.78,2024-07-06
4314,81,451.27,2023-07-18
4315,1893,731.0,2024-01-03
4316,1311,493.93,2024-06-12
4317,2080,758.96,2024-09-03
4318,3549,491.35,2024-07-25
4319,1758,932.23,2024-11-01
4320,4228,534.81,2023-03-05
4321,3690,523.05,2023-03-14
4322,3221,798.55,2024-09-17
4323,4279,859.93,2023-11-21
4324,2678,543.99,2023-04-15
4325,1586,825.06,2024-03-14
4326,421,826.48,2023-11-15
4327,3871,737.63,2023-04-30
4328,56,524.18,2023-10-03
4329,1124,542.25,2024-07-23
4330,2129,586.03,2024-06-14
4331,4853,698.7,2023-07-24
4332,2001,825.26,2023-12-13
4333,3907,405.46,2024-03-19
4334,4481,819.68,2024-01-04
4335,1575,654.67,2023-10-05
4336,4836,719.44,2023-10-04
4337,181,663.96,2023-10-04
4338,3705,628.77,2023-06-01
4339,3841,718.72,2024-04-08
4340,1263,656.67,2024-09-27
4341,1138,648.51,2024-04-13
4342,603,528.2,2023-01-25
4343,2335,826.39,2023-09-20
4344,431,666.63,2024-09-07
4345,4439,410.08,2024-04-30
4346,1933,609.23,2024-06-05
4347,4301,552.25,2023-12-18
4348,1220,512.36,2024-01-08
4349,1322,897.05,2024-02-04
4350,2396,889.55,2024-10-26
4351,284,765.61,2023-04-06
4352,909,791.09,2023-02-21
4353,4303,451.31,2024-12-04
4354,4951,545.6,2024-10-07
4355,4604,913.83,2023-11-23
4356,1095,400.28,2023-03-25
4357,1124,417.5,2024-12-11
4358,2988,695.93,2023-11-15
4359,3463,497.65,2023-09-11
4360,4605,414.37,2024-04-29
4361,4664,752.17,2023-09-16
4362,1209,612.69,2024-03-06
4363,4859,894.53,2023-04-14
4364,3826,630.31,2024-01-20
4365,425,764.27,2023-12-04
4366,1876,894.73,2024-04-23
4367,504,761.28,2024-09-05
4368,1936,577.5,2024-09-09
4369,5000,663.69,2024-12-08
4370,3331,790.76,2023-03-06
4371,2128,734.27,2023-08-10
4372,3343,500.48,2023-07-08
4373,4657,578.62,2024-12-16
4374,4686,383.35,2023-11-16
4375,2791,458.09,2024-08-26
4376,330,819.41,2023-06-20
4377,3241,634.52,2023-07-11
4378,2614,672.23,2023-10-09
4379,93,527.07,2024-05-21
4380,3398,836.22,2024-06-03
4381,2028,836.45,2023-01-28
4382,3587,498.15,2023-10-13
4383,3444,378.74,2024-05-14
4384,4762,626.1,2023-09-18
4385,487,730.63,2024-04-27
4386,3581,659.65,2024-01-27
4387,2210,504.97,2024-08-31
4388,1246,537.85,2023-12-14
4389,4724,488.5,2023-09-17
4390,4362,883.68,2024-01-26
4391,4652,541.51,2024-02-21
4392,4478,386.2,2023-05-09
4393,1451,920.72,2024-11-12
4394,3632,603.16,2024-02-04
4395,2975,470.82,2024-12-26
4396,4078,889.26,2024-01-18
4397,2770,689.33,2023-05-17
4398,3880,508.5,2023-08-10
4399,1899,530.32,2024-11-05
4400,1001,886.47,2023-06-06
4401,4471,764.73,2023-10-22
4402,1952,732.08,2024-04-26
4403,192,494.7,2023-12-15
4404,1532,585.47,2024-09-19
4405,3415,657.6,2024-05-04
4406,2919,486.86,2024-09-03
4407,532,579.66,2024-09-15
4408,850,463.28,2023-09-27
4409,3112,680.5,2024-09-15
4410,1890,491.08,2024-05-10
4411,3207,588.04,2023-04-01
4412,3083,925.55,2024-09-29
4413,4112,518.64,2023-04-17
4414,987,625.12,2023-06-02
4415,2771,420.46,2023-11-29
4416,3940,532.95,2023-05-02
4417,2862,820.1,2023-07-03
4418,2521,609.78,2023-02-23
4419,3089,863.4,2024-09-11
4420,4209,414.67,2024-06-20
4421,47,665.93,2023-12-26
4422,2227,453.15,2024-02-05
4423,19,716.27,2024-09-12
4424,2047,716.14,2024-10-02
4425,3235,381.92,2024-12-23
4426,3978,678.63,2023-09-22
4427,4725,810.51,2023-08-08
4428,2775,811.13,2023-01-07
4429,3288,408.8,2024-05-13
4430,3713,458.52,2023-07-29
4431,4186,430.3,2024-04-11
4432,2879,393.42,2023-09-03
4433,2458,685.7,2024-03-16
4434,2782,938.35,2024-08-28
4435,3431,773.87,2024-07-24
4436,922,357.19,2023-07-10
4437,497,432.42,2023-09-23
4438,25,409.44,2023-08-16
4439,1313,685.5,2023-11-23
4440,2640,804.76,2023-11-12
4441,1713,913.46,2023-05-27
4442,2130,730.55,2024-05-15
4443,2050,355.66,2023-01-05
4444,2365,353.86,2023-11-04
4445,2000,619.12,2023-04-14
4446,2333,392.04,2024-08-20
4447,3068,667.26,2023-08-18
4448,3436,886.88,2024-02-27
4449,1902,508.62,2024-01-16
4450,652,883.19,2023-02-07
4451,379,559.66,2023-07-10
4452,1909,689.22,2023-07-30
4453,1534,621.32,2024-08-01
4454,935,654.65,2023-08-21
4455,1807,841.52,2024-02-23
4456,3984,421.23,2023-05-21
4457,4898,877.33,2024-03-01
4458,4510,389.29,2024-04-24
4459,2731,534.65,2023-04-06
4460,2353,526.85,2023-05-13
4461,2017,481.75,2023-06-09
4462,808,539.09,2023-02-20
4463,1153,480.3,2024-10-11
4464,1377,530.56,2024-05-22
4465,2512,901.83,2024-06-23
4466,3933,932.3,2023-05-16
4467,4046,401.36,2023-12-25
4468,2903,792.02,2023-08-24
4469,3827,382.55,2024-12-20
4470,2880,776.28,2024-08-18
4471,3701,882.63,2024-09-05
4472,3745,870.3,2024-07-09
4473,133,685.3,2024-06-02
4474,2375,410.07,2024-06-08
4475,3425,947.56,2024-04-27
4476,1834,719.52,2023-08-09
4477,3567,707.66,2024-08-07
4478,2466,792.94,2024-09-01
4479,4804,748.08,2024-05-18
4480,1517,367.9,2023-02-22
4481,1688,886.65,2023-06-17
4482,994,387.08,2024-07-07
4483,789,421.16,2023-09-23
4484,3420,667.34,2023-04-02
4485,1986,880.27,2024-08-24
4486,1861,496.3,2023-08-05
4487,4290,608.3,2024-12-02
4488,2368,694.89,2023-08-09
4489,2651,767.17,2024-12-09
4490,1101,796.59,2024-09-13
4491,1613,642.59,2023-04-25
4492,364,895.68,2023-04-12
4493,3808,588.76,2024-07-23
4494,2724,852.62,2023-04-18
4495,53,499.99,2023-01-07
4496,579,597.06,2023-02-12
4497,2190,365.25,2024-09-20
4498,3836,802.16,2024-11-04
4499,3279,427.64,2023-04-24
4500,4328,895.42,2023-01-21
4501,3578,717.86,2023-10-11
4502,2004,855.65,2024-05-30
4503,4818,397.95,2023-11-08
4504,4199,438.25,2024-09-15
4505,4723,836.03,2023-06-23
4506,1,575.46,2023-09-17
4507,2354,388.23,2023-11-20
4508,172,391.5,2024-03-02
4509,3438,788.91,2024-11-16
4510,648,553.97,2023-01-19
4511,4959,717.5,2024-05-21
4512,2705,581.5,2023-03-30
4513,607,738.47,2023-09-16
4514,1820,396.16,2023-08-17
4515,1507,710.66,2023-04-07
4516,2124,700.91,2024-09-11
4517,1100,886.77,2024-06-13
4518,1268,817.38,2023-08-01
4519,3007,772.46,2024-02-16
4520,1985,516.4,2024-12-29
4521,3919,845.57,2023-06-21
4522,3516,449.79,2023-10-04
4523,3643,412.49,2024-08-31
4524,1913,693.05,2024-03-06
4525,2604,885.15,2023-06-20
4526,3636,754.39,2024-03-28
4527,1632,353.28,2024-05-01
4528,1108,755.24,2023-01-11
4529,1915,587.6,2024-06-21
4530,331,357.44,2024-12-05
4531,1353,748.74,2023-12-30
4532,2354,355.52,2024-12-27
4533,2205,891.26,2024-10-05
4534,3128,751.57,2024-04-09
4535,3461,569.49,2023-03-08
4536,4031,437.59,2024-05-26
4537,2568,803.23,2023-06-10
4538,4736,417.77,2023-05-15
4539,1665,731.69,2023-11-29
4540,2721,611.24,2023-09-22
4541,889,506.25,2023-07-20
4542,37,368.72,2024-01-12
4543,10,481.25,2024-07-27
4544,1495,502.39,2023-01-13
4545,1950,378.32,2023-06-18
4546,1132,926.44,2024-06-03
4547,1835,819.28,2023-07-26
4548,3164,513.1,2023-11-04
4549,3027,580.22,2023-07-25
4550,192,706.09,2024-10-27
4551,365,577.32,2024-08-07
4552,2563,679.63,2023-10-21
4553,2219,361.34,2024-02-05
4554,3331,852.99,2023-11-05
4555,2551,594.82,2024-01-13
4556,546,548.86,2023-04-07
4557,3977,747.85,2023-06-05
4558,1900,939.5,2023-01-13
4559,1124,665.44,2023-07-27
4560,2276,696.87,2024-11-04
4561,1038,897.11,2023-10-01
4562,2431,549.01,2023-02-12
4563,3894,536.06,2024-10-22
4564,1405,840.67,2024-11-25
4565,4220,434.96,2024-07-11
4566,166,467.74,2024-05-14
4567,4756,760.58,2023-10-02
4568,247,944.85,2023-01-11
4569,531,352.2,2023-12-03
4570,3551,668.27,2024-08-13
4571,3963,634.45,2023-02-21
4572,1837,913.15,2024-03-18
4573,2109,892.36,2024-09-15
4574,3086,532.31,2023-05-18
4575,1253,851.05,2023-04-28
4576,3300,699.41,2024-11-30
4577,4288,714.15,2023-06-23
4578,4097,609.48,2024-05-13
4579,4780,835.89,2024-08-17
4580,1917,854.51,2024-05-27
4581,2620,721.83,2023-07-12
4582,2957,634.22,2023-05-12
4583,1636,784.86,2023-11-20
4584,1038,814.09,2024-11-19
4585,3299,370.0,2024-12-05
4586,3750,706.15,2024-07-14
4587,564,537.79,2023-11-23
4588,4343,421.72,2023-01-25
4589,293,396.4,2024-01-13
4590,2513,535.05,2024-01-04
4591,521,457.76,2024-01-16
4592,4017,491.05,2024-11-25
4593,4671,768.34,2023-10-02
4594,4187,841.63,2024-12-21
4595,468,438.01,2023-01-05
4596,1825,450.85,2024-06-14
4597,4049,860.99,2023-02-22
4598,3620,918.36,2024-08-14
4599,3149,778.68,2024-05-05
4600,4315,784.46,2023-08-29
4601,1229,747.8,2023-05-17
4602,3057,749.23,2024-09-04
4603,854,822.07,2024-01-05
4604,3706,487.65,2023-07-02
4605,1192,460.55,2024-12-20
4606,1106,591.09,2023-02-07
4607,739,622.08,2024-01-03
4608,2345,436.35,2024-09-30
4609,4349,662.37,2023-07-31
4610,1369,386.22,2024-09-20
4611,4707,845.19,2023-03-23
4612,1115,513.54,2023-08-02
4613,2547,681.4,2024-10-31
4614,309,781.45,2023-03-22
4615,4235,512.42,2023-12-06
4616,3322,767.21,2024-05-10
4617,1177,613.06,2023-12-25
4618,3929,468.14,2023-05-18
4619,1721,746.7,2024-08-29
4620,2384,684.55,2024-05-06
4621,3621,397.7,2024-02-08
4622,3857,490.23,2024-10-22
4623,4826,785.69,2023-02-19
4624,1261,423.27,2024-03-29
4625,326,417.53,2023-08-06
4626,1281,641.49,2023-01-12
4627,1587,935.09,2024-03-23
4628,4836,523.41,2024-05-04
4629,2197,495.06,2023-03-29
4630,4409,668.45,2024-01-05
4631,3660,741.0,2024-11-22
4632,3041,935.02,2024-01-18
4633,499,435.35,2024-06-07
4634,3288,917.35,2023-12-15
4635,4983,686.1,2023-03-30
4636,4712,531.71,2024-01-09
4637,692,635.18,2023-09-09
4638,4192,595.11,2024-07-19
4639,4999,366.26,2023-12-25
4640,2467,901.88,2024-10-07
4641,1827,881.82,2023-07-19
4642,1176,936.09,2023-08-16
4643,3032,543.59,2024-08-27
4644,4946,784.32,2023-07-20
4645,4895,619.46,2023-01-12
4646,2659,839.68,2023-01-17
4647,26,731.55,2024-12-26
4648,2408,859.93,2023-01-03
4649,4967,454.08,2023-05-26
4650,2969,690.71,2023-09-10
4651,3397,628.29,2023-02-18
4652,3652,831.91,2023-03-30
4653,350,583.49,2023-01-23
4654,817,795.91,2023-03-29
4655,1906,728.67,2023-01-05
4656,1835,431.46,2023-08-05
4657,1307,499.86,2024-12-27
4658,2497,484.27,2024-12-05
4659,4047,782.45,2023-09-23
4660,2611,474.66,2024-03-16
4661,2745,589.47,2023-05-21
4662,3197,635.34,2023-11-16
4663,818,862.39,2023-03-24
4664,3240,482.29,2024-06-04
4665,1355,500.54,2024-08-20
4666,3136,901.82,2023-06-21
4667,1859,897.35,2024-10-13
4668,3996,435.87,2024-12-07
4669,4403,840.03,2023-08-12
4670,4688,606.59,2024-12-18
4671,405,708.37,2024-08-25
4672,3113,768.68,2024-04-14
4673,4771,464.16,2023-03-23
4674,34,559.92,2023-04-08
4675,2894,728.0,2024-04-15
4676,572,726.57,2023-03-03
4677,4349,846.68,2024-02-27
4678,3035,470.04,2023-12-16
4679,4711,773.4,2024-06-29
4680,2967,788.59,2023-03-06
4681,2992,736.02,2023-07-25
4682,1269,387.18,2024-09-23
4683,1398,685.05,2024-10-31
4684,3049,492.56,2023-06-04
4685,2254,733.68,2023-12-06
4686,74,772.64,2023-11-23
4687,1396,779.95,2024-11-30
4688,4362,926.87,2023-02-24
4689,3415,507.82,2024-06-23
4690,3351,423.3,2024-10-02
4691,2570,618.12,2024-04-12
4692,4826,699.15,2024-11-23
4693,1516,510.84,2024-12-26
4694,3279,762.84,2024-09-11
4695,1397,919.58,2024-08-26
4696,3551,470.69,2024-06-24
4697,4609,696.44,2024-06-05
4698,89,411.99,2024-12-28
4699,3452,576.31,2024-09-19
4700,1579,849.01,2023-02-04
4701,2624,536.79,2024-02-17
4702,2291,931.06,2023-06-22
4703,2359,720.86,2023-11-11
4704,1163,795.18,2023-07-02
4705,4425,404.22,2024-06-10
4706,1571,442.75,2024-01-08
4707,675,843.31,2024-01-20
4708,3239,824.58,2024-08-31
4709,538,640.61,2024-07-03
4710,1491,855.13,2023-06-10
4711,4962,625.15,2023-07-09
4712,922,493.48,2024-09-22
4713,182,684.13,2024-03-14
4714,159,451.03,2023-05-13
4715,4802,591.39,2023-03-17
4716,3363,563.39,2023-02-19
4717,960,777.15,2023-10-09
4718,489,527.51,2024-11-11
4719,82,799.73,2023-08-02
4720,2557,938.62,2023-04-10
4721,3933,600.63,2024-11-11
4722,3999,418.5,2024-05-26
4723,3911,638.2,2024-09-30
4724,1775,661.86,2023-11-01
4725,181,507.06,2023-02-01
4726,2226,844.49,2023-06-05
4727,355,746.18,2024-03-09
4728,3312,782.61,2024-05-20
4729,4352,601.15,2024-01-08
4730,4863,761.67,2023-09-13
4731,113,771.53,2023-03-19
4732,1218,427.67,2024-09-10
4733,2466,420.72,2023-09-07
4734,2649,500.84,2023-07-22
4735,998,652.65,2023-01-14
4736,2841,801.5,2024-09-27
4737,4503,841.15,2023-05-31
4738,535,802.44,2023-05-23
4739,3071,895.44,2023-08-16
4740,1422,867.47,2023-10-09
4741,72,773.85,2024-06-17
4742,2415,730.86,2024-10-26
4743,4080,526.75,2023-07-23
4744,4349,495.78,2023-03-23
4745,3335,434.04,2023-09-06
4746,1193,542.22,2023-05-17
4747,4177,649.81,2023-11-12
4748,211,434.13,2023-04-26
4749,1612,476.44,2023-06-05
4750,3921,603.79,2023-01-21
4751,1696,701.77,2023-07-04
4752,1009,687.62,2024-02-25
4753,2678,650.31,2023-02-08
4754,3183,504.79,2023-08-07
4755,4194,572.79,2023-12-06
4756,517,433.3,2024-08-18
4757,4154,604.57,2024-12-20
4758,1934,862.88,2024-06-13
4759,248,543.77,2023-09-08
4760,69,718.32,2024-02-05
4761,4789,367.37,2024-11-05
4762,2427,913.05,2023-07-24
4763,2589,363.85,2024-04-30
4764,1906,924.93,2023-04-22
4765,4486,843.73,2023-12-12
4766,1933,866.3,2024-04-15
4767,2964,493.97,2023-12-26
4768,4875,751.46,2023-09-21
4769,365,692.03,2023-11-19
4770,1999,948.4,2023-07-17
4771,1390,736.98,2024-11-26
4772,2030,941.15,2023-07-21
4773,2683,873.7,2024-02-07
4774,4718,800.5,2023-10-25
4775,2491,495.94,2024-06-13
4776,165,446.38,2023-09-30
4777,4088,798.68,2024-11-10
4778,1443,634.0,2024-07-10
4779,40,846.45,2024-02-08
4780,3094,500.67,2023-11-13
4781,4522,568.97,2024-10-19
4782,3332,836.34,2024-07-14
4783,3088,659.1,2023-06-24
4784,3263,799.33,2024-05-27
4785,2923,779.17,2023-04-23
4786,1208,638.14,2023-02-24
4787,781,411.89,2023-07-28
4788,3450,383.59,2023-08-20
4789,4070,357.2,2024-12-16
4790,2626,552.09,2024-01-01
4791,3355,776.45,2023-04-17
4792,2739,513.75,2023-04-02
4793,2280,455.55,2023-08-14
4794,4409,600.84,2023-11-10
4795,2581,362.87,2023-11-09
4796,1024,484.85,2024-10-30
4797,4547,452.08,2023-12-30
4798,4217,388.57,2024-12-29
4799,277,400.85,2023-01-10
4800,894,752.78,2024-08-13
4801,204,556.58,2024-11-10
4802,2480,786.34,2023-06-24
4803,4447,411.05,2023-11-09
4804,2599,652.42,2023-02-05
4805,4324,415.41,2024-10-10
4806,3252,770.16,2023-12-06
4807,2921,410.63,2024-05-17
4808,1174,589.3,2023-10-26
4809,2235,564.35,2024-03-02
4810,3048,853.57,2023-06-12
4811,2379,646.46,2024-07-24
4812,1115,764.17,2023-11-20
4813,4379,864.02,2024-01-01
4814,4827,649.3,2023-06-02
4815,393,572.32,2023-05-04
4816,704,580.08,2023-01-23
4817,1147,606.73,2023-11-05
4818,4792,611.81,2024-04-14
4819,4049,609.79,2023-05-05
4820,4785,456.06,2023-05-16
4821,4744,839.92,2024-02-16
4822,2029,613.72,2023-12-16
4823,2845,849.76,2024-11-10
4824,3628,723.69,2023-11-01
4825,1903,412.22,2024-12-01
4826,4887,463.66,2024-01-28
4827,3130,616.75,2023-04-05
4828,751,590.16,2024-01-02
4829,1662,551.17,2023-05-19
4830,4971,842.64,2024-07-26
4831,3259,450.13,2024-08-11
4832,667,671.82,2024-10-14
4833,4792,470.56,2024-11-05
4834,3826,553.98,2023-09-13
4835,3720,730.84,2024-05-04
4836,2903,928.96,2023-08-10
4837,638,817.79,2023-12-01
4838,4261,794.5,2023-05-27
4839,191,633.07,2023-07-30
4840,4296,693.07,2023-09-15
4841,3900,749.67,2024-11-16
4842,4538,551.63,2024-10-13
4843,425,616.39,2023-09-24
4844,2832,497.67,2023-08-06
4845,2242,400.85,2023-07-09
4846,1789,877.78,2023-11-03
4847,3331,765.86,2024-10-24
4848,4450,544.53,2024-01-20
4849,4698,589.44,2024-12-06
4850,1276,782.01,2023-01-07
4851,3255,923.36,2023-09-30
4852,3774,534.57,2024-12-29
4853,2790,572.33,2023-01-17
4854,1833,635.46,2023-01-13
4855,1017,888.94,2024-02-24
4856,1,543.74,2024-05-16
4857,356,516.57,2024-05-06
4858,4165,863.77,2024-11-15
4859,517,899.09,2023-05-16
4860,1902,637.77,2023-06-30
4861,4554,631.33,2023-08-31
4862,2963,643.39,2024-06-15
4863,2931,610.31,2023-06-05
4864,3386,558.53,2024-09-25
4865,4749,742.86,2023-03-04
4866,2562,520.34,2023-03-25
4867,4069,763.67,2023-09-17
4868,789,603.63,2024-03-08
4869,3998,519.64,2023-10-12
4870,4305,689.06,2024-02-08
4871,975,763.72,2023-12-11
4872,845,744.36,2024-03-18
4873,117,360.42,2023-01-13
4874,2087,520.51,2023-07-28
4875,2980,791.85,2023-08-22
4876,2813,782.1,2023-04-19
4877,16,378.34,2024-11-16
4878,3860,370.05,2024-04-02
4879,3537,364.69,2024-12-03
4880,2174,805.21,2024-01-11
4881,1820,361.67,2024-11-01
4882,3753,732.0,2023-10-15
4883,719,565.79,2024-05-06
4884,2264,804.16,2023-06-07
4885,697,943.35,2024-07-04
4886,995,497.45,2023-03-02
4887,4990,926.44,2023-09-04
4888,4307,382.87,2024-07-15
4889,450,674.1,2024-05-18
4890,2882,812.41,2024-04-09
4891,2436,414.09,2023-06-28
4892,3423,360.69,2023-06-15
4893,3471,729.54,2024-03-25
4894,2184,555.5,2024-06-09
4895,3162,394.17,2024-06-18
4896,4668,731.15,2023-09-21
4897,1071,803.89,2024-01-28
4898,1233,868.29,2023-10-29
4899,4392,670.84,2024-05-29
4900,1064,882.49,2023-02-01
4901,1318,800.29,2023-05-27
4902,2857,935.41,2024-03-15
4903,2849,827.12,2023-06-02
4904,1271,363.06,2023-07-13
4905,4410,522.26,2024-06-20
4906,510,490.19,2023-06-28
4907,2891,411.44,2024-04-22
4908,947,584.92,2023-03-06
4909,4935,553.46,2023-11-01
4910,3360,624.29,2023-07-14
4911,4895,359.04,2024-11-03
4912,2366,924.32,2023-04-19
4913,4477,570.25,2023-02-08
4914,3640,392.01,2023-03-21
4915,1700,651.76,2023-07-24
4916,2825,390.06,2024-03-22
4917,2022,566.52,2024-04-17
4918,3275,570.56,2023-10-11
4919,4398,766.65,2024-07-21
4920,2645,882.06,2024-12-25
4921,3753,595.44,2023-01-02
4922,3487,932.04,2023-08-25
4923,2325,817.81,2024-02-04
4924,3969,477.15,2023-01-18
4925,1516,415.15,2024-09-03
4926,3912,585.24,2023-05-04
4927,3920,846.29,2023-07-25
4928,1135,825.73,2023-11-07
4929,686,638.39,2024-11-19
4930,1518,566.04,2023-05-03
4931,2399,559.76,2024-06-04
4932,2689,363.37,2024-07-09
4933,1487,701.16,2024-08-06
4934,127,716.93,2023-01-11
4935,894,383.64,2024-01-23
4936,2010,871.61,2024-08-19
4937,324,357.81,2023-04-15
4938,4931,699.52,2024-04-03
4939,1909,690.47,2023-10-06
4940,4596,803.98,2023-09-11
4941,2501,350.23,2023-08-06
4942,4922,371.85,2024-11-24
4943,8,621.57,2024-05-01
4944,538,892.74,2024-04-17
4945,1442,836.71,2024-09-01
4946,3984,378.61,2023-09-24
4947,2576,382.99,2024-01-17
4948,4467,917.56,2024-10-06
4949,4128,792.58,2024-11-12
4950,356,452.86,2023-09-16
4951,3276,752.12,2024-08-26
4952,2329,726.77,2023-08-01
4953,3860,524.31,2023-06-02
4954,2658,644.22,2024-08-30
4955,4183,482.73,2023-11-13
4956,1074,412.57,2023-11-25
4957,1679,654.9,2023-07-21
4958,1966,451.12,2023-08-10
4959,299,391.13,2024-08-30
4960,1790,679.45,2024-01-29
4961,4210,814.96,2023-05-20
4962,3255,629.72,2023-06-27
4963,2023,556.11,2023-04-13
4964,524,708.34,2023-10-22
4965,1573,596.39,2023-10-17
4966,4020,838.19,2024-02-02
4967,1130,701.89,2024-07-25
4968,4450,439.86,2024-01-01
4969,2779,916.78,2023-08-03
4970,580,905.4,2024-10-18
4971,2107,525.51,2023-11-12
4972,3198,709.81,2023-11-03
4973,4216,665.31,2023-12-10
4974,3211,469.59,2023-10-19
4975,4004,409.25,2024-03-16
4976,4532,736.4,2023-03-01
4977,872,865.05,2024-04-28
4978,3750,401.65,2024-07-12
4979,3539,943.84,2024-02-06
4980,3005,506.2,2024-02-10
4981,2968,906.0,2023-02-22
4982,1193,468.39,2024-02-17
4983,2482,818.36,2023-11-02
4984,277,632.85,2023-04-23
4985,2067,863.75,2023-03-25
4986,186,540.65,2023-09-08
4987,2711,795.94,2023-03-29
4988,1567,615.46,2024-06-03
4989,1916,775.74,2024-08-28
4990,4023,770.14,2024-08-09
4991,1224,822.59,2024-09-17
4992,836,385.17,2024-07-13
4993,348,614.76,2024-07-08
4994,3044,883.95,2024-06-03
4995,2651,715.76,2024-10-05
4996,4907,401.39,2024-09-23
4997,1428,658.56,2024-11-22
4998,1221,420.66,2024-04-18
4999,3553,948.27,2024-08-24
5000,3515,828.74,2023-08-21
