po_id,vendor_id,material_id,quantity_tons,price_per_ton,total_value,order_date
10001,689,1293,16.91,404.9,6846.86,2024-06-07
10002,4837,2216,22.82,754.6,17219.97,2023-06-19
10003,4135,1233,17.0,604.08,10269.36,2024-04-19
10004,3909,410,19.52,585.26,11424.28,2023-10-01
10005,966,2119,5.86,562.78,3297.89,2023-04-01
10006,2905,3500,20.8,604.11,12565.49,2023-02-15
10007,2033,1451,14.89,681.11,10141.73,2024-05-14
10008,4532,4573,10.68,886.26,9465.26,2023-08-18
10009,877,3771,11.67,576.43,6726.94,2024-08-17
10010,3262,1489,20.96,832.89,17457.37,2023-10-27
10011,3455,2319,17.8,880.86,15679.31,2024-09-16
10012,2170,3517,12.53,678.08,8496.34,2023-01-27
10013,1243,531,10.31,657.02,6773.88,2024-03-30
10014,838,3162,5.23,686.5,3590.4,2023-05-26
10015,4752,1992,8.2,910.05,7462.41,2024-10-07
10016,1025,3,13.13,675.57,8870.23,2024-05-29
10017,1819,2179,24.35,926.09,22550.29,2024-07-01
10018,1868,337,13.0,768.01,9984.13,2024-03-22
10019,3929,1240,7.75,505.12,3914.68,2024-06-23
10020,3481,181,13.9,695.45,9666.76,2024-09-30
10021,606,1757,21.66,403.51,8740.03,2023-04-26
10022,2034,2931,16.73,804.01,13451.09,2024-11-08
10023,1338,1676,20.11,709.81,14274.28,2024-02-22
10024,3340,4,7.16,478.01,3422.55,2023-12-16
10025,2085,2632,8.73,499.18,4357.84,2024-07-23
10026,180,1357,15.22,590.36,8985.28,2024-01-04
10027,2475,4060,23.13,517.05,11959.37,2023-05-29
10028,3514,2605,10.24,719.77,7370.44,2024-10-27
10029,2369,2242,5.63,465.95,2623.3,2023-01-29
10030,518,3851,20.75,599.83,12446.47,2024-05-10
10031,536,4226,22.93,908.81,20839.01,2023-05-10
10032,4696,4478,19.0,706.73,13427.87,2024-10-07
10033,24,3283,5.84,674.63,3939.84,2024-04-17
10034,2225,653,21.67,437.28,9475.86,2024-03-29
10035,857,1856,10.42,660.18,6879.08,2023-12-01
10036,3085,2172,17.45,901.47,15730.65,2024-07-13
10037,2040,4766,13.44,747.9,10051.78,2024-02-10
10038,2553,4152,18.93,679.73,12867.29,2024-01-26
10039,740,2682,16.34,763.21,12470.85,2023-12-15
10040,404,907,16.77,937.34,15719.19,2023-05-08
10041,1480,480,17.27,783.43,13529.84,2024-12-04
10042,2019,3126,20.62,946.81,19523.22,2024-12-12
10043,3887,644,5.89,418.03,2462.2,2024-03-08
10044,4883,4406,18.66,387.12,7223.66,2024-07-22
10045,2576,2037,21.15,474.28,10031.02,2024-02-25
10046,820,4217,24.52,738.57,18109.74,2024-08-16
10047,458,3105,10.2,573.43,5848.99,2024-05-12
10048,4690,2467,5.15,364.86,1879.03,2023-05-20
10049,2050,1466,10.97,932.76,10232.38,2023-02-18
10050,3073,2245,10.87,575.8,6258.95,2024-07-24
10051,3363,410,17.27,608.8,10513.98,2023-12-01
10052,118,2546,20.78,507.28,10541.28,2023-11-19
10053,3630,2785,13.47,568.51,7657.83,2024-07-04
10054,2528,2613,22.85,692.73,15828.88,2023-08-15
10055,4986,237,8.85,653.85,5786.57,2024-03-11
10056,3028,2115,7.62,864.22,6585.36,2024-02-19
10057,1510,3431,22.52,819.97,18465.72,2023-12-11
10058,3249,2737,19.01,382.52,7271.71,2024-09-10
10059,440,76,17.16,487.34,8362.75,2024-12-12
10060,1530,971,23.64,605.3,14309.29,2023-06-29
10061,3703,3508,8.04,458.63,3687.39,2024-05-04
10062,3287,1101,18.88,634.37,11976.91,2023-11-20
10063,850,648,17.27,584.09,10087.23,2023-07-01
10064,757,3052,10.62,940.1,9983.86,2024-05-30
10065,4236,3181,21.31,500.72,10670.34,2023-03-03
10066,4398,123,5.12,892.66,4570.42,2023-04-21
10067,3245,3942,14.49,659.76,9559.92,2024-12-29
10068,1605,649,14.89,685.3,10204.12,2023-06-27
10069,2936,3638,16.56,879.49,14564.35,2023-01-14
10070,1106,3347,23.62,513.92,12138.79,2023-09-27
10071,3482,624,22.05,733.16,16166.18,2023-05-31
10072,439,1671,19.61,901.71,17682.53,2024-06-25
10073,3922,2803,10.02,791.25,7928.32,2023-08-22
10074,3162,4361,13.6,767.86,10442.9,2023-02-19
10075,1383,3019,14.22,560.21,7966.19,2023-09-29
10076,1048,1011,23.96,454.9,10899.4,2024-11-18
10077,4125,2657,16.15,800.71,12931.47,2023-09-17
10078,2199,387,12.24,801.45,9809.75,2023-02-02
10079,2503,3010,18.52,607.54,11251.64,2023-10-20
10080,1194,1613,18.04,553.12,9978.28,2023-03-20
10081,1263,3666,7.23,916.68,6627.6,2023-10-20
10082,4025,696,20.4,718.87,14664.95,2024-04-06
10083,1690,1990,13.77,814.13,11210.57,2024-11-11
10084,1363,4009,10.87,734.91,7988.47,2023-06-23
10085,4548,4415,5.61,870.57,4883.9,2024-01-24
10086,3890,2897,18.7,841.79,15741.47,2023-01-13
10087,552,4971,18.1,386.47,6995.11,2024-02-01
10088,2089,2695,24.25,846.02,20515.99,2024-10-12
10089,1881,2663,8.89,581.97,5173.71,2024-07-12
10090,1880,2712,15.06,436.9,6579.71,2023-08-24
10091,851,4217,22.62,357.09,8077.38,2023-03-12
10092,3885,4139,19.3,587.8,11344.54,2023-10-21
10093,3482,2830,15.28,390.18,5961.95,2023-06-26
10094,2945,2144,10.58,502.64,5317.93,2023-09-26
10095,1723,4384,13.55,845.51,11456.66,2024-01-06
10096,1782,3690,18.77,635.07,11920.26,2024-12-22
10097,2626,1974,20.69,414.29,8571.66,2024-10-21
10098,3740,4116,16.92,438.25,7415.19,2024-06-08
10099,3163,4653,18.22,874.48,15933.03,2024-08-16
10100,4215,1270,13.51,701.8,9481.32,2024-12-08
10101,2577,3943,16.98,533.65,9061.38,2024-08-15
10102,858,2247,19.06,852.51,16248.84,2024-04-05
10103,1906,299,18.62,502.28,9352.45,2023-04-02
10104,4428,3124,22.24,941.9,20947.86,2024-12-28
10105,1669,4561,10.05,510.68,5132.33,2024-10-26
10106,4272,1929,9.53,619.72,5905.93,2023-09-01
10107,924,4504,16.36,411.92,6739.01,2024-05-26
10108,1288,4642,5.6,901.97,5051.03,2023-08-04
10109,4217,405,24.67,660.25,16288.37,2024-12-29
10110,1375,1194,16.56,904.47,14978.02,2023-05-05
10111,1517,1885,5.9,420.18,2479.06,2023-06-29
10112,4277,3162,22.78,359.77,8195.56,2024-04-17
10113,245,4161,13.68,418.77,5728.77,2024-10-08
10114,3940,3165,16.94,870.7,14749.66,2023-05-05
10115,2421,1552,5.22,400.17,2088.89,2024-01-17
10116,506,1928,12.67,405.76,5140.98,2024-07-20
10117,1999,697,10.79,541.59,5843.76,2024-08-26
10118,3954,2264,15.21,378.42,5755.77,2024-03-07
10119,4509,1133,20.66,809.86,16731.71,2023-07-19
10120,4823,2592,11.3,595.2,6725.76,2024-11-23
10121,1627,139,20.8,370.92,7715.14,2024-04-13
10122,1495,29,21.71,592.57,12864.69,2024-01-14
10123,2699,4820,21.35,517.37,11045.85,2024-01-24
10124,161,378,13.75,394.72,5427.4,2024-03-22
10125,3195,3458,13.66,888.13,12131.86,2023-10-03
10126,3220,3039,6.84,357.83,2447.56,2023-11-03
10127,1842,2312,22.35,775.38,17329.74,2023-01-02
10128,824,3268,21.16,674.99,14282.79,2024-09-20
10129,2203,3846,21.36,899.78,19219.3,2023-02-12
10130,4602,1595,15.46,359.03,5550.6,2024-03-16
10131,4539,1154,13.39,471.38,6311.78,2024-01-22
10132,3320,1306,15.69,690.48,10833.63,2024-02-02
10133,4326,1918,17.14,820.95,14071.08,2024-07-06
10134,4635,970,13.67,683.25,9340.03,2024-04-28
10135,3976,596,15.58,759.28,11829.58,2024-01-08
10136,3513,1480,5.61,831.71,4665.89,2024-01-07
10137,3724,3089,14.07,396.52,5579.04,2023-01-24
10138,183,713,18.86,492.05,9280.06,2023-05-16
10139,2937,3724,13.63,770.93,10507.78,2024-10-08
10140,1531,3115,15.44,685.44,10583.19,2023-01-16
10141,48,4683,11.05,397.2,4389.06,2024-01-13
10142,3777,2960,23.69,914.45,21663.32,2023-12-10
10143,965,3773,15.21,932.91,14189.56,2024-05-13
10144,1131,4000,14.14,773.64,10939.27,2023-10-31
10145,612,792,12.7,460.93,5853.81,2024-07-08
10146,4518,1186,18.46,850.87,15707.06,2023-10-15
10147,3300,1129,6.84,777.66,5319.19,2024-03-22
10148,4942,3912,10.33,447.63,4624.02,2023-12-09
10149,438,2166,15.24,394.67,6014.77,2024-01-11
10150,4535,2840,10.33,429.13,4432.91,2024-11-28
10151,372,2613,10.87,641.66,6974.84,2024-03-21
10152,4735,1160,20.59,425.85,8768.25,2023-05-10
10153,1,4707,21.89,570.3,12483.87,2023-01-19
10154,3272,1799,23.76,379.87,9025.71,2024-12-22
10155,433,3764,22.97,596.01,13690.35,2023-06-25
10156,3851,1456,9.23,431.61,3983.76,2024-05-30
10157,2688,2294,8.26,685.99,5666.28,2023-01-06
10158,4233,1498,6.17,641.28,3956.7,2023-06-14
10159,1970,739,18.78,780.25,14653.1,2023-05-20
10160,4443,3057,24.87,393.49,9786.1,2023-01-07
10161,2879,4608,14.63,385.35,5637.67,2024-10-18
10162,750,952,18.96,919.27,17429.36,2024-08-11
10163,1459,3800,12.44,350.62,4361.71,2023-04-22
10164,2581,1524,24.62,744.16,18321.22,2024-03-13
10165,2972,1863,6.62,878.07,5812.82,2024-03-27
10166,1636,360,6.06,691.71,4191.76,2023-02-03
10167,4864,2572,14.25,835.8,11910.15,2024-11-27
10168,2101,710,5.29,924.19,4888.97,2024-05-31
10169,2681,2401,16.48,537.36,8855.69,2023-08-21
10170,4649,4276,21.21,434.51,9215.96,2024-04-24
10171,1748,3377,13.26,683.2,9059.23,2023-12-19
10172,3869,947,7.63,504.25,3847.43,2024-02-28
10173,4217,1158,21.73,402.85,8753.93,2024-04-30
10174,4411,678,9.04,536.51,4850.05,2023-08-07
10175,580,291,23.03,785.21,18083.39,2023-09-22
10176,4600,3304,11.65,442.24,5152.1,2023-08-16
10177,2432,1748,18.69,391.23,7312.09,2024-01-04
10178,1983,2764,13.76,664.41,9142.28,2023-06-05
10179,2237,4471,13.41,386.29,5180.15,2024-03-21
10180,1588,4820,5.78,607.56,3511.7,2024-07-15
10181,2060,2455,9.38,780.65,7322.5,2024-07-08
10182,1449,2605,15.07,678.3,10221.98,2023-08-22
10183,2441,3326,12.65,938.84,11876.33,2023-05-22
10184,435,3650,15.8,548.51,8666.46,2024-03-30
10185,3224,2950,23.54,772.81,18191.95,2024-04-04
10186,2984,3253,17.4,561.46,9769.4,2023-06-13
10187,80,4867,9.12,459.66,4192.1,2023-02-04
10188,2659,878,15.82,549.98,8700.68,2023-02-13
10189,226,4916,14.87,769.9,11448.41,2023-04-15
10190,683,821,22.79,409.84,9340.25,2024-04-18
10191,777,4924,20.58,914.84,18827.41,2024-12-04
10192,2417,3647,5.38,547.12,2943.51,2024-11-29
10193,1452,1378,12.78,762.04,9738.87,2024-10-11
10194,3039,1916,5.48,780.25,4275.77,2023-11-19
10195,682,1452,21.35,909.3,19413.56,2023-01-01
10196,1493,3586,22.86,750.12,17147.74,2023-11-18
10197,2928,488,20.7,890.06,18424.24,2023-01-11
10198,416,647,8.16,600.61,4900.98,2023-11-24
10199,1500,2843,7.22,478.76,3456.65,2024-11-01
10200,3606,2784,18.73,702.92,13165.69,2023-02-02
10201,4034,819,13.76,376.3,5177.89,2024-03-29
10202,3799,4874,19.08,856.71,16346.03,2024-07-17
10203,4833,3000,5.99,562.32,3368.3,2024-10-21
10204,539,395,5.56,488.36,2715.28,2023-01-10
10205,1772,2491,24.65,522.71,12884.8,2023-01-13
10206,971,25,9.07,888.36,8057.43,2023-10-12
10207,1758,3510,11.96,912.61,10914.82,2023-02-16
10208,2329,528,15.13,769.24,11638.6,2023-03-15
10209,769,1814,15.86,726.12,11516.26,2024-10-31
10210,1428,4469,11.74,719.22,8443.64,2024-01-03
10211,3063,4646,11.92,800.03,9536.36,2023-12-15
10212,579,273,7.93,566.81,4494.8,2023-03-02
10213,4732,107,13.15,642.14,8444.14,2024-10-21
10214,4486,482,5.38,692.72,3726.83,2023-03-17
10215,3912,2153,15.93,780.28,12429.86,2023-02-15
10216,3924,4104,20.57,887.26,18250.94,2023-10-01
10217,1785,1588,18.89,425.18,8031.65,2024-08-06
10218,3072,1844,21.97,534.05,11733.08,2023-01-22
10219,3089,1288,5.06,644.47,3261.02,2023-12-09
10220,2851,91,11.56,480.78,5557.82,2023-03-16
10221,2565,2090,14.86,941.22,13986.53,2023-05-14
10222,867,3764,22.98,460.19,10575.17,2024-07-04
10223,1531,4692,10.1,699.27,7062.63,2024-12-20
10224,1814,2521,20.58,481.3,9905.15,2023-12-05
10225,262,4681,22.12,391.85,8667.72,2023-02-10
10226,381,2918,17.86,885.41,15813.42,2023-09-08
10227,4432,4553,5.11,808.58,4131.84,2024-02-28
10228,1241,956,15.21,495.79,7540.97,2023-04-01
10229,1115,54,12.68,616.44,7816.46,2023-10-16
10230,3740,2737,22.93,550.71,12627.78,2024-07-30
10231,3696,2649,16.13,939.21,15149.46,2024-08-02
10232,4862,4863,22.21,402.64,8942.63,2024-03-09
10233,1892,1969,11.23,587.14,6593.58,2024-03-05
10234,70,1159,18.42,879.38,16198.18,2024-04-13
10235,637,2096,12.4,662.4,8213.76,2024-04-18
10236,4882,1033,24.67,883.96,21807.29,2023-01-02
10237,2821,1328,23.15,418.72,9693.37,2023-08-20
10238,1483,1549,19.27,680.44,13112.08,2024-03-17
10239,4981,1401,19.01,450.95,8572.56,2023-03-11
10240,1020,4279,12.05,896.23,10799.57,2024-08-09
10241,2999,4633,23.2,783.67,18181.14,2023-04-07
10242,4122,3577,13.67,813.68,11123.01,2023-08-05
10243,4511,669,15.71,549.39,8630.92,2024-08-25
10244,3800,3854,22.61,691.39,15632.33,2023-06-21
10245,4555,4234,19.08,406.52,7756.4,2023-02-15
10246,2783,1937,19.18,800.25,15348.8,2024-05-05
10247,4947,1770,15.7,834.98,13109.19,2023-03-10
10248,1267,4166,15.95,575.26,9175.4,2024-08-18
10249,4171,2262,14.59,453.43,6615.54,2023-12-06
10250,438,787,24.23,536.6,13001.82,2024-06-10
10251,3906,1332,7.76,783.43,6079.42,2023-01-02
10252,2413,4397,6.08,680.72,4138.78,2023-05-11
10253,1874,1109,17.51,853.21,14939.71,2024-11-09
10254,727,2273,23.91,385.5,9217.31,2023-10-13
10255,1732,1079,14.75,517.26,7629.59,2024-06-21
10256,2949,4730,19.96,389.62,7776.82,2024-09-08
10257,1037,107,19.21,770.66,14804.38,2023-05-11
10258,416,2270,5.72,474.71,2715.34,2024-12-13
10259,1070,3596,7.99,861.43,6882.83,2024-05-24
10260,846,1997,12.18,908.22,11062.12,2024-01-17
10261,1071,4124,19.36,374.86,7257.29,2023-04-06
10262,3336,2077,13.36,881.8,11780.85,2024-02-10
10263,471,2822,8.94,759.31,6788.23,2024-09-01
10264,3744,3766,9.62,846.91,8147.27,2023-12-31
10265,4402,1838,12.96,700.74,9081.59,2023-05-16
10266,1327,4901,20.36,760.27,15479.1,2023-04-02
10267,607,3848,13.31,880.08,11713.86,2023-11-02
10268,1304,4769,12.56,714.87,8978.77,2024-06-27
10269,239,2160,9.36,916.47,8578.16,2023-09-11
10270,2261,548,21.84,795.12,17365.42,2024-09-26
10271,4649,665,12.74,447.32,5698.86,2023-07-27
10272,115,4105,23.78,601.88,14312.71,2023-02-27
10273,3020,3422,12.34,684.31,8444.39,2024-02-07
10274,333,3139,14.21,801.89,11394.86,2023-08-28
10275,690,4673,19.01,907.92,17259.56,2024-06-08
10276,496,2484,21.08,567.23,11957.21,2024-08-18
10277,2087,2462,10.74,807.84,8676.2,2024-11-02
10278,3208,1609,5.72,929.19,5314.97,2024-12-02
10279,1841,4650,11.12,812.13,9030.89,2024-03-02
10280,4953,3088,11.88,531.38,6312.79,2023-06-21
10281,1384,3157,14.07,427.69,6017.6,2023-05-18
10282,725,2421,13.68,850.41,11633.61,2023-05-31
10283,1126,2815,10.11,821.5,8305.36,2024-11-01
10284,1240,831,16.1,542.34,8731.67,2024-11-26
10285,322,4373,15.29,657.94,10059.9,2024-05-19
10286,804,3339,23.98,706.47,16941.15,2023-06-01
10287,694,4922,17.79,784.61,13958.21,2024-08-07
10288,1647,4586,18.65,508.2,9477.93,2023-12-13
10289,2308,3776,21.1,882.42,18619.06,2023-07-11
10290,2988,4356,22.78,750.03,17085.68,2023-08-30
10291,1658,285,9.5,506.45,4811.27,2024-12-07
10292,2997,4334,9.82,397.21,3900.6,2024-05-26
10293,2188,3030,13.11,574.32,7529.34,2024-04-23
10294,4618,2201,20.57,584.24,12017.82,2024-05-26
10295,4808,2198,11.62,622.12,7229.03,2024-10-12
10296,1966,3577,11.71,469.62,5499.25,2024-01-15
10297,2219,3220,16.29,944.68,15388.84,2024-01-31
10298,4119,3132,23.62,706.79,16694.38,2023-03-07
10299,1037,648,13.62,893.57,12170.42,2023-07-01
10300,4387,65,11.87,571.96,6789.17,2024-08-09
10301,2510,4162,11.64,853.26,9931.95,2023-03-31
10302,3270,4882,21.3,461.22,9823.99,2023-05-27
10303,4717,3124,11.46,913.97,10474.1,2024-02-11
10304,925,1963,11.04,618.01,6822.83,2023-01-14
10305,1120,1963,14.06,938.5,13195.31,2024-01-12
10306,973,2177,20.54,703.1,14441.67,2023-07-05
10307,2343,432,12.7,909.88,11555.48,2024-11-14
10308,4781,1601,24.07,740.4,17821.43,2023-09-11
10309,3404,954,20.85,444.45,9266.78,2023-11-05
10310,1749,458,20.54,881.68,18109.71,2024-04-08
10311,3752,1852,16.33,482.01,7871.22,2023-04-17
10312,149,246,24.22,758.4,18368.45,2024-06-30
10313,4061,4349,17.91,788.52,14122.39,2023-12-31
10314,986,651,23.4,435.25,10184.85,2024-01-13
10315,4563,2301,19.6,617.98,12112.41,2023-11-22
10316,2289,1444,8.13,567.65,4614.99,2024-03-19
10317,3774,2128,22.78,653.29,14881.95,2023-10-01
10318,4081,399,21.88,740.29,16197.55,2023-04-26
10319,1341,208,14.94,735.69,10991.21,2024-12-09
10320,1210,1824,15.58,827.98,12899.93,2024-03-31
10321,3523,3280,14.26,429.23,6120.82,2024-11-29
10322,3835,28,11.48,462.98,5315.01,2023-04-25
10323,383,2926,10.57,387.17,4092.39,2023-06-06
10324,516,202,21.27,909.46,19344.21,2024-01-12
10325,374,298,11.51,661.49,7613.75,2023-01-26
10326,1460,1049,23.42,640.31,14996.06,2023-03-09
10327,1597,983,11.18,541.87,6058.11,2024-03-11
10328,4700,1012,5.53,530.67,2934.61,2023-08-11
10329,712,4050,20.26,667.45,13522.54,2023-06-18
10330,1623,3098,23.17,469.08,10868.58,2024-09-29
10331,4245,3202,11.92,775.51,9244.08,2023-06-30
10332,1528,4716,23.13,366.07,8467.2,2024-10-08
10333,2818,1048,22.12,820.46,18148.58,2024-01-18
10334,1747,1923,24.33,561.35,13657.65,2023-06-01
10335,3627,1859,8.38,733.96,6150.58,2024-12-17
10336,4943,4981,17.32,886.17,15348.46,2023-06-28
10337,3881,1820,5.03,568.15,2857.79,2023-12-29
10338,3497,714,9.51,485.98,4621.67,2024-06-03
10339,3254,751,12.0,370.86,4450.32,2023-02-20
10340,4190,1536,16.02,625.47,10020.03,2024-02-03
10341,990,4143,17.14,822.75,14101.94,2023-06-12
10342,317,809,21.6,469.94,10150.7,2023-01-15
10343,818,2902,14.83,443.58,6578.29,2024-10-22
10344,4536,1821,21.91,844.18,18495.98,2024-07-25
10345,1499,735,18.56,729.27,13535.25,2024-05-19
10346,3562,2148,18.32,855.09,15665.25,2024-06-30
10347,3920,1641,22.19,817.61,18142.77,2023-11-29
10348,1190,1719,13.85,507.59,7030.12,2023-08-10
10349,1161,1323,24.64,939.48,23148.79,2024-12-30
10350,4977,2393,15.17,730.84,11086.84,2023-09-17
10351,4638,1264,24.94,557.66,13908.04,2024-11-11
10352,1509,1464,24.82,728.8,18088.82,2023-12-29
10353,2766,1730,13.1,576.22,7548.48,2024-01-16
10354,1985,3923,18.12,890.13,16129.16,2023-09-08
10355,4355,455,6.33,738.65,4675.65,2023-10-06
10356,2260,857,12.94,825.79,10685.72,2023-08-30
10357,1877,4579,5.13,751.4,3854.68,2023-11-09
10358,2654,1217,20.44,741.92,15164.84,2023-01-14
10359,3157,1430,22.77,393.04,8949.52,2024-02-15
10360,2350,3272,18.22,655.23,11938.29,2023-08-23
10361,2994,3164,16.42,782.06,12841.43,2023-03-06
10362,3901,369,11.28,516.11,5821.72,2024-01-06
10363,1428,552,11.37,691.21,7859.06,2024-01-13
10364,2193,590,6.73,936.41,6302.04,2023-03-21
10365,2804,2703,16.32,900.99,14704.16,2024-03-14
10366,749,4721,10.43,691.75,7214.95,2024-01-20
10367,2630,3694,16.85,476.91,8035.93,2024-07-14
10368,494,3909,14.93,832.91,12435.35,2023-01-01
10369,1383,3561,21.22,360.9,7658.3,2023-06-12
10370,4065,788,18.33,392.67,7197.64,2023-05-20
10371,2519,601,19.58,403.88,7907.97,2023-07-26
10372,3523,3306,16.43,801.14,13162.73,2024-04-18
10373,3326,298,15.64,738.36,11547.95,2024-08-02
10374,608,1352,24.1,634.74,15297.23,2024-03-12
10375,655,4932,14.81,640.32,9483.14,2023-07-09
10376,232,3772,7.64,741.22,5662.92,2023-12-14
10377,4381,3893,18.91,928.3,17554.15,2024-10-26
10378,1704,4684,15.89,561.45,8921.44,2024-12-16
10379,4937,752,18.86,471.81,8898.34,2024-10-07
10380,1544,253,20.4,547.29,11164.72,2024-06-08
10381,2744,1489,18.44,821.38,15146.25,2023-08-27
10382,992,4802,7.49,377.41,2826.8,2023-03-12
10383,2860,3984,12.04,364.11,4383.88,2024-01-23
10384,3737,2328,10.45,519.67,5430.55,2024-05-06
10385,1150,3448,5.14,379.96,1952.99,2024-07-28
10386,4463,3566,14.29,533.7,7626.57,2024-05-23
10387,4859,3688,13.02,693.44,9028.59,2023-11-13
10388,1650,3160,22.7,403.42,9157.63,2023-12-22
10389,2105,2709,13.53,944.36,12777.19,2023-02-03
10390,2579,1808,5.46,496.56,2711.22,2024-04-26
10391,3164,2232,8.98,703.32,6315.81,2024-08-01
10392,3805,3616,13.53,461.88,6249.24,2023-03-22
10393,2934,1126,7.2,730.99,5263.13,2024-08-05
10394,1687,406,18.92,483.64,9150.47,2024-12-12
10395,66,1469,12.42,629.57,7819.26,2024-01-12
10396,1320,3791,12.0,446.91,5362.92,2024-02-28
10397,1924,642,18.49,605.94,11203.83,2023-11-18
10398,4585,4669,17.28,899.7,15546.82,2023-12-10
10399,2308,3392,17.23,559.21,9635.19,2024-11-04
10400,2707,2145,13.69,529.12,7243.65,2023-10-27
10401,2109,598,19.91,534.43,10640.5,2023-11-09
10402,4944,4826,17.24,587.31,10125.22,2023-09-08
10403,2118,2260,20.06,495.47,9939.13,2024-08-15
10404,2209,3359,14.02,485.85,6811.62,2023-09-28
10405,4599,1404,5.34,805.44,4301.05,2023-05-30
10406,4101,3442,9.49,705.99,6699.85,2023-05-12
10407,1791,4716,17.11,636.22,10885.72,2024-11-16
10408,4280,4773,21.35,735.53,15703.57,2023-10-04
10409,66,4678,7.0,444.62,3112.34,2024-04-01
10410,944,3922,7.58,764.76,5796.88,2023-02-14
10411,4249,2849,14.58,530.82,7739.36,2023-07-17
10412,3382,3036,10.74,775.85,8332.63,2023-12-11
10413,1030,306,14.45,701.36,10134.65,2023-09-08
10414,4643,3546,5.2,531.06,2761.51,2023-11-08
10415,1831,4642,12.63,388.45,4906.12,2023-02-25
10416,2915,874,21.46,434.86,9332.1,2023-05-20
10417,3781,2731,20.58,472.42,9722.4,2024-02-07
10418,4874,3209,22.29,667.26,14873.23,2023-07-14
10419,3862,19,11.62,552.43,6419.24,2024-07-22
10420,647,4700,23.8,932.51,22193.74,2024-09-16
10421,2954,4527,9.37,391.27,3666.2,2023-11-02
10422,3249,3178,8.78,767.46,6738.3,2023-08-15
10423,4441,4512,6.69,483.69,3235.89,2024-01-15
10424,1504,1561,5.96,472.82,2818.01,2024-02-22
10425,1112,275,8.15,752.45,6132.47,2023-09-12
10426,1501,2172,8.9,624.51,5558.14,2024-02-21
10427,2468,1901,9.16,414.67,3798.38,2024-11-10
10428,4133,3247,14.02,697.67,9781.33,2024-07-07
10429,2571,1154,21.62,369.6,7990.75,2024-08-05
10430,4773,411,22.21,578.86,12856.48,2023-06-06
10431,3992,3590,22.72,742.29,16864.83,2023-10-20
10432,308,2475,6.29,508.1,3195.95,2023-08-01
10433,1871,4396,21.83,385.07,8406.08,2024-01-11
10434,4581,4994,23.94,448.02,10725.6,2023-10-15
10435,3674,2759,13.44,553.0,7432.32,2023-06-13
10436,1256,1916,8.98,430.09,3862.21,2023-01-10
10437,3288,4700,7.73,430.67,3329.08,2023-04-21
10438,1882,180,9.31,876.69,8161.98,2023-08-13
10439,3613,555,8.95,594.97,5324.98,2024-12-09
10440,3738,2992,7.46,890.54,6643.43,2023-01-11
10441,3919,4995,13.75,606.12,8334.15,2024-09-16
10442,2041,465,11.95,838.3,10017.68,2023-06-27
10443,460,641,10.56,572.12,6041.59,2023-06-27
10444,4556,2117,23.2,790.83,18347.26,2024-05-14
10445,2219,1080,8.41,367.43,3090.09,2023-02-17
10446,558,4764,7.54,527.6,3978.1,2023-01-17
10447,1339,1085,6.82,780.62,5323.83,2023-10-27
10448,3600,3389,6.04,573.98,3466.84,2023-09-23
10449,833,3902,18.21,677.88,12344.19,2024-10-19
10450,2134,3391,17.72,647.12,11466.97,2023-04-19
10451,1499,2161,17.45,849.44,14822.73,2023-02-21
10452,1863,4398,12.73,733.89,9342.42,2024-03-27
10453,1216,2782,8.08,756.58,6113.17,2024-06-01
10454,1275,2595,22.44,388.45,8716.82,2024-09-05
10455,2812,3157,5.8,923.47,5356.13,2024-02-08
10456,2087,4155,20.16,519.05,10464.05,2023-05-31
10457,1538,3698,23.94,641.28,15352.24,2024-08-10
10458,1527,817,20.39,395.79,8070.16,2023-05-14
10459,977,4350,6.69,937.6,6272.54,2024-04-13
10460,2840,4529,24.32,375.18,9124.38,2024-03-01
10461,410,606,21.15,795.65,16828.0,2024-04-10
10462,3971,2387,22.1,867.77,19177.72,2024-12-11
10463,1848,4901,5.72,727.57,4161.7,2023-06-04
10464,2063,2908,12.05,702.65,8466.93,2023-07-02
10465,897,4047,16.96,791.13,13417.56,2023-04-15
10466,4033,3177,8.45,435.26,3677.95,2023-09-18
10467,1490,1340,10.0,684.53,6845.3,2023-01-22
10468,1183,926,12.21,523.56,6392.67,2024-01-20
10469,2136,4843,8.52,757.48,6453.73,2024-10-23
10470,1600,13,12.65,924.87,11699.61,2024-12-09
10471,2375,2412,15.79,467.3,7378.67,2023-11-06
10472,152,2497,13.86,892.91,12375.73,2024-05-29
10473,4909,4753,21.81,649.46,14164.72,2023-12-05
10474,1362,85,5.23,628.77,3288.47,2024-01-19
10475,4158,2862,17.28,576.51,9962.09,2023-03-15
10476,1553,3672,17.24,874.97,15084.48,2024-05-23
10477,1489,3255,10.15,771.19,7827.58,2024-03-13
10478,4897,2594,17.69,475.52,8411.95,2024-02-29
10479,4080,3885,9.66,460.99,4453.16,2023-11-23
10480,2939,4647,20.9,446.01,9321.61,2023-06-07
10481,3272,2862,5.35,398.33,2131.07,2024-07-09
10482,1097,228,6.67,835.71,5574.19,2024-10-31
10483,1292,1237,12.38,785.08,9719.29,2024-08-29
10484,3363,1789,10.72,392.8,4210.82,2023-02-13
10485,4765,3296,8.03,540.65,4341.42,2023-08-27
10486,1263,3348,13.72,627.96,8615.61,2023-06-26
10487,1474,351,21.53,783.63,16871.55,2024-03-17
10488,2124,4214,12.54,551.13,6911.17,2023-01-28
10489,796,1594,17.93,680.73,12205.49,2023-07-29
10490,4410,332,19.48,483.82,9424.81,2023-02-14
10491,1839,1287,10.45,670.66,7008.4,2023-03-07
10492,1244,774,21.38,400.22,8556.7,2023-06-27
10493,2426,4190,20.64,573.27,11832.29,2024-11-09
10494,3052,4410,23.23,417.59,9700.62,2023-06-07
10495,4390,4092,22.39,676.06,15136.98,2024-02-16
10496,4775,899,10.96,355.06,3891.46,2024-06-27
10497,480,3191,11.53,683.76,7883.75,2023-11-13
10498,8,349,24.78,800.05,19825.24,2024-02-02
10499,4079,3623,8.55,906.84,7753.48,2024-10-15
10500,2570,4267,15.49,496.73,7694.35,2023-12-02
10501,3291,2309,20.52,925.86,18998.65,2024-02-13
10502,973,4881,19.98,815.04,16284.5,2024-03-21
10503,1477,916,19.48,480.63,9362.67,2024-09-17
10504,1187,1467,7.82,908.1,7101.34,2023-03-18
10505,524,373,8.87,360.26,3195.51,2023-10-19
10506,1778,924,8.26,501.76,4144.54,2023-10-16
10507,4656,917,19.65,912.6,17932.59,2023-04-03
10508,1257,3329,14.42,719.0,10367.98,2024-08-25
10509,2275,4714,17.19,936.06,16090.87,2024-12-08
10510,4209,1632,15.54,741.01,11515.3,2023-04-24
10511,1797,3539,19.71,361.94,7133.84,2024-03-08
10512,1378,18,13.2,792.5,10461.0,2023-03-05
10513,1322,4418,5.11,911.75,4659.04,2023-12-11
10514,790,32,8.87,587.62,5212.19,2023-11-26
10515,1471,2214,17.64,545.98,9631.09,2023-09-08
10516,4505,16,22.73,889.49,20218.11,2023-12-30
10517,3424,1401,16.06,447.1,7180.43,2024-11-06
10518,512,489,20.57,810.38,16669.52,2024-04-06
10519,1344,3747,12.96,768.5,9959.76,2024-03-22
10520,1453,4554,23.67,864.68,20466.98,2023-07-31
10521,3157,1670,22.64,650.96,14737.73,2023-08-08
10522,683,4143,21.29,594.51,12657.12,2023-12-11
10523,4443,3298,17.7,879.96,15575.29,2023-07-01
10524,3556,4524,12.95,412.85,5346.41,2023-11-09
10525,610,1556,24.3,415.2,10089.36,2023-06-08
10526,1648,1849,18.28,824.66,15074.78,2024-09-15
10527,4163,1834,8.05,753.82,6068.25,2023-12-24
10528,4916,519,22.95,626.65,14381.62,2024-06-25
10529,163,3327,14.54,774.95,11267.77,2024-05-08
10530,356,3462,14.86,406.98,6047.72,2024-10-06
10531,1369,52,19.47,845.31,16458.19,2024-10-12
10532,823,2183,22.98,672.94,15464.16,2023-09-11
10533,3827,4971,20.41,722.7,14750.31,2024-03-31
10534,4122,907,24.13,420.07,10136.29,2023-12-27
10535,4369,2024,24.4,601.4,14674.16,2024-07-08
10536,4076,1460,18.86,559.97,10561.03,2024-11-22
10537,1235,3202,5.33,779.71,4155.85,2024-01-21
10538,3271,4374,12.37,922.0,11405.14,2024-01-29
10539,2900,4709,20.27,716.98,14533.18,2023-04-07
10540,2524,4156,7.77,618.93,4809.09,2024-08-30
10541,2814,2672,16.31,921.45,15028.85,2023-08-17
10542,74,3641,17.05,752.7,12833.54,2023-11-02
10543,4980,185,22.73,697.6,15856.45,2024-03-31
10544,3376,3466,10.36,635.11,6579.74,2024-08-27
10545,3588,4703,24.77,532.71,13195.23,2024-09-25
10546,32,4533,12.93,362.96,4693.07,2024-09-01
10547,4080,2089,14.15,761.6,10776.64,2024-07-26
10548,4678,2329,12.04,720.68,8676.99,2024-02-20
10549,1586,4983,10.52,922.16,9701.12,2024-05-31
10550,3786,1987,21.94,417.53,9160.61,2023-10-23
10551,2813,1690,21.78,661.39,14405.07,2024-02-13
10552,4369,876,19.66,671.86,13208.77,2024-01-25
10553,230,2173,10.86,700.57,7608.19,2023-10-24
10554,1366,4217,11.32,825.4,9343.53,2024-02-08
10555,1401,969,22.52,546.0,12295.92,2023-02-02
10556,3758,321,8.28,433.72,3591.2,2024-02-11
10557,502,149,13.0,681.73,8862.49,2024-07-11
10558,2070,2938,8.58,670.78,5755.29,2024-06-16
10559,4558,4421,7.09,482.86,3423.48,2024-08-09
10560,338,2703,16.11,874.96,14095.61,2024-05-09
10561,4515,1942,11.1,838.88,9311.57,2024-09-25
10562,869,4533,16.9,634.24,10718.66,2023-12-22
10563,120,1224,13.32,869.3,11579.08,2024-04-02
10564,388,6,20.77,899.12,18674.72,2023-08-06
10565,3198,3304,5.92,556.95,3297.14,2023-04-15
10566,4887,2916,16.84,871.66,14678.75,2024-10-22
10567,2929,3174,9.07,896.7,8133.07,2023-10-27
10568,4632,1570,6.94,506.64,3516.08,2024-03-24
10569,2411,3539,24.57,748.98,18402.44,2024-04-04
10570,3931,160,16.39,651.59,10679.56,2024-10-31
10571,3396,287,7.37,633.26,4667.13,2023-02-01
10572,3504,3051,7.26,800.07,5808.51,2024-12-05
10573,2422,2483,7.46,488.56,3644.66,2023-09-16
10574,355,3223,7.63,707.18,5395.78,2024-05-10
10575,3457,4577,10.49,555.77,5830.03,2024-02-15
10576,2465,317,21.37,574.54,12277.92,2024-01-22
10577,958,2651,7.84,816.87,6404.26,2023-12-19
10578,3914,1122,17.23,611.71,10539.76,2023-11-19
10579,1510,1482,23.65,810.87,19177.08,2023-05-08
10580,1766,2416,17.18,549.07,9433.02,2024-03-26
10581,2518,3936,20.86,505.17,10537.85,2024-02-03
10582,2668,3051,11.07,523.14,5791.16,2024-09-03
10583,1399,790,9.46,612.24,5791.79,2023-08-26
10584,4007,671,15.69,537.52,8433.69,2023-05-21
10585,1788,833,10.75,787.19,8462.29,2023-06-20
10586,4882,462,19.03,867.11,16501.1,2023-01-04
10587,1515,749,19.82,586.63,11627.01,2023-03-11
10588,1941,1173,23.59,817.48,19284.35,2024-10-10
10589,3487,2218,24.4,646.79,15781.68,2024-07-02
10590,2839,4553,17.85,788.9,14081.87,2023-11-25
10591,2661,1401,19.25,542.74,10447.75,2023-07-05
10592,2837,1147,16.69,533.16,8898.44,2024-12-30
10593,948,4116,22.18,410.84,9112.43,2023-12-02
10594,3676,546,14.79,718.97,10633.57,2023-02-26
10595,387,2976,11.72,381.34,4469.3,2023-11-12
10596,3721,2518,16.99,505.0,8579.95,2023-10-03
10597,1760,2922,14.43,808.81,11671.13,2023-05-25
10598,2424,919,10.95,874.31,9573.69,2024-04-17
10599,4679,3764,7.38,698.35,5153.82,2023-07-24
10600,4941,1665,10.2,858.44,8756.09,2023-02-07
10601,4378,249,11.67,643.0,7503.81,2023-08-16
10602,3452,682,8.9,667.91,5944.4,2023-03-12
10603,4270,4923,18.77,493.79,9268.44,2023-07-06
10604,3887,4146,13.54,372.46,5043.11,2024-07-01
10605,4562,560,22.79,837.25,19080.93,2023-12-28
10606,3893,1609,20.89,637.95,13326.78,2023-01-10
10607,1507,2589,10.7,682.91,7307.14,2024-12-01
10608,3647,2505,6.25,458.92,2868.25,2024-02-23
10609,2683,1855,11.53,746.54,8607.61,2024-05-09
10610,410,832,21.24,820.55,17428.48,2024-06-08
10611,3481,3919,16.29,414.43,6751.06,2023-07-12
10612,4068,718,10.85,871.61,9456.97,2024-05-05
10613,1332,4854,13.85,577.34,7996.16,2024-02-12
10614,2543,1839,16.78,389.18,6530.44,2023-08-03
10615,4953,4716,21.27,431.93,9187.15,2023-09-21
10616,3523,2147,22.77,727.46,16564.26,2023-12-16
10617,4800,238,6.05,702.53,4250.31,2024-12-07
10618,4879,4540,5.74,378.93,2175.06,2023-12-15
10619,4353,1917,14.59,696.46,10161.35,2024-12-01
10620,697,4427,19.18,448.24,8597.24,2024-08-31
10621,2356,1395,13.19,663.24,8748.14,2024-10-28
10622,4216,4233,10.9,516.16,5626.14,2023-11-01
10623,3751,4775,17.39,913.5,15885.77,2024-01-15
10624,3039,4017,13.76,686.62,9447.89,2023-12-03
10625,4260,1036,17.7,692.61,12259.2,2024-06-14
10626,421,1468,19.84,855.55,16974.11,2023-05-27
10627,3791,4414,6.43,797.12,5125.48,2024-09-15
10628,607,1128,18.21,747.54,13612.7,2023-11-03
10629,4985,3702,15.58,462.52,7206.06,2023-03-25
10630,4757,4335,14.24,905.74,12897.74,2023-11-03
10631,2693,811,23.32,507.62,11837.7,2023-09-30
10632,4067,1310,20.9,473.67,9899.7,2024-06-19
10633,859,680,24.9,939.23,23386.83,2023-07-06
10634,1720,4327,19.52,732.92,14306.6,2024-05-29
10635,4394,935,11.83,610.65,7223.99,2023-03-25
10636,4028,4414,16.56,715.85,11854.48,2023-03-23
10637,4723,94,10.5,899.86,9448.53,2023-01-24
10638,4693,1368,19.76,720.32,14233.52,2023-04-18
10639,3035,2586,13.91,696.26,9684.98,2023-06-01
10640,3465,4794,16.21,605.14,9809.32,2023-08-01
10641,733,2565,9.42,823.59,7758.22,2024-05-31
10642,3807,98,15.77,362.4,5715.05,2024-11-15
10643,3233,164,11.37,425.92,4842.71,2023-05-05
10644,4789,654,7.44,494.68,3680.42,2023-01-11
10645,1030,4699,9.97,864.59,8619.96,2024-04-30
10646,2582,2864,11.15,737.79,8226.36,2023-05-05
10647,4702,484,9.87,605.96,5980.83,2024-12-07
10648,828,4115,15.62,845.81,13211.55,2023-05-06
10649,1112,2453,5.85,546.64,3197.84,2023-08-06
10650,571,2812,19.29,473.95,9142.5,2024-12-14
10651,1685,3106,20.9,668.56,13972.9,2024-02-16
10652,1778,2857,7.8,613.92,4788.58,2024-06-05
10653,2010,1713,19.41,590.57,11462.96,2023-12-28
10654,59,2736,9.84,721.21,7096.71,2024-07-11
10655,3525,741,11.44,874.29,10001.88,2024-01-11
10656,2018,705,17.66,525.14,9273.97,2024-10-28
10657,3077,1962,11.69,581.5,6797.73,2024-08-21
10658,2841,948,14.75,461.56,6808.01,2023-04-14
10659,349,1098,12.6,497.66,6270.52,2024-06-04
10660,1489,3744,23.22,632.92,14696.4,2023-01-29
10661,3456,3099,22.11,676.82,14964.49,2024-02-24
10662,2417,1451,5.09,898.47,4573.21,2024-06-17
10663,2101,563,6.64,834.34,5540.02,2024-12-22
10664,859,3784,18.66,395.93,7388.05,2023-11-28
10665,4387,2455,17.69,472.84,8364.54,2024-02-24
10666,3059,1020,21.56,375.71,8100.31,2023-02-08
10667,11,1109,8.78,686.13,6024.22,2024-05-17
10668,1170,3987,24.6,354.96,8732.02,2024-03-05
10669,4171,840,9.17,430.59,3948.51,2023-09-27
10670,3714,951,17.68,755.86,13363.6,2024-06-25
10671,2597,1732,20.1,487.95,9807.8,2023-01-23
10672,368,3428,16.51,695.08,11475.77,2024-05-22
10673,4972,30,13.04,767.1,10002.98,2024-08-06
10674,2280,4171,8.47,653.39,5534.21,2024-04-10
10675,2873,917,20.31,872.7,17724.54,2024-12-24
10676,2693,4405,9.74,848.86,8267.9,2024-04-09
10677,3716,2179,7.72,644.58,4976.16,2023-07-21
10678,4529,4588,5.43,930.7,5053.7,2023-05-03
10679,2220,288,20.78,804.54,16718.34,2023-07-27
10680,4128,4283,11.1,474.96,5272.06,2023-03-08
10681,3850,3631,15.15,473.33,7170.95,2024-10-29
10682,1823,1918,19.95,927.08,18495.25,2023-08-08
10683,3683,115,13.09,806.59,10558.26,2023-09-15
10684,4957,103,6.89,780.48,5377.51,2024-09-29
10685,2860,1582,23.26,915.25,21288.72,2024-06-08
10686,190,1527,21.52,874.01,18808.7,2024-07-12
10687,2167,1367,7.55,429.94,3246.05,2023-02-10
10688,1396,1906,23.48,390.69,9173.4,2023-03-29
10689,2918,3689,17.22,784.5,13509.09,2024-04-17
10690,2290,544,7.68,511.12,3925.4,2023-01-21
10691,4847,2230,6.13,764.08,4683.81,2023-04-13
10692,3042,1968,16.3,445.74,7265.56,2024-07-18
10693,3955,2536,17.86,385.7,6888.6,2023-04-12
10694,1182,2270,24.1,904.16,21790.26,2024-07-11
10695,4572,3889,24.04,366.9,8820.28,2023-06-04
10696,4705,3334,19.89,939.78,18692.22,2023-07-29
10697,4064,2446,8.67,573.92,4975.89,2023-05-28
10698,1753,1413,8.71,358.39,3121.58,2024-03-05
10699,423,291,6.99,670.14,4684.28,2023-07-17
10700,813,3126,11.11,665.5,7393.7,2023-08-09
10701,4475,3272,6.01,357.2,2146.77,2024-04-04
10702,1241,288,18.89,451.9,8536.39,2023-02-02
10703,1937,3203,16.89,817.66,13810.28,2024-02-29
10704,2953,1611,19.43,392.05,7617.53,2024-02-24
10705,82,2777,24.17,700.04,16919.97,2024-04-21
10706,491,785,14.52,537.79,7808.71,2024-05-21
10707,4613,101,9.87,550.12,5429.68,2023-01-27
10708,3781,733,20.97,479.71,10059.52,2023-07-14
10709,3699,1407,20.05,370.76,7433.74,2023-06-14
10710,3119,4640,6.87,472.52,3246.21,2023-02-12
10711,620,3194,19.86,633.57,12582.7,2024-05-22
10712,2080,2591,7.85,421.97,3312.46,2024-12-27
10713,917,4064,20.47,796.09,16295.96,2023-04-24
10714,561,3883,16.39,678.29,11117.17,2023-01-07
10715,3335,441,14.1,533.84,7527.14,2023-05-29
10716,2402,1080,21.5,805.75,17323.62,2023-07-08
10717,3255,127,12.21,405.71,4953.72,2023-05-28
10718,4815,2211,11.85,478.8,5673.78,2023-03-26
10719,140,4779,7.84,789.54,6189.99,2023-10-06
10720,3887,1477,11.1,843.98,9368.18,2024-01-20
10721,1497,3447,17.34,474.95,8235.63,2024-10-18
10722,1841,1070,17.51,539.48,9446.29,2024-04-26
10723,4938,2459,13.18,740.93,9765.46,2024-07-24
10724,1098,2215,5.48,932.4,5109.55,2023-12-20
10725,4425,2874,21.54,565.45,12179.79,2023-04-25
10726,871,4711,12.65,428.85,5424.95,2024-11-14
10727,4400,4764,7.21,923.05,6655.19,2023-04-04
10728,3315,2340,8.41,607.92,5112.61,2024-09-13
10729,2092,3924,21.05,880.94,18543.79,2024-07-23
10730,4209,3452,13.56,877.28,11895.92,2023-05-10
10731,482,80,9.28,577.62,5360.31,2024-05-27
10732,2121,194,15.51,537.18,8331.66,2024-06-07
10733,4567,726,19.98,612.99,12247.54,2024-08-01
10734,2389,4647,7.19,369.52,2656.85,2023-05-14
10735,413,3307,6.72,530.47,3564.76,2024-08-07
10736,1652,3220,19.74,808.45,15958.8,2024-09-14
10737,1617,2671,24.24,725.2,17578.85,2023-08-24
10738,3581,2216,10.57,511.41,5405.6,2024-04-04
10739,1293,961,23.89,373.44,8921.48,2023-08-18
10740,2610,2248,16.48,666.67,10986.72,2024-03-18
10741,80,1378,8.75,778.65,6813.19,2023-03-09
10742,4028,1216,24.96,469.58,11720.72,2023-01-15
10743,1706,1785,12.19,547.31,6671.71,2023-01-03
10744,4252,3088,6.22,360.9,2244.8,2023-09-12
10745,3304,3715,20.87,796.27,16618.15,2023-09-03
10746,28,4229,16.87,717.31,12101.02,2024-06-17
10747,738,994,16.43,816.89,13421.5,2023-09-16
10748,190,4749,7.38,828.99,6117.95,2023-04-05
10749,1248,1926,12.69,801.78,10174.59,2023-05-23
10750,3742,4768,18.71,470.92,8810.91,2024-11-20
10751,3767,367,15.64,814.0,12730.96,2024-02-02
10752,2760,2460,5.18,827.09,4284.33,2024-07-10
10753,4487,3484,24.78,920.57,22811.72,2024-05-06
10754,333,416,25.0,583.1,14577.5,2023-01-24
10755,4830,4220,23.43,839.56,19670.89,2023-10-11
10756,973,793,18.69,499.42,9334.16,2023-09-08
10757,788,4288,24.06,399.49,9611.73,2023-03-29
10758,4549,3026,11.37,747.29,8496.69,2024-12-11
10759,4697,2532,10.18,650.75,6624.64,2023-06-03
10760,2129,99,24.46,463.47,11336.48,2023-03-12
10761,1960,2276,12.26,544.37,6673.98,2024-02-27
10762,3073,4709,13.22,617.89,8168.51,2024-09-13
10763,2240,3314,16.94,520.03,8809.31,2024-03-18
10764,783,480,13.83,779.67,10782.84,2024-07-17
10765,132,1141,7.76,878.74,6819.02,2024-12-24
10766,4154,1247,20.4,896.15,18281.46,2023-05-22
10767,4887,2368,18.05,658.0,11876.9,2023-01-02
10768,1153,276,7.99,884.41,7066.44,2024-06-27
10769,4071,2147,11.93,882.35,10526.44,2024-12-06
10770,1863,2937,11.5,431.57,4963.06,2024-10-14
10771,1309,1821,24.42,596.95,14577.52,2023-12-19
10772,2414,715,24.91,360.44,8978.56,2023-06-13
10773,4588,1143,17.4,945.49,16451.53,2024-07-18
10774,952,3430,19.02,414.31,7880.18,2023-03-13
10775,2682,2835,17.57,821.78,14438.67,2024-08-01
10776,3257,938,5.36,749.34,4016.46,2023-02-02
10777,1795,454,6.22,710.97,4422.23,2023-09-28
10778,699,1047,13.53,364.12,4926.54,2024-07-29
10779,710,243,9.85,435.99,4294.5,2023-04-02
10780,1440,1643,19.47,797.38,15524.99,2023-05-11
10781,3500,563,16.36,944.12,15445.8,2023-12-26
10782,2167,4362,6.79,367.62,2496.14,2024-01-19
10783,3566,2664,5.23,791.26,4138.29,2023-08-18
10784,2119,2557,24.11,813.14,19604.81,2024-01-26
10785,2503,1456,19.51,932.39,18190.93,2023-05-28
10786,1793,2457,24.57,601.38,14775.91,2024-01-28
10787,722,2728,21.5,365.09,7849.43,2023-08-31
10788,1680,2533,5.14,649.53,3338.58,2024-05-18
10789,2865,4574,21.91,505.68,11079.45,2024-03-07
10790,4381,1386,6.66,949.5,6323.67,2023-06-17
10791,1034,3759,23.8,804.12,19138.06,2024-11-15
10792,32,4173,24.05,586.54,14106.29,2024-02-06
10793,3174,2877,21.95,772.16,16948.91,2024-12-16
10794,1066,2262,20.66,921.62,19040.67,2023-03-20
10795,3621,3349,24.13,722.84,17442.13,2024-07-12
10796,2209,2404,13.84,863.76,11954.44,2024-04-29
10797,1308,4737,14.34,398.31,5711.77,2023-03-03
10798,300,3382,17.78,566.96,10080.55,2023-04-22
10799,4634,3960,21.13,531.98,11240.74,2023-11-05
10800,2566,2228,24.47,425.33,10407.83,2023-08-03
10801,3435,3100,11.15,534.34,5957.89,2024-07-14
10802,712,2755,8.05,416.28,3351.05,2024-10-14
10803,2919,1341,13.66,501.67,6852.81,2024-01-01
10804,141,3275,10.14,821.39,8328.89,2024-11-06
10805,721,1014,18.82,830.62,15632.27,2023-04-14
10806,1603,4479,18.41,717.48,13208.81,2024-07-17
10807,2041,21,6.61,438.05,2895.51,2024-11-15
10808,2764,4807,13.58,534.03,7252.13,2023-10-22
10809,1465,531,15.01,868.4,13034.68,2024-06-24
10810,3439,4398,15.34,702.01,10768.83,2023-01-24
10811,150,2846,24.86,593.09,14744.22,2023-04-11
10812,1489,747,21.33,945.78,20173.49,2023-06-14
10813,1607,2286,21.3,572.64,12197.23,2023-03-26
10814,241,971,21.04,461.89,9718.17,2024-12-26
10815,4325,3473,13.03,536.57,6991.51,2023-01-05
10816,1166,824,21.48,493.83,10607.47,2024-12-31
10817,3155,434,19.6,873.38,17118.25,2023-03-01
10818,1652,861,9.05,387.49,3506.78,2024-08-31
10819,4952,406,13.93,846.84,11796.48,2023-03-24
10820,109,1720,6.79,515.61,3500.99,2023-11-01
10821,957,1972,23.38,634.91,14844.2,2023-04-20
10822,811,4831,20.0,647.83,12956.6,2024-04-22
10823,374,860,20.24,682.87,13821.29,2024-10-07
10824,1275,2907,20.15,880.46,17741.27,2024-12-01
10825,418,4157,19.31,936.66,18086.9,2023-09-22
10826,3823,4292,6.97,738.81,5149.51,2023-12-03
10827,987,632,22.35,902.76,20176.69,2023-07-30
10828,2767,4343,24.16,554.44,13395.27,2023-06-19
10829,1364,4573,19.12,363.58,6951.65,2024-06-25
10830,4282,29,18.52,852.27,15784.04,2024-04-27
10831,461,1858,7.75,630.79,4888.62,2024-04-24
10832,3496,226,7.24,599.3,4338.93,2024-07-19
10833,3851,1267,18.81,416.64,7837.0,2023-05-13
10834,4818,3148,22.88,756.11,17299.8,2023-09-15
10835,4387,1622,14.62,814.94,11914.42,2024-05-11
10836,3666,3435,11.78,486.01,5725.2,2024-07-27
10837,58,1492,22.27,889.8,19815.85,2023-10-21
10838,4498,3002,15.94,754.24,12022.59,2023-12-27
10839,258,121,14.31,932.17,13339.35,2023-06-23
10840,2402,1591,18.03,751.48,13549.18,2023-05-19
10841,1526,1330,9.27,587.16,5442.97,2023-05-05
10842,3150,4936,12.81,372.83,4775.95,2024-11-15
10843,3735,2127,20.27,680.89,13801.64,2024-02-12
10844,3625,2921,18.33,361.95,6634.54,2023-03-09
10845,2015,4736,13.74,764.06,10498.18,2024-01-09
10846,1164,733,18.94,913.76,17306.61,2023-11-26
10847,3331,2443,6.1,419.26,2557.49,2023-05-29
10848,80,1783,12.77,352.65,4503.34,2023-07-22
10849,4282,2114,12.28,937.54,11512.99,2023-06-10
10850,922,4409,10.64,477.13,5076.66,2023-08-16
10851,2399,4124,16.56,523.14,8663.2,2023-03-09
10852,878,3483,9.41,356.13,3351.18,2024-09-07
10853,127,2592,21.19,394.76,8364.96,2023-08-23
10854,584,3089,5.94,410.56,2438.73,2024-05-02
10855,4507,3180,19.39,808.19,15670.8,2024-12-16
10856,2008,1894,10.82,777.75,8415.26,2024-11-14
10857,2704,1907,22.35,718.68,16062.5,2023-11-14
10858,2670,140,16.0,406.08,6497.28,2023-05-02
10859,4086,3446,22.61,515.68,11659.52,2023-09-23
10860,4142,4795,20.37,443.28,9029.61,2024-03-10
10861,3871,2022,22.11,423.37,9360.71,2024-07-19
10862,911,1121,11.74,796.68,9353.02,2024-07-13
10863,4037,2700,20.41,893.5,18236.33,2023-04-11
10864,4611,4078,7.68,705.37,5417.24,2024-06-02
10865,1268,3084,6.97,567.37,3954.57,2024-10-16
10866,4904,3784,5.91,752.87,4449.46,2023-06-14
10867,1258,2422,9.54,580.01,5533.3,2023-10-27
10868,3030,2296,13.7,792.89,10862.59,2024-03-08
10869,301,2934,20.46,631.14,12913.12,2023-03-08
10870,1668,501,13.83,366.39,5067.17,2024-05-27
10871,2160,3938,14.28,566.99,8096.62,2024-06-28
10872,3942,502,24.9,801.58,19959.34,2023-08-10
10873,1870,4343,6.95,540.83,3758.77,2023-01-17
10874,2429,598,20.53,883.2,18132.1,2023-11-05
10875,3761,1484,15.07,544.59,8206.97,2024-01-28
10876,2723,2127,6.0,687.57,4125.42,2024-02-08
10877,1209,3694,18.71,591.7,11070.71,2023-07-10
10878,375,3676,16.1,850.34,13690.47,2024-03-02
10879,3649,3091,13.57,431.66,5857.63,2024-11-30
10880,554,1692,9.14,636.94,5821.63,2023-12-13
10881,3285,3899,9.16,679.09,6220.46,2024-03-03
10882,1028,1785,18.83,564.88,10636.69,2024-06-25
10883,3893,4976,13.62,652.37,8885.28,2023-02-23
10884,248,2157,13.13,753.09,9888.07,2024-06-13
10885,3223,4845,23.37,663.99,15517.45,2024-11-26
10886,2742,3036,9.68,384.52,3722.15,2023-08-29
10887,209,4300,10.19,558.11,5687.14,2024-09-10
10888,4733,3426,20.44,634.56,12970.41,2023-03-27
10889,3682,3515,24.14,546.42,13190.58,2023-09-21
10890,2636,3371,20.53,538.56,11056.64,2024-04-06
10891,4878,3796,6.16,634.21,3906.73,2024-05-26
10892,1301,3575,19.21,556.56,10691.52,2023-03-20
10893,1977,4317,16.73,867.59,14514.78,2023-09-23
10894,1721,3297,7.94,458.56,3640.97,2023-05-14
10895,489,1443,14.11,473.75,6684.61,2023-06-29
10896,847,872,23.87,438.34,10463.18,2023-03-18
10897,4015,3490,21.72,848.08,18420.3,2024-09-13
10898,3465,1347,7.41,645.09,4780.12,2023-02-28
10899,4450,3048,20.59,444.57,9153.7,2023-04-27
10900,3311,4728,10.78,852.29,9187.69,2024-07-20
10901,849,3481,9.65,574.88,5547.59,2024-08-15
10902,1468,1534,5.16,700.71,3615.66,2023-01-31
10903,4659,4503,22.97,798.13,18333.05,2023-01-15
10904,2181,1511,6.91,937.58,6478.68,2024-11-25
10905,635,497,12.95,647.27,8382.15,2024-03-08
10906,3692,3806,15.93,871.01,13875.19,2023-01-20
10907,659,3278,23.43,833.73,19534.29,2023-07-18
10908,2806,89,13.91,817.12,11366.14,2023-02-03
10909,1514,3386,10.82,468.97,5074.26,2024-04-14
10910,3087,4732,8.67,900.09,7803.78,2023-08-18
10911,3610,1310,22.06,867.82,19144.11,2024-07-30
10912,1980,4549,10.57,616.16,6512.81,2023-01-06
10913,267,3258,15.8,924.74,14610.89,2023-11-29
10914,2866,4506,10.2,443.76,4526.35,2023-11-29
10915,4954,1843,7.17,712.17,5106.26,2023-05-11
10916,4041,1477,14.24,444.8,6333.95,2024-07-07
10917,4691,966,22.22,446.04,9911.01,2024-02-01
10918,2446,4614,9.44,741.33,6998.16,2024-03-15
10919,3439,3708,6.19,848.27,5250.79,2024-02-09
10920,3717,1362,17.92,844.44,15132.36,2024-07-20
10921,1683,4818,17.89,563.54,10081.73,2024-05-15
10922,4804,3061,10.3,799.35,8233.31,2023-01-24
10923,4474,3563,14.05,350.34,4922.28,2023-11-05
10924,4057,2977,21.32,601.22,12818.01,2024-02-27
10925,366,4470,21.93,363.02,7961.03,2023-01-11
10926,4629,1408,18.3,903.42,16532.59,2024-09-01
10927,637,3043,5.93,461.7,2737.88,2023-11-03
10928,267,2290,22.64,492.92,11159.71,2023-09-23
10929,4791,1845,15.84,898.32,14229.39,2023-06-27
10930,1577,2026,22.98,559.1,12848.12,2023-07-31
10931,2005,2929,8.47,924.44,7830.01,2023-03-10
10932,2715,2819,5.81,835.75,4855.71,2023-03-02
10933,1854,2766,7.27,880.84,6403.71,2023-10-18
10934,274,1852,11.57,780.75,9033.28,2024-02-19
10935,4590,2334,16.62,837.9,13925.9,2024-12-12
10936,2012,1579,20.67,724.27,14970.66,2023-06-16
10937,1338,4851,10.89,497.77,5420.72,2024-03-12
10938,219,2842,7.65,837.11,6403.89,2024-07-31
10939,1889,1004,19.93,673.02,13413.29,2023-05-10
10940,2214,742,21.63,823.2,17805.82,2023-06-15
10941,2731,4903,22.59,384.52,8686.31,2024-02-07
10942,4925,1097,11.26,874.74,9849.57,2023-02-27
10943,4067,3289,7.36,495.64,3647.91,2023-07-22
10944,4817,3045,6.51,625.87,4074.41,2023-10-12
10945,3146,1494,8.2,893.85,7329.57,2024-09-01
10946,762,4640,20.5,510.92,10473.86,2023-07-28
10947,802,4801,23.03,555.14,12784.87,2023-05-16
10948,1877,819,8.62,617.8,5325.44,2024-05-08
10949,1050,3470,12.45,783.53,9754.95,2023-10-08
10950,4168,3266,14.47,440.69,6376.78,2023-09-15
10951,1163,209,12.66,888.38,11246.89,2024-09-27
10952,1873,217,13.51,619.14,8364.58,2023-01-05
10953,4367,2201,16.42,445.0,7306.9,2023-11-19
10954,1566,1362,22.49,512.29,11521.4,2024-12-23
10955,1887,2719,7.12,562.3,4003.58,2023-12-30
10956,1720,1144,5.2,406.45,2113.54,2023-04-13
10957,1948,405,16.64,413.04,6872.99,2024-06-13
10958,4844,3777,22.03,641.07,14122.77,2024-10-15
10959,1040,3067,7.79,629.68,4905.21,2024-12-10
10960,1257,766,19.82,865.98,17163.72,2024-05-28
10961,2084,2633,15.91,774.92,12328.98,2024-12-18
10962,4840,1478,23.64,824.73,19496.62,2023-01-08
10963,4036,340,11.05,675.64,7465.82,2024-03-17
10964,4707,1625,14.85,579.32,8602.9,2023-08-02
10965,4825,4830,22.61,804.53,18190.42,2024-07-25
10966,469,1360,13.6,407.17,5537.51,2023-12-15
10967,2375,3550,14.35,675.74,9696.87,2023-10-09
10968,4125,2944,6.15,661.86,4070.44,2024-06-23
10969,4436,1408,15.61,847.73,13233.07,2023-11-25
10970,3915,1106,18.99,776.36,14743.08,2024-02-19
10971,4161,2181,20.77,360.79,7493.61,2024-02-12
10972,1379,2969,14.65,745.08,10915.42,2023-11-09
10973,2613,3058,23.48,867.36,20365.61,2023-03-24
10974,4551,1303,20.71,585.07,12116.8,2023-06-26
10975,871,4369,8.67,560.22,4857.11,2023-07-07
10976,3324,1377,12.05,827.49,9971.25,2023-11-04
10977,1546,4825,13.94,681.48,9499.83,2023-09-15
10978,743,1389,22.62,737.67,16686.1,2023-06-16
10979,2355,4668,9.91,514.12,5094.93,2024-08-10
10980,111,4961,8.5,356.87,3033.39,2024-12-20
10981,3633,326,18.1,586.65,10618.36,2023-05-18
10982,2808,432,13.2,350.15,4621.98,2024-08-17
10983,547,3910,12.23,466.52,5705.54,2023-10-19
10984,1898,614,17.94,361.26,6481.0,2023-02-21
10985,1800,2013,19.75,400.64,7912.64,2024-01-15
10986,1456,1102,20.26,673.25,13640.05,2023-06-14
10987,712,4849,10.96,628.21,6885.18,2023-08-16
10988,384,3440,12.65,353.47,4471.4,2023-01-22
10989,3981,306,23.64,436.14,10310.35,2023-11-25
10990,3425,450,13.0,590.14,7671.82,2024-04-30
10991,3203,2306,24.51,872.19,21377.38,2023-08-12
10992,2900,85,19.17,777.94,14913.11,2023-01-16
10993,1422,1638,16.45,486.96,8010.49,2023-10-05
10994,3487,1202,13.47,616.82,8308.57,2023-08-17
10995,1624,3362,18.47,473.35,8742.77,2023-04-28
10996,2122,2320,5.25,912.11,4788.58,2024-12-30
10997,1125,1639,6.86,611.16,4192.56,2023-04-12
10998,2357,953,12.78,515.61,6589.5,2023-07-21
10999,3182,4288,14.2,628.35,8922.57,2024-01-06
11000,260,3457,14.53,602.13,8748.95,2024-12-10
11001,2395,1476,9.17,500.6,4590.5,2024-09-30
11002,3511,570,24.49,841.27,20602.7,2024-04-29
11003,4192,4510,11.56,554.11,6405.51,2024-03-27
11004,4051,4626,5.4,401.93,2170.42,2023-07-13
11005,338,1382,8.45,768.4,6492.98,2023-10-21
11006,2185,2190,16.21,617.18,10004.49,2023-03-21
11007,2201,2830,20.37,450.93,9185.44,2024-03-14
11008,4105,3185,20.62,827.68,17066.76,2024-08-09
11009,89,1356,10.11,692.16,6997.74,2024-01-03
11010,3029,1847,22.48,813.63,18290.4,2024-01-23
11011,4583,4652,21.84,432.09,9436.85,2023-02-12
11012,1621,4225,10.62,630.57,6696.65,2024-03-20
11013,100,27,19.68,509.73,10031.49,2024-09-01
11014,2763,2564,11.78,650.52,7663.13,2024-05-08
11015,749,3202,19.84,510.75,10133.28,2023-10-13
11016,4944,132,9.69,818.14,7927.78,2023-02-03
11017,4372,637,16.63,482.22,8019.32,2023-09-26
11018,4004,3364,18.44,379.95,7006.28,2023-04-07
11019,4281,2146,10.87,623.37,6776.03,2023-10-10
11020,3074,675,9.25,380.74,3521.85,2024-07-09
11021,2879,3405,20.05,855.94,17161.6,2023-09-20
11022,1077,3177,22.92,859.45,19698.59,2023-08-28
11023,551,3013,13.08,904.77,11834.39,2024-11-05
11024,4256,3054,10.94,766.4,8384.42,2024-06-13
11025,490,1222,19.93,692.75,13806.51,2024-04-08
11026,4726,902,14.51,767.47,11135.99,2023-01-12
11027,336,3723,20.54,534.84,10985.61,2024-10-27
11028,168,2377,21.83,687.26,15002.89,2023-08-30
11029,3510,273,12.27,801.74,9837.35,2023-12-12
11030,2032,3639,22.99,486.74,11190.15,2023-10-01
11031,2013,1731,23.3,705.28,16433.02,2023-01-28
11032,1729,183,12.93,736.77,9526.44,2024-02-19
11033,986,4490,14.42,824.88,11894.77,2023-05-19
11034,3362,3895,8.66,460.05,3984.03,2024-08-11
11035,133,4194,17.85,815.66,14559.53,2024-04-07
11036,2696,1787,15.16,654.24,9918.28,2024-05-29
11037,383,3173,20.2,755.75,15266.15,2024-04-27
11038,1675,2496,20.03,693.58,13892.41,2024-11-27
11039,4127,3946,21.26,767.83,16324.07,2024-02-14
11040,2644,180,5.48,856.3,4692.52,2024-11-17
11041,1139,967,17.74,692.6,12286.72,2024-12-12
11042,4596,3462,14.11,507.42,7159.7,2024-12-17
11043,3289,3628,20.3,677.04,13743.91,2023-01-31
11044,502,572,13.14,473.56,6222.58,2024-02-16
11045,122,3888,20.26,696.73,14115.75,2023-07-16
11046,1453,4170,23.87,698.13,16664.36,2024-09-22
11047,4396,1309,6.6,947.12,6250.99,2024-05-17
11048,2645,1672,7.4,442.35,3273.39,2023-08-27
11049,50,4374,14.27,624.52,8911.9,2024-03-09
11050,2150,1406,21.45,534.78,11471.03,2024-02-19
11051,1690,4845,16.75,444.64,7447.72,2024-07-02
11052,714,1945,18.74,748.92,14034.76,2023-12-01
11053,4928,158,11.05,943.74,10428.33,2023-04-26
11054,3429,3684,10.65,815.05,8680.28,2023-01-28
11055,521,2786,24.88,709.29,17647.14,2024-07-05
11056,2118,4975,13.78,351.2,4839.54,2024-06-27
11057,1901,4600,8.25,949.6,7834.2,2024-06-08
11058,2010,445,19.85,516.76,10257.69,2024-12-15
11059,618,3817,7.93,872.94,6922.41,2024-07-05
11060,46,3166,7.23,632.89,4575.79,2024-10-11
11061,1817,934,12.54,734.54,9211.13,2023-12-18
11062,425,844,22.66,666.62,15105.61,2024-01-24
11063,4759,1163,18.01,501.56,9033.1,2024-10-31
11064,1637,3677,15.22,547.14,8327.47,2023-02-17
11065,4908,1279,7.29,382.64,2789.45,2024-02-27
11066,393,1668,17.62,375.52,6616.66,2023-02-01
11067,4241,538,15.26,673.65,10279.9,2024-04-10
11068,1357,4921,8.19,440.13,3604.66,2024-02-29
11069,2425,2451,16.01,740.77,11859.73,2024-06-23
11070,158,3750,11.52,917.92,10574.44,2023-05-31
11071,2777,4629,15.33,745.86,11434.03,2023-07-08
11072,2258,728,17.83,630.16,11235.75,2023-03-19
11073,4853,921,13.38,351.31,4700.53,2024-09-06
11074,903,1405,22.69,580.93,13181.3,2024-04-28
11075,4567,272,13.12,429.46,5634.52,2024-06-27
11076,984,3738,7.67,360.05,2761.58,2023-02-28
11077,3452,1595,17.71,832.68,14746.76,2024-11-19
11078,2207,1789,23.03,508.74,11716.28,2023-11-30
11079,1507,2074,21.06,578.89,12191.42,2023-12-09
11080,3970,49,24.97,758.28,18934.25,2023-03-25
11081,2419,1169,8.57,791.47,6782.9,2023-11-02
11082,1761,3341,8.25,876.14,7228.15,2024-09-02
11083,1280,1826,5.37,404.01,2169.53,2024-04-14
11084,4517,2182,12.28,355.37,4363.94,2024-08-06
11085,482,2048,14.03,843.75,11837.81,2024-09-16
11086,7,1081,12.53,806.63,10107.07,2023-10-28
11087,2526,345,9.85,540.95,5328.36,2023-12-27
11088,3481,2096,12.1,769.04,9305.38,2024-05-28
11089,3602,3009,20.08,769.95,15460.6,2023-10-13
11090,3278,2229,18.59,932.54,17335.92,2024-06-06
11091,4670,3701,15.94,421.31,6715.68,2024-05-25
11092,3278,3368,9.98,571.66,5705.17,2023-06-05
11093,1891,3506,24.98,926.44,23142.47,2023-02-09
11094,4951,4334,12.62,834.08,10526.09,2024-02-22
11095,3055,4764,10.67,394.21,4206.22,2023-11-14
11096,1427,1106,16.34,640.76,10470.02,2023-02-21
11097,4297,3170,24.03,461.6,11092.25,2023-07-08
11098,1056,91,8.32,596.44,4962.38,2024-01-29
11099,3717,4663,13.34,393.6,5250.62,2024-08-20
11100,2825,3089,13.16,463.49,6099.53,2024-09-16
11101,4922,1265,24.71,895.21,22120.64,2024-08-25
11102,4491,2032,23.3,711.92,16587.74,2023-08-09
11103,3912,3276,11.41,681.71,7778.31,2024-07-23
11104,3695,1535,15.3,776.07,11873.87,2024-01-17
11105,2467,995,23.33,610.3,14238.3,2023-09-10
11106,4287,2061,10.1,453.6,4581.36,2024-09-14
11107,1640,4941,21.26,407.39,8661.11,2024-06-24
11108,4912,694,19.92,935.63,18637.75,2023-06-08
11109,241,37,24.82,591.47,14680.29,2023-03-10
11110,3821,3268,10.79,379.8,4098.04,2023-05-31
11111,552,2499,21.8,784.63,17104.93,2024-10-29
11112,2329,4621,18.23,861.74,15709.52,2023-03-14
11113,1673,4232,9.35,420.93,3935.7,2024-08-11
11114,4453,3851,14.91,441.38,6580.98,2023-05-16
11115,3562,2681,5.66,717.74,4062.41,2024-11-18
11116,1110,2432,12.67,445.86,5649.05,2023-01-12
11117,1240,456,11.59,931.77,10799.21,2024-06-15
11118,1902,254,8.65,552.1,4775.66,2024-08-06
11119,3508,4986,23.65,946.0,22372.9,2023-04-15
11120,3283,1025,17.45,506.61,8840.34,2024-08-05
11121,4467,279,23.8,846.37,20143.61,2024-10-26
11122,4375,1079,24.75,572.01,14157.25,2023-01-05
11123,2016,23,6.7,745.33,4993.71,2024-04-04
11124,4311,3528,17.31,595.42,10306.72,2024-08-08
11125,2379,56,11.66,638.18,7441.18,2023-11-14
11126,4021,2111,9.96,913.63,9099.75,2023-05-04
11127,595,1591,19.22,540.79,10393.98,2024-05-08
11128,3316,795,18.21,539.45,9823.38,2023-01-14
11129,1610,1390,6.04,644.12,3890.48,2023-03-17
11130,509,1850,14.93,932.41,13920.88,2024-03-05
11131,1470,369,6.72,695.36,4672.82,2023-05-31
11132,4783,4896,18.9,850.0,16065.0,2023-03-14
11133,1585,1721,16.82,659.38,11090.77,2024-04-15
11134,1507,2408,5.81,528.96,3073.26,2023-11-14
11135,4506,4989,10.5,619.13,6500.86,2023-01-01
11136,211,3637,20.59,646.03,13301.76,2024-07-01
11137,1848,2583,13.32,427.2,5690.3,2023-03-09
11138,3854,3388,23.46,880.91,20666.15,2023-11-26
11139,585,3861,6.52,804.23,5243.58,2024-10-06
11140,4566,2927,5.68,901.35,5119.67,2023-04-02
11141,1364,4410,14.67,493.34,7237.3,2024-08-30
11142,3142,1578,11.94,510.79,6098.83,2023-09-19
11143,4574,2901,5.74,838.37,4812.24,2024-06-05
11144,648,782,5.03,557.79,2805.68,2023-11-25
11145,2223,3215,22.9,621.14,14224.11,2024-11-16
11146,959,3264,12.31,711.37,8756.96,2023-02-18
11147,23,415,17.93,842.75,15110.51,2023-10-19
11148,104,2552,5.23,497.5,2601.93,2023-11-23
11149,2264,151,22.86,420.34,9608.97,2023-09-12
11150,4473,1226,17.08,823.08,14058.21,2023-07-02
11151,1713,4822,6.63,673.78,4467.16,2024-01-27
11152,327,1955,12.87,446.19,5742.47,2024-06-10
11153,4544,3272,12.43,842.46,10471.78,2024-12-01
11154,173,3644,23.97,727.01,17426.43,2024-06-30
11155,2636,1290,15.81,440.93,6971.1,2024-09-14
11156,3131,2315,18.96,404.33,7666.1,2024-12-09
11157,1669,1940,13.75,710.19,9765.11,2023-12-17
11158,455,1556,19.42,429.29,8336.81,2024-09-11
11159,170,4122,24.71,529.99,13096.05,2024-06-03
11160,3539,3993,23.0,807.25,18566.75,2023-02-13
11161,4575,3957,15.11,928.97,14036.74,2023-02-13
11162,963,4911,16.93,374.62,6342.32,2024-12-17
11163,2312,1822,17.3,674.51,11669.02,2023-03-22
11164,1190,3194,6.84,758.45,5187.8,2024-01-23
11165,2259,4535,7.01,551.17,3863.7,2023-12-13
11166,3272,1975,16.22,555.75,9014.26,2023-07-10
11167,3304,265,18.16,416.86,7570.18,2023-10-30
11168,1302,1203,24.88,829.23,20631.24,2023-01-19
11169,3854,58,11.27,710.37,8005.87,2024-05-02
11170,2282,2428,14.55,513.58,7472.59,2024-05-06
11171,465,4357,19.53,925.15,18068.18,2024-11-26
11172,1612,655,22.83,813.55,18573.35,2024-03-30
11173,602,4689,20.01,523.57,10476.64,2023-12-14
11174,3451,3981,19.58,695.95,13626.7,2024-02-01
11175,3338,1473,24.96,429.36,10716.83,2023-09-12
11176,3080,23,11.53,805.37,9285.92,2024-01-08
11177,3149,604,9.64,358.17,3452.76,2024-07-01
11178,3983,4551,11.02,427.84,4714.8,2024-04-04
11179,4235,3288,5.12,894.11,4577.84,2023-02-19
11180,3223,1938,11.61,837.56,9724.07,2023-02-12
11181,69,3039,12.92,493.22,6372.4,2023-02-15
11182,719,3514,7.59,668.54,5074.22,2023-09-30
11183,4815,989,21.75,724.31,15753.74,2023-01-12
11184,4853,969,22.19,701.98,15576.94,2023-06-18
11185,237,1173,6.17,794.47,4901.88,2024-01-09
11186,2777,1295,7.71,714.99,5512.57,2024-12-06
11187,3040,4657,9.0,915.65,8240.85,2024-04-23
11188,919,4707,18.92,570.0,10784.4,2024-10-26
11189,342,406,21.49,931.51,20018.15,2024-09-30
11190,1090,3797,19.33,608.23,11757.09,2023-12-24
11191,2419,2636,23.34,918.51,21438.02,2023-09-21
11192,4838,1123,21.23,938.89,19932.63,2023-02-14
11193,4956,2307,11.38,798.3,9084.65,2024-12-11
11194,4210,742,10.71,547.63,5865.12,2023-05-08
11195,990,4490,16.15,728.37,11763.18,2024-09-01
11196,4337,1732,12.79,727.55,9305.36,2023-10-18
11197,2705,3262,22.73,857.16,19483.25,2024-02-20
11198,3040,1224,8.14,450.72,3668.86,2023-05-07
11199,2580,3338,14.87,647.02,9621.19,2024-01-25
11200,3346,841,5.24,931.7,4882.11,2024-03-06
11201,3466,250,21.81,535.76,11684.93,2024-04-03
11202,1264,3454,5.21,619.35,3226.81,2024-02-20
11203,516,2999,5.32,468.04,2489.97,2024-05-31
11204,1631,36,12.3,392.6,4828.98,2023-03-11
11205,739,3467,13.82,757.63,10470.45,2024-05-23
11206,443,2842,21.18,539.62,11429.15,2024-06-23
11207,1057,1469,13.8,387.1,5341.98,2023-09-19
11208,4840,2674,11.04,475.51,5249.63,2023-11-11
11209,3076,2165,13.85,509.21,7052.56,2024-01-10
11210,2621,3831,9.28,758.01,7034.33,2024-08-20
11211,1009,4692,6.09,783.61,4772.18,2023-03-23
11212,4716,4355,20.17,909.44,18343.4,2024-02-12
11213,2461,3315,13.69,796.16,10899.43,2024-08-17
11214,1009,4537,9.3,548.06,5096.96,2023-08-29
11215,4975,4055,8.9,543.36,4835.9,2023-09-28
11216,3244,4481,17.54,685.74,12027.88,2023-01-08
11217,1522,1990,12.49,631.22,7883.94,2024-12-11
11218,727,4441,14.57,634.43,9243.65,2023-09-29
11219,822,4618,9.89,353.59,3497.01,2023-07-10
11220,3543,4005,8.28,712.08,5896.02,2023-09-05
11221,1177,4946,9.34,860.19,8034.17,2024-12-16
11222,1092,1724,14.58,821.68,11980.09,2024-08-02
11223,2123,328,24.97,592.92,14805.21,2023-07-10
11224,2640,1967,22.37,902.94,20198.77,2023-06-17
11225,3770,3081,21.31,910.86,19410.43,2024-09-24
11226,2116,1355,22.19,741.64,16456.99,2024-03-25
11227,1307,1834,14.47,492.05,7119.96,2024-07-01
11228,383,1120,22.35,741.02,16561.8,2023-09-02
11229,770,2060,18.72,363.01,6795.55,2024-12-06
11230,1548,1868,24.83,389.16,9662.84,2023-06-29
11231,1741,2433,15.33,526.0,8063.58,2024-05-21
11232,4304,1224,18.2,712.79,12972.78,2024-09-14
11233,2715,2631,5.18,753.6,3903.65,2023-03-28
11234,2803,1040,11.57,511.24,5915.05,2024-02-03
11235,2651,3576,6.15,905.59,5569.38,2024-08-05
11236,1653,4515,18.79,723.4,13592.69,2023-08-15
11237,3223,2330,7.49,352.27,2638.5,2023-09-09
11238,3544,1234,9.27,442.84,4105.13,2023-05-12
11239,1789,1670,14.86,630.46,9368.64,2023-03-19
11240,277,3264,13.28,785.59,10432.64,2024-02-16
11241,232,3629,23.57,788.07,18574.81,2023-01-04
11242,1951,3101,9.15,566.9,5187.14,2023-02-05
11243,4125,2493,11.7,537.92,6293.66,2023-05-19
11244,308,3875,17.6,400.89,7055.66,2024-12-26
11245,4064,2214,10.95,382.19,4184.98,2023-01-19
11246,3877,3006,18.51,871.13,16124.62,2024-06-02
11247,1129,3042,8.34,622.07,5188.06,2024-08-05
11248,3521,1310,23.52,855.11,20112.19,2023-01-15
11249,3317,1564,21.86,497.07,10865.95,2024-06-04
11250,3306,2150,18.25,564.1,10294.83,2024-02-26
11251,3669,2190,19.58,519.63,10174.36,2023-11-19
11252,1712,856,16.9,737.41,12462.23,2024-06-19
11253,4676,3969,23.51,938.56,22065.55,2024-08-11
11254,4901,634,21.77,774.84,16868.27,2023-09-21
11255,3501,282,16.97,773.64,13128.67,2024-08-26
11256,2569,117,19.8,883.25,17488.35,2023-10-16
11257,1701,1171,16.94,830.26,14064.6,2024-03-02
11258,1774,1045,20.5,611.91,12544.15,2023-05-15
11259,2108,3122,19.91,935.22,18620.23,2023-04-14
11260,4490,4799,7.62,444.17,3384.58,2024-12-21
11261,612,855,23.69,670.2,15877.04,2023-12-04
11262,2781,1868,17.32,687.43,11906.29,2023-09-15
11263,1495,3690,5.33,769.88,4103.46,2024-03-23
11264,1339,1127,19.83,942.63,18692.35,2023-07-17
11265,2492,4078,21.33,933.3,19907.29,2023-11-04
11266,1324,2794,8.45,883.7,7467.26,2024-02-12
11267,4028,527,19.3,797.91,15399.66,2024-06-09
11268,1055,1680,20.49,665.81,13642.45,2024-04-06
11269,3958,474,15.52,677.62,10516.66,2023-12-04
11270,2377,553,18.15,933.52,16943.39,2024-02-02
11271,632,1638,15.44,580.65,8965.24,2024-12-15
11272,3032,3284,19.47,695.32,13537.88,2023-11-10
11273,4911,4395,14.35,937.73,13456.43,2023-10-05
11274,2659,4222,12.83,801.82,10287.35,2024-03-14
11275,4648,3169,18.73,724.12,13562.77,2023-07-17
11276,31,3644,22.67,674.95,15301.12,2023-06-07
11277,416,4449,9.03,832.39,7516.48,2023-03-02
11278,686,3148,16.48,434.43,7159.41,2024-02-15
11279,2644,2920,7.65,409.37,3131.68,2023-11-23
11280,3329,2276,19.65,760.63,14946.38,2023-12-05
11281,3266,2642,14.99,906.07,13581.99,2023-12-02
11282,4044,2885,20.03,565.08,11318.55,2023-04-13
11283,3853,3531,24.82,453.29,11250.66,2023-10-09
11284,4291,3657,5.11,381.38,1948.85,2023-12-12
11285,4350,1088,15.42,835.58,12884.64,2023-10-26
11286,3398,3135,18.67,564.45,10538.28,2023-12-28
11287,1435,2103,10.11,413.91,4184.63,2023-11-06
11288,4823,3870,10.2,811.9,8281.38,2023-10-31
11289,1653,1652,5.1,831.01,4238.15,2024-06-25
11290,3489,140,13.13,670.65,8805.63,2024-06-08
11291,3850,344,20.51,851.9,17472.47,2023-03-07
11292,3345,1590,14.05,925.0,12996.25,2023-02-16
11293,2194,1261,22.64,528.98,11976.11,2023-08-06
11294,1421,371,15.25,596.73,9100.13,2024-12-11
11295,4381,1830,11.66,379.11,4420.42,2023-02-01
11296,2278,567,24.66,816.12,20125.52,2023-08-06
11297,4784,3550,10.38,697.03,7235.17,2024-10-15
11298,4886,3972,6.32,714.44,4515.26,2024-08-12
11299,2235,2758,22.55,430.96,9718.15,2023-06-06
11300,2971,3189,16.1,415.71,6692.93,2024-09-16
11301,2604,347,10.41,357.91,3725.84,2024-04-20
11302,3094,4032,9.09,802.11,7291.18,2023-11-03
11303,117,4695,24.76,934.21,23131.04,2023-11-26
11304,1825,4695,14.97,733.49,10980.35,2023-09-15
11305,4789,4494,18.54,882.96,16370.08,2023-02-16
11306,9,1382,7.81,939.55,7337.89,2024-09-23
11307,363,1911,10.02,438.28,4391.57,2023-04-03
11308,1147,2721,12.08,668.27,8072.7,2024-06-17
11309,144,3840,10.61,854.92,9070.7,2023-07-15
11310,1863,790,21.89,442.14,9678.44,2024-07-31
11311,3860,2341,19.88,748.99,14889.92,2024-06-29
11312,2993,932,13.74,567.54,7798.0,2024-11-03
11313,3485,2190,11.18,658.09,7357.45,2024-12-04
11314,31,4104,15.45,445.38,6881.12,2024-06-18
11315,4968,2622,20.09,427.48,8588.07,2024-10-18
11316,4214,2265,15.4,587.86,9053.04,2023-04-19
11317,1801,1379,16.41,445.5,7310.65,2024-03-15
11318,4495,3087,5.62,735.7,4134.63,2024-09-29
11319,3441,3937,20.13,449.45,9047.43,2023-10-27
11320,3633,1577,23.56,475.87,11211.5,2024-12-17
11321,4837,1751,5.05,591.71,2988.14,2024-11-03
11322,709,3044,24.33,898.85,21869.02,2023-04-05
11323,740,3840,24.63,667.78,16447.42,2024-07-07
11324,1202,3126,15.01,526.94,7909.37,2024-01-06
11325,3395,4496,21.43,687.88,14741.27,2024-08-30
11326,1252,1930,21.72,910.14,19768.24,2023-05-17
11327,3882,976,14.2,436.65,6200.43,2024-04-06
11328,221,1242,17.49,917.5,16047.07,2023-06-25
11329,4696,464,9.56,757.59,7242.56,2023-02-06
11330,3510,2592,19.17,827.95,15871.8,2023-10-07
11331,3671,456,22.46,778.68,17489.15,2024-11-18
11332,3818,3659,22.77,518.34,11802.6,2024-08-17
11333,3647,3447,11.46,505.69,5795.21,2024-05-23
11334,4300,635,11.28,471.52,5318.75,2024-07-11
11335,3707,1722,15.82,761.29,12043.61,2024-04-18
11336,531,2625,15.28,561.65,8582.01,2024-05-20
11337,2479,3028,17.05,684.7,11674.14,2024-06-06
11338,3200,1374,24.75,807.26,19979.69,2024-02-19
11339,2160,4510,21.54,476.06,10254.33,2024-06-08
11340,188,1275,13.87,473.22,6563.56,2023-01-18
11341,1237,1949,18.7,589.16,11017.29,2024-08-30
11342,939,4937,12.98,415.26,5390.07,2023-01-29
11343,723,4483,17.64,550.24,9706.23,2024-07-13
11344,4424,4285,7.0,907.04,6349.28,2024-10-21
11345,806,4185,12.74,743.4,9470.92,2023-05-18
11346,4002,58,21.31,365.93,7797.97,2024-02-16
11347,4883,301,12.76,806.26,10287.88,2023-05-02
11348,1798,3941,5.94,701.68,4167.98,2023-05-31
11349,4533,4971,16.79,436.39,7326.99,2023-08-25
11350,4190,3578,9.48,893.17,8467.25,2024-11-08
11351,379,1988,11.08,891.27,9875.27,2024-12-31
11352,2687,3771,11.32,602.43,6819.51,2024-06-07
11353,1846,1565,17.28,867.35,14987.81,2023-12-13
11354,3989,3623,12.09,617.65,7467.39,2023-08-30
11355,1787,821,19.79,809.57,16021.39,2023-11-27
11356,2608,3605,11.59,729.28,8452.36,2024-11-23
11357,767,4300,23.1,564.49,13039.72,2024-05-04
11358,1824,4232,17.36,755.3,13112.01,2023-10-08
11359,367,2550,19.22,518.09,9957.69,2024-01-12
11360,858,626,24.64,672.44,16568.92,2023-11-15
11361,422,839,6.28,882.66,5543.1,2023-06-06
11362,2644,404,23.72,936.67,22217.81,2023-07-23
11363,933,2657,13.01,944.29,12285.21,2024-10-04
11364,4374,4930,20.0,841.48,16829.6,2023-03-18
11365,3588,3690,19.87,699.67,13902.44,2024-09-24
11366,1165,1902,13.93,382.06,5322.1,2024-10-16
11367,2188,2926,24.47,832.58,20373.23,2024-03-12
11368,3876,4707,15.25,508.04,7747.61,2023-10-28
11369,1900,3468,5.49,806.77,4429.17,2024-03-13
11370,544,3539,24.08,838.64,20194.45,2023-08-12
11371,3931,1792,23.75,717.89,17049.89,2024-05-25
11372,976,2909,15.12,474.99,7181.85,2024-08-19
11373,1313,4927,23.9,569.63,13614.16,2024-12-21
11374,1914,856,18.39,747.53,13747.08,2024-06-05
11375,1708,310,12.87,685.74,8825.47,2023-05-20
11376,4582,3018,16.3,403.24,6572.81,2024-12-23
11377,1858,1857,18.24,735.52,13415.88,2023-06-29
11378,3055,566,11.0,575.55,6331.05,2024-07-17
11379,4404,2028,11.94,793.32,9472.24,2024-08-20
11380,3823,1699,13.66,583.44,7969.79,2023-11-04
11381,3858,2086,10.83,580.58,6287.68,2024-02-03
11382,4689,2923,8.53,423.4,3611.6,2024-07-11
11383,3990,2194,10.67,399.4,4261.6,2024-09-16
11384,25,2759,7.3,388.19,2833.79,2023-01-14
11385,631,4208,23.97,888.54,21298.3,2024-11-11
11386,589,2349,6.88,688.73,4738.46,2023-04-12
11387,2241,3929,9.56,807.92,7723.72,2024-01-31
11388,4840,2091,18.98,385.14,7309.96,2024-07-29
11389,3685,2358,9.07,642.11,5823.94,2023-01-27
11390,1028,4392,19.72,427.08,8422.02,2024-02-19
11391,1978,1649,10.77,732.15,7885.26,2023-01-30
11392,2850,243,21.24,604.85,12847.01,2024-08-11
11393,1534,955,19.52,701.09,13685.28,2024-07-25
11394,3707,3766,22.81,599.37,13671.63,2023-05-07
11395,3404,3391,17.0,576.53,9801.01,2024-03-21
11396,2568,3229,24.05,350.9,8439.15,2023-09-04
11397,263,1102,10.56,836.78,8836.4,2023-05-12
11398,1804,2201,7.67,769.37,5901.07,2024-09-20
11399,1711,3586,16.77,373.77,6268.12,2024-03-09
11400,4000,2934,16.07,884.66,14216.49,2024-09-24
11401,3706,592,19.81,406.27,8048.21,2023-12-02
11402,3307,986,7.99,532.66,4255.95,2023-10-08
11403,1731,2010,10.88,720.07,7834.36,2023-12-25
11404,3240,2954,6.25,532.43,3327.69,2024-03-20
11405,3088,431,22.63,434.07,9823.0,2023-04-23
11406,1051,3110,15.99,497.8,7959.82,2023-08-12
11407,2923,3125,6.33,700.73,4435.62,2024-09-19
11408,1294,1497,17.67,563.61,9958.99,2024-05-12
11409,2153,760,18.71,575.38,10765.36,2023-11-02
11410,4486,2650,17.16,365.8,6277.13,2023-01-03
11411,2741,2813,24.46,795.77,19464.53,2023-03-07
11412,2221,2364,19.57,937.26,18342.18,2024-11-30
11413,3942,1153,10.12,679.6,6877.55,2023-07-04
11414,4692,7,15.67,671.57,10523.5,2023-11-04
11415,1913,542,14.38,494.72,7114.07,2023-09-16
11416,686,3063,23.5,515.6,12116.6,2024-12-04
11417,1622,1220,14.64,698.16,10221.06,2024-01-02
11418,4820,3752,6.86,506.43,3474.11,2024-06-22
11419,2596,1751,15.34,703.79,10796.14,2023-03-07
11420,2372,115,7.68,762.92,5859.23,2024-08-20
11421,4060,3568,11.44,496.32,5677.9,2024-03-11
11422,4329,3064,6.9,466.59,3219.47,2024-05-29
11423,4391,3936,6.03,409.94,2471.94,2023-09-07
11424,691,2659,6.72,473.68,3183.13,2023-04-05
11425,3549,3944,23.77,500.1,11887.38,2024-07-01
11426,122,3981,13.25,728.78,9656.33,2024-07-15
11427,372,3321,6.55,623.66,4084.97,2024-10-08
11428,1056,2709,15.49,603.95,9355.19,2024-04-10
11429,4489,19,21.78,593.93,12935.8,2023-05-27
11430,1622,2003,22.27,843.18,18777.62,2023-03-15
11431,1608,101,12.45,507.97,6324.23,2024-02-18
11432,445,1516,5.66,460.81,2608.18,2024-05-29
11433,2746,155,13.63,551.14,7512.04,2024-11-22
11434,1378,2362,11.53,848.57,9784.01,2023-04-08
11435,224,3308,6.92,822.96,5694.88,2024-02-23
11436,618,2098,14.61,411.86,6017.27,2023-11-24
11437,157,782,19.77,689.83,13637.94,2024-02-16
11438,4255,1153,13.49,499.91,6743.79,2023-05-12
11439,307,259,7.71,431.98,3330.57,2023-11-24
11440,1069,1509,9.64,936.39,9026.8,2024-11-11
11441,1146,226,8.52,573.46,4885.88,2023-04-08
11442,380,619,24.22,793.5,19218.57,2023-04-27
11443,2513,1713,20.16,503.62,10152.98,2023-08-17
11444,1428,2979,16.52,465.47,7689.56,2023-07-05
11445,957,1759,15.34,923.21,14162.04,2023-06-12
11446,2749,3373,9.87,708.62,6994.08,2024-11-26
11447,2493,1522,10.67,425.74,4542.65,2024-05-27
11448,2441,4993,12.99,813.51,10567.49,2024-03-29
11449,2161,4782,13.56,352.99,4786.54,2024-06-08
11450,1425,447,13.6,466.0,6337.6,2024-08-20
11451,3718,3880,24.02,498.51,11974.21,2024-10-02
11452,2267,4693,23.1,842.57,19463.37,2024-07-17
11453,3866,1901,17.74,566.31,10046.34,2023-12-31
11454,2742,1455,13.1,814.64,10671.78,2024-01-28
11455,2724,4610,24.64,592.57,14600.92,2023-03-09
11456,3196,1292,10.35,808.42,8367.15,2024-01-14
11457,4186,497,20.75,873.4,18123.05,2024-09-26
11458,863,2184,23.32,599.89,13989.43,2024-04-29
11459,2042,3313,20.66,571.68,11810.91,2024-08-18
11460,3618,2219,18.96,445.55,8447.63,2024-02-08
11461,1912,2770,13.69,540.67,7401.77,2023-08-02
11462,3341,1043,16.22,769.25,12477.23,2024-10-11
11463,2778,2047,22.61,695.95,15735.43,2023-06-07
11464,3181,4046,10.79,876.46,9457.0,2024-08-29
11465,3890,671,8.01,411.95,3299.72,2023-06-10
11466,3428,1610,17.82,868.05,15468.65,2024-10-02
11467,2224,1741,15.94,484.76,7727.07,2024-11-06
11468,4098,3516,10.73,679.12,7286.96,2023-09-10
11469,830,3222,18.38,365.68,6721.2,2024-07-05
11470,4836,1937,7.94,689.3,5473.04,2024-09-22
11471,4476,633,17.17,883.65,15172.27,2024-03-01
11472,4097,683,6.92,866.27,5994.59,2023-04-14
11473,1612,3784,12.87,818.97,10540.14,2023-04-01
11474,1706,3883,5.58,363.87,2030.39,2023-05-14
11475,1361,34,12.59,632.92,7968.46,2023-04-08
11476,3949,4538,10.48,718.13,7526.0,2024-12-29
11477,3168,2254,5.38,887.74,4776.04,2024-08-10
11478,1004,2339,9.16,429.09,3930.46,2024-02-12
11479,2440,3622,20.68,705.29,14585.4,2024-02-11
11480,1181,4737,8.68,735.47,6383.88,2024-10-10
11481,2430,2822,8.29,855.47,7091.85,2024-02-20
11482,4898,892,9.1,839.57,7640.09,2024-04-16
11483,4823,2463,7.77,908.45,7058.66,2023-01-12
11484,2149,4143,9.3,842.4,7834.32,2024-11-11
11485,1488,3389,6.6,750.66,4954.36,2024-12-20
11486,4647,3770,23.22,781.16,18138.54,2023-04-01
11487,210,3373,17.41,620.9,10809.87,2024-11-29
11488,2693,1808,22.78,484.52,11037.37,2024-09-06
11489,3192,881,7.22,412.93,2981.35,2023-06-23
11490,226,931,12.0,814.01,9768.12,2024-02-15
11491,4929,2230,20.52,498.14,10221.83,2024-08-22
11492,1595,1855,5.68,802.61,4558.82,2023-08-26
11493,3902,3435,10.44,513.14,5357.18,2024-05-08
11494,2242,4371,18.14,473.07,8581.49,2023-04-13
11495,4469,2174,10.63,845.31,8985.65,2023-04-01
11496,3557,4044,19.57,923.01,18063.31,2024-09-06
11497,2057,4460,9.33,394.35,3679.29,2023-04-04
11498,2318,4738,7.07,356.25,2518.69,2024-11-01
11499,681,205,19.21,747.75,14364.28,2023-02-18
11500,1324,317,21.97,743.69,16338.87,2023-06-04
11501,3418,3417,15.59,848.48,13227.8,2023-05-02
11502,271,593,13.08,676.57,8849.54,2024-09-27
11503,1183,1000,17.04,497.87,8483.7,2023-07-25
11504,2697,2477,10.16,887.19,9013.85,2024-07-20
11505,491,1717,10.22,443.56,4533.18,2023-11-23
11506,3917,4633,8.95,605.28,5417.26,2024-11-18
11507,4848,817,6.92,852.4,5898.61,2023-07-30
11508,655,2654,23.42,579.29,13566.97,2024-05-07
11509,708,4060,6.98,771.13,5382.49,2023-04-29
11510,801,4776,9.07,431.14,3910.44,2024-11-29
11511,133,1109,11.19,858.56,9607.29,2023-11-07
11512,36,1324,23.12,751.4,17372.37,2024-06-17
11513,2371,754,16.11,743.12,11971.66,2023-05-03
11514,2451,2598,7.65,670.17,5126.8,2023-05-20
11515,616,4978,23.17,910.33,21092.35,2023-08-07
11516,4179,3019,24.4,635.86,15514.98,2024-05-17
11517,1537,4958,12.61,866.11,10921.65,2023-03-15
11518,653,308,9.78,823.17,8050.6,2024-10-14
11519,911,3105,14.99,718.8,10774.81,2023-05-06
11520,1388,2044,20.65,949.25,19602.01,2024-10-18
11521,393,624,8.04,559.01,4494.44,2024-12-28
11522,1785,2716,9.75,902.05,8794.99,2023-02-22
11523,1520,3183,13.22,748.08,9889.62,2023-03-10
11524,2822,2762,13.13,501.96,6590.73,2023-06-21
11525,4071,2555,24.97,455.3,11368.84,2023-03-18
11526,2319,3986,5.04,729.8,3678.19,2023-03-08
11527,4447,4893,23.68,629.93,14916.74,2024-12-22
11528,2941,3490,17.27,662.36,11438.96,2024-02-04
11529,4898,1810,17.09,654.01,11177.03,2023-03-01
11530,2792,3545,5.61,413.58,2320.18,2024-04-07
11531,3293,1706,11.96,748.04,8946.56,2024-01-10
11532,1194,1510,12.28,652.92,8017.86,2024-04-04
11533,1279,3193,17.76,401.85,7136.86,2024-02-18
11534,3319,3007,7.67,742.05,5691.52,2023-01-27
11535,3903,185,10.18,874.38,8901.19,2024-11-10
11536,2249,912,5.86,526.44,3084.94,2023-08-16
11537,4172,3449,5.1,841.05,4289.35,2023-07-04
11538,4194,3647,10.21,822.47,8397.42,2023-04-16
11539,3374,3352,22.54,352.06,7935.43,2024-07-08
11540,822,3981,16.99,753.39,12800.1,2023-05-19
11541,3340,1381,15.73,354.62,5578.17,2023-07-16
11542,2877,1322,15.03,416.79,6264.35,2023-05-24
11543,1483,1434,9.59,681.33,6533.95,2024-07-23
11544,2276,3859,8.1,357.9,2898.99,2023-12-01
11545,2933,4965,22.33,665.61,14863.07,2024-08-28
11546,2236,756,16.91,369.17,6242.66,2023-02-09
11547,3706,4959,19.53,682.55,13330.2,2023-04-29
11548,834,946,9.56,883.94,8450.47,2023-09-10
11549,2576,1592,11.94,367.82,4391.77,2023-11-23
11550,1193,1350,24.34,916.21,22300.55,2024-10-20
11551,63,3578,15.61,428.75,6692.79,2023-10-24
11552,2945,4009,7.35,770.13,5660.46,2024-07-23
11553,3805,4295,24.61,709.28,17455.38,2023-09-04
11554,141,597,5.58,905.98,5055.37,2023-01-25
11555,2357,2699,22.9,411.4,9421.06,2023-09-06
11556,1035,4183,11.03,717.96,7919.1,2023-04-08
11557,3847,4553,23.6,507.58,11978.89,2024-02-24
11558,1056,4511,21.0,522.7,10976.7,2023-02-07
11559,4551,5000,8.51,734.94,6254.34,2023-08-17
11560,2821,4078,5.45,483.21,2633.49,2024-07-26
11561,1863,3807,17.85,930.84,16615.49,2024-07-25
11562,1196,798,16.7,419.25,7001.47,2023-08-16
11563,3643,2053,21.48,722.34,15515.86,2023-09-03
11564,4717,113,21.44,591.5,12681.76,2023-11-23
11565,2822,4039,21.29,681.53,14509.77,2024-01-17
11566,171,4463,16.85,533.64,8991.83,2023-10-12
11567,6,3434,8.73,886.88,7742.46,2024-09-09
11568,401,2442,24.29,689.86,16756.7,2024-01-03
11569,4451,3516,22.88,661.89,15144.04,2023-01-16
11570,3183,2717,12.55,786.73,9873.46,2024-03-06
11571,2240,3042,14.19,490.12,6954.8,2024-03-30
11572,2608,1179,22.87,399.8,9143.43,2024-03-30
11573,3427,4589,13.29,905.87,12039.01,2023-03-12
11574,480,1147,10.98,889.35,9765.06,2024-01-02
11575,2297,1593,9.4,362.3,3405.62,2024-05-05
11576,1317,3259,19.46,719.58,14003.03,2023-10-30
11577,4087,1478,10.39,625.9,6503.1,2023-11-27
11578,4355,2311,21.05,836.96,17618.01,2024-11-22
11579,2053,1427,8.68,796.37,6912.49,2023-08-06
11580,262,2244,11.03,352.86,3892.05,2023-03-23
11581,907,2712,14.09,425.61,5996.84,2023-12-17
11582,4919,885,9.93,873.86,8677.43,2023-12-02
11583,2309,4792,15.69,539.2,8460.05,2023-01-30
11584,4613,3104,12.68,850.46,10783.83,2023-01-16
11585,3705,504,8.24,448.73,3697.54,2023-09-02
11586,1183,2769,24.93,477.74,11910.06,2024-11-22
11587,1821,677,17.0,565.3,9610.1,2023-11-26
11588,1142,4304,17.8,902.97,16072.87,2024-02-01
11589,1146,4957,9.53,517.72,4933.87,2024-03-21
11590,4916,743,12.85,892.89,11473.64,2024-03-29
11591,1286,4918,8.16,641.22,5232.36,2023-05-23
11592,713,3337,21.58,365.87,7895.47,2024-04-20
11593,977,2943,15.83,811.46,12845.41,2024-12-01
11594,3327,3134,9.81,455.66,4470.02,2024-09-10
11595,41,3246,9.2,865.06,7958.55,2023-08-15
11596,271,1765,24.72,841.64,20805.34,2023-05-05
11597,4097,370,21.78,701.82,15285.64,2023-11-06
11598,2936,63,15.63,912.57,14263.47,2023-07-09
11599,4793,400,8.02,600.79,4818.34,2023-04-19
11600,1734,3062,16.53,735.79,12162.61,2024-09-25
11601,695,4946,9.51,712.52,6776.07,2023-03-05
11602,1506,4766,5.04,737.68,3717.91,2024-10-25
11603,1198,1510,11.83,409.67,4846.4,2023-12-15
11604,2301,4033,12.53,780.76,9782.92,2023-03-07
11605,4913,2533,15.28,571.08,8726.1,2023-01-03
11606,1169,1859,19.54,697.62,13631.49,2023-01-01
11607,1780,1120,10.71,817.78,8758.42,2023-08-28
11608,3840,3814,6.66,581.04,3869.73,2024-07-01
11609,3088,2373,20.37,520.92,10611.14,2024-03-27
11610,3637,106,19.68,852.72,16781.53,2023-05-02
11611,2890,1605,17.3,916.99,15863.93,2024-11-24
11612,658,3698,17.29,897.46,15517.08,2024-05-25
11613,3507,2786,13.56,602.43,8168.95,2023-03-01
11614,3425,549,11.89,745.3,8861.62,2023-05-09
11615,4537,709,5.53,695.3,3845.01,2024-12-18
11616,451,3333,17.96,636.07,11423.82,2024-11-09
11617,491,1277,6.48,782.82,5072.67,2023-05-16
11618,3202,3920,9.92,755.1,7490.59,2024-10-03
11619,197,3166,15.94,906.42,14448.33,2024-10-06
11620,1676,2747,21.52,729.57,15700.35,2023-09-09
11621,3984,1009,7.71,469.05,3616.38,2024-07-06
11622,1131,3102,12.11,443.19,5367.03,2024-10-13
11623,4200,3012,15.34,520.69,7987.38,2024-02-29
11624,681,2344,9.41,648.79,6105.11,2023-06-05
11625,329,237,17.13,465.54,7974.7,2023-09-08
11626,2013,4668,14.07,551.99,7766.5,2024-07-04
11627,1994,600,16.29,768.13,12512.84,2023-08-01
11628,4911,4115,7.86,612.41,4813.54,2024-01-25
11629,3922,4386,12.6,475.22,5987.77,2024-12-31
11630,4537,1653,10.16,644.53,6548.42,2024-11-30
11631,587,2793,14.94,555.5,8299.17,2023-08-04
11632,773,806,23.39,433.68,10143.78,2023-10-09
11633,3178,2893,18.35,368.2,6756.47,2023-06-17
11634,1508,3532,19.01,585.75,11135.11,2024-03-31
11635,3022,522,22.32,876.09,19554.33,2023-05-28
11636,2589,2830,14.76,946.05,13963.7,2023-08-14
11637,4006,2994,24.24,895.75,21712.98,2024-11-19
11638,3162,3845,12.85,908.21,11670.5,2024-02-25
11639,2405,4823,10.2,614.77,6270.65,2024-03-12
11640,4733,2360,8.19,517.21,4235.95,2024-12-26
11641,2514,3333,12.35,422.19,5214.05,2024-10-02
11642,3386,4740,7.76,353.49,2743.08,2023-05-13
11643,3139,4374,24.41,601.28,14677.24,2023-12-08
11644,445,3455,22.17,435.8,9661.69,2023-05-10
11645,4033,1470,20.01,875.49,17518.55,2024-09-03
11646,179,3612,23.89,793.82,18964.36,2024-08-21
11647,2207,1135,20.55,504.44,10366.24,2023-03-16
11648,3581,3042,7.62,416.15,3171.06,2023-01-05
11649,2398,4043,8.72,822.45,7171.76,2024-04-17
11650,52,2351,16.0,864.22,13827.52,2023-12-20
11651,3799,1122,24.45,783.82,19164.4,2024-01-18
11652,426,3760,7.32,661.85,4844.74,2023-01-25
11653,4340,1098,9.07,739.84,6710.35,2023-04-06
11654,1180,1991,10.85,683.3,7413.8,2023-07-17
11655,1279,460,13.89,788.68,10954.77,2024-08-04
11656,525,3234,18.97,511.84,9709.6,2024-05-14
11657,97,3240,13.0,787.91,10242.83,2023-07-21
11658,1152,4262,13.14,481.83,6331.25,2024-03-12
11659,1134,1242,9.01,417.69,3763.39,2023-01-28
11660,4244,2394,21.43,854.61,18314.29,2024-05-30
11661,2074,4450,23.36,425.9,9949.02,2023-07-28
11662,3465,3698,9.09,801.64,7286.91,2024-11-22
11663,4174,1364,16.53,363.76,6012.95,2024-12-08
11664,703,1695,15.81,593.28,9379.76,2024-01-26
11665,2075,4970,5.17,551.34,2850.43,2023-10-20
11666,4911,1091,22.81,876.02,19982.02,2023-01-25
11667,3435,2294,16.25,572.28,9299.55,2024-08-04
11668,1539,1193,19.3,381.2,7357.16,2023-09-25
11669,767,4620,17.43,808.16,14086.23,2023-08-09
11670,8,635,12.48,844.92,10544.6,2023-04-21
11671,899,3893,22.98,525.06,12065.88,2023-12-20
11672,492,4431,20.74,668.36,13861.79,2023-02-19
11673,4175,4728,9.33,664.35,6198.39,2024-10-16
11674,2342,2092,20.15,791.18,15942.28,2024-10-15
11675,2228,1983,6.36,519.11,3301.54,2023-03-07
11676,4170,2785,11.97,580.98,6954.33,2023-03-19
11677,1565,4280,18.74,850.18,15932.37,2024-10-11
11678,1780,3911,18.09,514.66,9310.2,2023-11-14
11679,410,1615,14.16,561.36,7948.86,2023-02-13
11680,3304,4230,17.49,357.21,6247.6,2023-11-22
11681,3990,3693,12.63,618.43,7810.77,2024-07-16
11682,4983,305,10.25,404.73,4148.48,2023-06-08
11683,842,3317,22.77,824.19,18766.81,2024-09-12
11684,1673,3963,15.54,685.25,10648.78,2024-12-19
11685,2997,4227,7.06,406.05,2866.71,2024-02-03
11686,3461,925,13.49,829.3,11187.26,2023-03-29
11687,3158,3593,16.38,632.01,10352.32,2023-12-31
11688,1655,1632,16.58,777.68,12893.93,2023-06-13
11689,342,2629,13.28,635.89,8444.62,2023-01-29
11690,1699,3072,11.66,937.42,10930.32,2023-07-14
11691,549,4818,10.11,736.17,7442.68,2023-12-23
11692,1229,4469,13.44,613.84,8250.01,2024-01-14
11693,2028,4740,9.94,921.11,9155.83,2024-11-02
11694,1337,2313,16.87,806.65,13608.19,2023-06-13
11695,773,3835,12.76,745.67,9514.75,2024-12-18
11696,546,2706,14.64,685.73,10039.09,2024-07-06
11697,3505,4490,21.29,907.42,19318.97,2024-05-11
11698,1659,53,17.1,474.81,8119.25,2023-06-05
11699,1291,3785,20.77,554.58,11518.63,2023-07-03
11700,4854,4589,14.58,580.55,8464.42,2024-10-24
11701,3040,502,9.44,539.99,5097.51,2023-06-18
11702,3037,2457,11.4,874.87,9973.52,2024-03-12
11703,4460,3827,7.13,493.13,3516.02,2023-07-15
11704,4623,3866,23.83,354.59,8449.88,2023-05-09
11705,3742,1834,22.72,855.42,19435.14,2024-07-22
11706,3964,3893,22.3,856.77,19105.97,2024-04-25
11707,950,991,14.12,798.14,11269.74,2024-05-28
11708,3939,4129,10.85,541.42,5874.41,2024-02-04
11709,504,71,8.97,818.14,7338.72,2024-03-29
11710,394,1160,23.15,437.86,10136.46,2023-10-13
11711,2378,4005,7.82,527.12,4122.08,2023-08-10
11712,2858,3961,22.77,928.59,21143.99,2024-12-09
11713,770,3500,18.24,941.27,17168.76,2023-05-04
11714,3890,888,18.56,699.54,12983.46,2024-01-21
11715,2867,3267,12.3,715.95,8806.19,2024-02-17
11716,334,4975,20.39,594.03,12112.27,2024-09-16
11717,1922,1596,19.47,576.58,11226.01,2023-10-22
11718,3004,1248,20.58,359.65,7401.6,2023-06-15
11719,1134,3112,23.72,853.78,20251.66,2024-11-29
11720,3760,1641,19.25,467.77,9004.57,2024-12-12
11721,4747,623,8.65,852.67,7375.6,2023-09-22
11722,109,3758,9.88,724.26,7155.69,2023-01-22
11723,1993,3452,12.24,520.71,6373.49,2023-02-21
11724,4807,937,20.25,550.74,11152.49,2023-03-26
11725,788,360,23.16,547.25,12674.31,2023-03-12
11726,1241,3433,12.94,847.28,10963.8,2023-01-10
11727,3288,2857,5.61,369.62,2073.57,2024-07-27
11728,2144,3840,16.44,475.36,7814.92,2023-12-11
11729,1666,1808,16.96,868.11,14723.15,2023-11-23
11730,1696,2935,10.78,650.24,7009.59,2024-05-18
11731,884,2324,22.89,710.07,16253.5,2024-08-07
11732,2066,3150,13.06,692.08,9038.56,2023-09-06
11733,3385,3174,24.41,776.53,18955.1,2023-10-18
11734,1277,188,18.58,494.04,9179.26,2023-08-01
11735,4054,1137,6.83,946.95,6467.67,2024-11-04
11736,4248,1164,13.15,568.92,7481.3,2023-11-14
11737,4852,1364,12.86,549.84,7070.94,2024-05-25
11738,323,282,18.4,524.06,9642.7,2024-12-06
11739,1158,171,22.61,755.18,17074.62,2024-07-13
11740,2492,3089,12.82,379.78,4868.78,2023-01-18
11741,4584,2769,11.39,703.54,8013.32,2023-10-14
11742,939,3283,9.17,435.94,3997.57,2024-10-29
11743,1624,1921,9.06,384.21,3480.94,2023-11-24
11744,1779,3125,22.97,857.01,19685.52,2024-09-04
11745,1645,106,19.26,849.56,16362.53,2023-04-02
11746,309,4828,23.14,384.12,8888.54,2023-02-23
11747,1924,541,15.53,707.11,10981.42,2024-07-20
11748,30,2538,13.87,418.37,5802.79,2024-06-28
11749,1890,2752,24.34,454.09,11052.55,2024-12-16
11750,4455,4917,24.04,388.68,9343.87,2023-07-04
11751,1886,405,17.5,380.34,6655.95,2023-09-26
11752,3418,3480,19.13,730.01,13965.09,2023-04-01
11753,1396,4373,9.85,600.49,5914.83,2024-10-20
11754,675,1150,5.49,823.32,4520.03,2023-05-21
11755,548,2858,18.49,607.45,11231.75,2024-08-08
11756,2101,3752,11.06,625.32,6916.04,2023-01-04
11757,1805,604,22.44,896.82,20124.64,2023-04-01
11758,4494,1738,5.73,559.31,3204.85,2024-11-21
11759,3545,4074,20.6,496.7,10232.02,2023-07-27
11760,2378,1143,17.09,721.24,12325.99,2023-04-07
11761,2527,1147,16.15,942.46,15220.73,2024-11-14
11762,3344,2917,13.44,489.67,6581.16,2024-10-25
11763,3323,3980,5.58,787.08,4391.91,2024-03-13
11764,4171,4058,14.58,870.06,12685.47,2024-05-05
11765,4349,4446,12.96,888.77,11518.46,2023-08-10
11766,4463,4309,13.18,491.71,6480.74,2024-11-11
11767,3249,1323,18.34,364.74,6689.33,2024-04-15
11768,1302,1508,23.49,453.14,10644.26,2024-03-11
11769,4218,92,13.65,616.31,8412.63,2024-08-06
11770,3253,702,18.98,466.83,8860.43,2024-02-09
11771,1535,4509,24.79,544.92,13508.57,2024-10-18
11772,4406,4991,17.04,885.19,15083.64,2023-01-01
11773,1982,2605,14.28,698.47,9974.15,2024-08-02
11774,2797,3905,15.71,431.35,6776.51,2024-05-06
11775,4942,4064,14.3,610.3,8727.29,2024-01-25
11776,1540,4564,10.93,679.43,7426.17,2024-01-14
11777,2598,241,24.19,669.32,16190.85,2023-03-16
11778,2384,1023,23.37,914.71,21376.77,2024-03-27
11779,3175,2701,7.19,918.33,6602.79,2024-05-09
11780,574,1140,16.03,463.08,7423.17,2024-08-27
11781,3248,2875,24.15,867.78,20956.89,2023-04-06
11782,936,2527,15.69,614.84,9646.84,2024-06-22
11783,2958,358,13.57,383.65,5206.13,2023-01-05
11784,2210,4870,19.37,460.18,8913.69,2024-12-21
11785,3664,4598,17.77,663.71,11794.13,2024-05-18
11786,408,1909,11.99,627.83,7527.68,2024-10-19
11787,1608,148,5.33,434.78,2317.38,2023-05-07
11788,2785,109,7.03,876.31,6160.46,2023-03-07
11789,296,4042,17.87,584.86,10451.45,2023-10-09
11790,189,3290,8.42,802.54,6757.39,2024-11-08
11791,1485,1328,17.86,556.78,9944.09,2023-08-21
11792,1728,976,22.02,594.84,13098.38,2024-10-11
11793,343,112,16.22,580.67,9418.47,2024-05-25
11794,1115,2144,17.78,361.89,6434.4,2023-06-26
11795,3470,1138,23.09,740.72,17103.22,2023-09-23
11796,2978,1960,19.03,694.53,13216.91,2024-04-25
11797,2362,204,23.9,790.87,18901.79,2024-12-15
11798,754,2270,21.18,646.89,13701.13,2023-11-09
11799,4896,3011,12.82,748.01,9589.49,2024-02-22
11800,2095,408,18.57,894.99,16619.96,2024-01-25
11801,1707,2965,15.86,645.77,10241.91,2024-10-23
11802,1793,2084,11.08,913.85,10125.46,2023-12-05
11803,3516,4498,19.49,518.41,10103.81,2024-07-03
11804,4212,1628,18.25,601.3,10973.72,2024-11-13
11805,1625,2431,19.95,510.6,10186.47,2024-07-29
11806,2894,4482,19.83,487.18,9660.78,2024-03-15
11807,4052,1769,17.6,862.81,15185.46,2024-03-20
11808,4241,2566,24.57,847.92,20833.39,2023-09-04
11809,3775,3873,8.09,866.41,7009.26,2024-01-09
11810,4161,4989,15.49,352.75,5464.1,2023-10-25
11811,3347,4998,9.87,813.88,8033.0,2024-07-28
11812,2063,2464,9.37,847.47,7940.79,2023-09-07
11813,4892,2763,22.43,787.28,17658.69,2024-07-02
11814,2504,2615,5.63,364.27,2050.84,2023-03-03
11815,4882,1433,12.22,782.44,9561.42,2024-06-28
11816,68,419,10.38,628.09,6519.57,2024-04-13
11817,4944,1607,8.94,453.33,4052.77,2024-08-03
11818,1862,4015,5.91,630.46,3726.02,2023-05-26
11819,2209,2830,21.89,704.17,15414.28,2024-11-13
11820,1980,4606,17.58,761.38,13385.06,2023-01-30
11821,4581,2877,6.27,432.62,2712.53,2023-04-23
11822,40,2457,12.09,755.95,9139.44,2023-12-18
11823,4607,772,5.46,460.99,2517.01,2023-11-16
11824,531,1141,9.19,486.19,4468.09,2024-04-20
11825,1905,1834,16.93,813.07,13765.28,2024-05-18
11826,2709,1541,17.41,849.46,14789.1,2023-03-22
11827,824,915,20.95,784.93,16444.28,2023-05-26
11828,240,2251,9.78,561.56,5492.06,2023-06-20
11829,3775,2165,13.02,460.79,5999.49,2023-06-02
11830,3116,1501,16.03,854.3,13694.43,2024-11-14
11831,4290,2978,11.88,765.14,9089.86,2024-05-22
11832,2868,2856,9.47,465.46,4407.91,2023-10-27
11833,3534,336,11.84,398.15,4714.1,2024-09-10
11834,4790,1902,21.48,725.49,15583.53,2023-11-28
11835,2494,2819,6.88,635.98,4375.54,2024-01-02
11836,3718,257,11.25,760.56,8556.3,2024-03-03
11837,882,3406,7.71,461.89,3561.17,2024-04-11
11838,3157,783,9.0,615.36,5538.24,2023-05-24
11839,3897,3069,21.92,750.68,16454.91,2024-03-09
11840,1367,3485,19.38,807.5,15649.35,2023-09-21
11841,3476,236,22.66,454.28,10293.98,2024-06-10
11842,3622,3214,10.15,421.12,4274.37,2023-06-13
11843,486,3473,5.28,722.86,3816.7,2024-08-07
11844,3535,1971,9.68,712.1,6893.13,2023-01-21
11845,4897,2753,20.8,490.92,10211.14,2023-03-17
11846,486,2546,13.72,646.44,8869.16,2023-12-10
11847,4835,4423,5.65,547.96,3095.97,2023-05-27
11848,3431,3611,23.35,425.03,9924.45,2023-08-22
11849,1420,1764,18.53,409.97,7596.74,2023-10-15
11850,4351,4556,20.63,846.67,17466.8,2024-06-27
11851,2820,741,24.15,535.15,12923.87,2024-11-04
11852,1190,3026,10.84,441.35,4784.23,2024-09-14
11853,3001,379,21.32,590.44,12588.18,2024-11-26
11854,1946,878,7.9,455.42,3597.82,2023-09-10
11855,3040,3618,10.11,632.83,6397.91,2024-01-23
11856,524,903,14.33,713.83,10229.18,2023-12-06
11857,2337,2120,10.86,364.57,3959.23,2023-07-18
11858,1664,2451,22.91,662.8,15184.75,2023-09-12
11859,1844,693,13.72,719.02,9864.95,2023-02-09
11860,4795,3964,18.71,863.45,16155.15,2024-05-10
11861,2628,130,7.37,735.51,5420.71,2024-02-22
11862,3832,4956,7.94,700.73,5563.8,2023-05-10
11863,2784,527,12.8,819.36,10487.81,2024-04-07
11864,914,3501,9.27,447.03,4143.97,2023-05-25
11865,439,4125,18.71,400.03,7484.56,2024-05-15
11866,1284,803,9.57,721.13,6901.21,2024-08-30
11867,619,2640,16.0,588.24,9411.84,2024-03-29
11868,3966,934,9.36,626.31,5862.26,2023-01-28
11869,3697,3993,12.18,688.93,8391.17,2023-01-02
11870,4874,664,13.84,525.21,7268.91,2024-01-18
11871,2246,2604,22.27,383.89,8549.23,2023-02-22
11872,49,1073,5.21,942.92,4912.61,2024-10-23
11873,2000,4592,12.55,834.15,10468.58,2024-05-21
11874,1746,2537,16.1,370.53,5965.53,2024-10-15
11875,4870,2591,11.92,383.17,4567.39,2024-05-30
11876,387,1948,13.0,806.74,10487.62,2024-10-26
11877,4953,1686,20.58,513.32,10564.13,2023-10-07
11878,2851,2438,13.16,763.86,10052.4,2024-10-02
11879,1198,1967,6.38,776.59,4954.64,2024-03-10
11880,619,1996,15.83,407.75,6454.68,2024-07-16
11881,588,398,18.3,617.84,11306.47,2023-11-18
11882,3075,493,7.0,496.74,3477.18,2023-04-13
11883,24,808,15.91,445.81,7092.84,2023-08-29
11884,2963,1934,15.71,678.14,10653.58,2023-06-27
11885,1614,630,5.63,680.1,3828.96,2024-11-19
11886,3368,1821,12.73,422.94,5384.03,2024-03-01
11887,4632,705,21.82,492.54,10747.22,2024-10-26
11888,2012,3117,23.77,637.33,15149.33,2024-09-06
11889,4854,2509,5.25,799.45,4197.11,2024-10-25
11890,379,351,14.72,639.29,9410.35,2023-01-24
11891,817,413,12.07,398.48,4809.65,2024-04-30
11892,3553,1978,23.27,624.05,14521.64,2023-10-03
11893,226,4368,16.21,872.82,14148.41,2024-09-13
11894,3759,53,11.41,458.18,5227.83,2024-06-25
11895,4786,660,12.43,808.85,10054.01,2024-09-29
11896,2964,2127,10.3,735.55,7576.16,2024-01-08
11897,3240,2820,13.41,633.57,8496.17,2023-12-13
11898,1525,3716,12.79,418.93,5358.11,2024-03-14
11899,3655,953,14.97,491.8,7362.25,2024-12-05
11900,3402,1159,20.1,650.62,13077.46,2024-03-11
11901,873,1102,9.81,562.63,5519.4,2024-02-16
11902,3610,4456,20.3,579.01,11753.9,2023-08-13
11903,4051,1700,23.8,573.35,13645.73,2024-04-14
11904,4299,3915,6.97,676.68,4716.46,2023-10-21
11905,1146,1782,21.46,377.92,8110.16,2024-12-04
11906,2365,3120,18.11,780.43,14133.59,2023-03-12
11907,3124,1442,11.04,822.48,9080.18,2024-05-21
11908,7,2432,13.49,786.51,10610.02,2024-11-27
11909,3409,793,7.21,833.32,6008.24,2024-12-01
11910,838,3069,10.96,725.73,7954.0,2023-07-10
11911,4924,3251,10.91,486.06,5302.91,2024-06-28
11912,3406,2146,19.74,474.33,9363.27,2024-05-05
11913,2566,3090,5.54,500.15,2770.83,2024-07-05
11914,4183,3958,24.54,582.5,14294.55,2023-01-23
11915,1896,25,9.33,680.72,6351.12,2023-01-29
11916,4943,1867,10.57,481.93,5094.0,2024-02-16
11917,646,2823,19.58,764.06,14960.29,2024-08-13
11918,1188,4865,24.51,798.09,19561.19,2023-04-27
11919,473,3141,18.23,450.6,8214.44,2023-12-04
11920,358,2165,16.97,518.1,8792.16,2023-02-21
11921,1190,4744,12.54,911.98,11436.23,2023-04-07
11922,1051,4208,6.64,621.0,4123.44,2023-06-10
11923,1578,168,10.62,424.45,4507.66,2023-03-31
11924,4780,3281,15.73,617.81,9718.15,2024-10-29
11925,2742,3672,6.07,846.43,5137.83,2024-06-22
11926,4266,2065,17.26,824.04,14222.93,2024-08-13
11927,3677,4918,14.54,520.92,7574.18,2023-02-28
11928,1105,873,11.31,907.92,10268.58,2024-05-17
11929,3353,2751,7.48,517.5,3870.9,2024-03-03
11930,4530,4379,12.12,792.66,9607.04,2024-11-09
11931,78,3545,7.04,914.29,6436.6,2023-03-20
11932,2568,3330,14.85,729.11,10827.28,2023-09-07
11933,772,1378,6.89,594.76,4097.9,2024-09-02
11934,2887,3676,14.22,923.05,13125.77,2023-07-02
11935,847,3429,19.9,801.98,15959.4,2024-09-03
11936,3998,4593,11.1,596.31,6619.04,2024-06-03
11937,1731,4306,6.42,694.38,4457.92,2024-12-07
11938,4795,439,19.21,738.96,14195.42,2024-02-06
11939,388,933,15.61,918.66,14340.28,2023-08-01
11940,630,3490,17.86,357.78,6389.95,2024-05-20
11941,1407,942,11.96,827.21,9893.43,2024-02-03
11942,1594,3454,9.44,940.2,8875.49,2023-05-04
11943,3852,4317,21.05,495.25,10425.01,2023-12-04
11944,372,2544,10.36,371.98,3853.71,2024-12-06
11945,3902,1339,17.04,383.77,6539.44,2024-09-07
11946,4227,2728,12.15,527.51,6409.25,2024-05-30
11947,1921,4897,9.5,766.91,7285.64,2024-08-23
11948,1255,3948,15.96,848.52,13542.38,2023-10-13
11949,1263,1192,24.98,480.7,12007.89,2023-11-26
11950,868,3588,20.54,885.19,18181.8,2023-10-06
11951,1510,2644,6.39,710.12,4537.67,2024-07-25
11952,2082,4044,22.61,390.06,8819.26,2024-03-07
11953,871,1493,22.96,892.76,20497.77,2024-12-24
11954,996,4441,8.76,836.66,7329.14,2024-02-09
11955,2933,2116,9.67,708.94,6855.45,2023-04-11
11956,4546,2062,21.5,784.0,16856.0,2023-11-22
11957,1783,432,9.68,538.37,5211.42,2024-09-09
11958,3853,4898,9.85,886.85,8735.47,2024-02-14
11959,378,4810,15.43,792.13,12222.57,2024-03-14
11960,4746,4411,18.92,533.51,10094.01,2024-04-20
11961,264,4608,7.71,516.54,3982.52,2024-09-17
11962,882,3776,17.11,455.51,7793.78,2024-05-10
11963,2693,762,17.72,885.22,15686.1,2024-03-04
11964,1690,1768,13.01,388.62,5055.95,2024-09-28
11965,3710,236,14.41,910.58,13121.46,2024-05-04
11966,1855,2407,18.85,422.61,7966.2,2023-01-12
11967,1087,1407,19.13,458.16,8764.6,2024-10-23
11968,2215,771,8.41,860.59,7237.56,2024-12-05
11969,1881,503,17.33,877.74,15211.23,2024-02-26
11970,1923,3555,18.47,497.38,9186.61,2023-11-17
11971,4459,819,11.17,358.65,4006.12,2024-10-26
11972,1378,2430,20.82,524.11,10911.97,2024-07-20
11973,253,1289,22.45,512.45,11504.5,2024-12-10
11974,3014,60,10.59,835.11,8843.81,2024-12-15
11975,2876,745,17.02,613.53,10442.28,2023-05-01
11976,534,2756,18.37,658.85,12103.07,2024-03-02
11977,4719,2335,24.79,354.84,8796.48,2023-04-16
11978,4417,533,11.18,560.93,6271.2,2023-07-17
11979,1100,2459,14.35,541.95,7776.98,2023-11-29
11980,458,4167,24.8,760.63,18863.62,2023-07-03
11981,579,223,12.71,395.66,5028.84,2024-10-20
11982,2189,1485,8.99,580.0,5214.2,2024-08-14
11983,1430,1982,16.87,455.26,7680.24,2024-05-06
11984,4777,3469,12.64,578.96,7318.05,2024-09-06
11985,2843,1915,8.47,450.73,3817.68,2023-08-26
11986,2049,761,15.75,405.96,6393.87,2023-03-08
11987,1572,4988,17.5,675.06,11813.55,2024-11-24
11988,1889,2504,5.32,722.67,3844.6,2023-05-10
11989,1219,2409,10.61,728.56,7730.02,2023-01-03
11990,4198,1539,12.57,754.01,9477.91,2023-10-04
11991,2457,4239,13.2,470.94,6216.41,2024-07-05
11992,2109,1710,17.09,921.36,15746.04,2024-04-28
11993,4316,3124,12.42,913.44,11344.92,2024-03-22
11994,306,4160,23.05,502.64,11585.85,2024-03-21
11995,2360,1440,20.52,567.18,11638.53,2023-10-19
11996,3144,1095,9.98,687.21,6858.36,2024-07-21
11997,2204,1673,11.6,362.49,4204.88,2023-12-15
11998,2846,1337,21.42,363.03,7776.1,2024-07-26
11999,3058,4988,17.67,911.57,16107.44,2023-10-06
12000,68,2038,22.58,902.7,20382.97,2024-08-05
12001,3457,2322,13.54,892.58,12085.53,2023-12-01
12002,3853,3317,9.19,710.56,6530.05,2023-12-03
12003,4502,4285,5.9,624.74,3685.97,2023-07-26
12004,4823,2788,5.09,807.21,4108.7,2023-10-08
12005,3731,1739,7.73,655.2,5064.7,2023-10-09
12006,3293,3091,24.72,793.74,19621.25,2024-06-12
12007,4826,4415,24.26,607.82,14745.71,2024-09-17
12008,3348,873,16.59,624.19,10355.31,2024-04-13
12009,183,3550,19.01,863.08,16407.15,2024-08-21
12010,3608,673,6.03,857.77,5172.35,2023-03-24
12011,4290,2136,5.53,805.23,4452.92,2024-04-03
12012,2937,3432,7.05,585.31,4126.44,2024-03-18
12013,2775,628,19.56,350.03,6846.59,2024-07-09
12014,164,786,19.56,603.43,11803.09,2024-01-29
12015,4612,1481,14.83,525.52,7793.46,2023-07-29
12016,3015,3564,10.68,474.49,5067.55,2024-08-12
12017,2280,2656,15.34,361.19,5540.65,2023-01-18
12018,3347,4724,17.91,818.92,14666.86,2023-08-23
12019,1112,2166,14.69,536.52,7881.48,2023-07-02
12020,3864,4400,20.91,610.78,12771.41,2024-08-24
12021,3652,1019,8.36,548.68,4586.96,2023-11-04
12022,2707,457,24.18,856.69,20714.76,2024-11-29
12023,4019,3505,22.19,673.35,14941.64,2023-06-26
12024,2465,4213,20.11,874.73,17590.82,2023-03-15
12025,2043,4238,17.58,806.35,14175.63,2024-10-24
12026,3336,4582,10.75,496.7,5339.52,2023-02-23
12027,4196,2874,18.42,467.52,8611.72,2023-08-15
12028,179,651,5.38,853.94,4594.2,2023-05-25
12029,4925,2732,13.79,696.86,9609.7,2023-03-28
12030,1708,13,24.34,716.23,17433.04,2023-10-29
12031,3022,1208,17.85,652.23,11642.31,2024-12-26
12032,3081,3890,14.79,560.17,8284.91,2023-02-19
12033,3400,1202,22.83,582.37,13295.51,2023-02-22
12034,1767,2079,23.91,798.41,19089.98,2023-11-08
12035,4876,2115,18.6,476.77,8867.92,2024-02-17
12036,2004,1906,15.17,708.65,10750.22,2023-04-18
12037,1234,1608,15.74,754.56,11876.77,2023-08-16
12038,728,3906,12.42,757.78,9411.63,2023-02-18
12039,1017,3658,13.97,481.9,6732.14,2023-11-05
12040,3782,3507,10.6,564.4,5982.64,2023-06-27
12041,3180,2008,18.5,884.12,16356.22,2024-02-06
12042,338,4174,13.89,537.9,7471.43,2024-09-20
12043,4960,4001,23.03,682.56,15719.36,2024-05-22
12044,3067,2234,10.3,647.48,6669.04,2024-12-01
12045,2337,4116,10.74,493.66,5301.91,2024-12-30
12046,1559,3655,11.69,702.46,8211.76,2024-04-15
12047,226,1967,20.74,876.91,18187.11,2024-05-02
12048,3894,2306,12.79,601.93,7698.68,2023-01-26
12049,3933,3451,10.3,440.18,4533.85,2024-04-23
12050,3647,2874,12.09,534.88,6466.7,2023-07-24
12051,3860,1702,10.96,395.62,4336.0,2024-10-29
12052,4820,477,20.54,385.64,7921.05,2023-02-03
12053,2276,275,17.87,377.91,6753.25,2024-02-23
12054,4148,1229,12.45,564.24,7024.79,2023-09-05
12055,2814,2001,19.9,783.41,15589.86,2024-06-21
12056,3463,2994,24.66,830.29,20474.95,2023-09-09
12057,1641,1067,11.84,458.18,5424.85,2024-02-26
12058,111,302,13.6,369.14,5020.3,2023-09-24
12059,4675,645,14.33,863.28,12370.8,2023-03-13
12060,2521,4792,6.2,497.31,3083.32,2024-11-12
12061,645,4916,12.23,602.85,7372.86,2024-12-06
12062,4847,3270,20.31,651.12,13224.25,2023-11-18
12063,834,2608,24.87,402.06,9999.23,2024-05-29
12064,2267,3292,9.3,927.0,8621.1,2024-03-12
12065,3854,3676,6.53,788.1,5146.29,2024-03-11
12066,3346,4188,23.47,656.44,15406.65,2024-05-13
12067,3782,4781,18.38,518.4,9528.19,2024-02-26
12068,3141,4486,13.0,740.54,9627.02,2023-05-31
12069,3055,1091,19.16,359.49,6887.83,2024-01-13
12070,4802,3072,13.08,936.77,12252.95,2023-01-18
12071,2263,1345,15.54,721.29,11208.85,2024-12-19
12072,1479,4705,9.65,488.93,4718.17,2024-12-22
12073,2342,143,8.72,603.69,5264.18,2023-11-20
12074,1983,4383,10.56,638.71,6744.78,2024-03-08
12075,2076,449,8.49,443.34,3763.96,2023-12-30
12076,4358,3183,6.34,875.4,5550.04,2024-01-21
12077,3696,1996,5.64,640.73,3613.72,2023-08-07
12078,2076,3718,16.04,852.81,13679.07,2024-05-27
12079,2452,2478,11.79,506.69,5973.88,2023-05-12
12080,2151,2311,5.05,546.39,2759.27,2023-04-16
12081,1364,1851,5.33,888.31,4734.69,2024-05-31
12082,2928,673,14.62,485.4,7096.55,2024-07-04
12083,3329,3389,23.32,759.18,17704.08,2023-11-14
12084,3925,2478,23.51,868.72,20423.61,2023-04-08
12085,3003,626,9.08,931.62,8459.11,2024-06-01
12086,2911,4212,18.49,355.2,6567.65,2024-01-18
12087,3428,2608,8.91,890.42,7933.64,2024-07-01
12088,4320,4408,21.29,559.56,11913.03,2024-01-09
12089,4006,4509,17.75,766.26,13601.11,2024-09-08
12090,475,4730,11.56,876.09,10127.6,2024-06-19
12091,623,1400,11.07,881.72,9760.64,2024-07-21
12092,4251,907,24.58,548.18,13474.26,2024-01-21
12093,1457,1763,14.21,804.74,11435.36,2024-07-04
12094,4814,1806,9.11,862.29,7855.46,2023-11-15
12095,752,4488,15.65,922.76,14441.19,2023-02-12
12096,4366,533,19.65,945.65,18582.02,2023-09-22
12097,1042,4971,22.32,463.45,10344.2,2023-06-27
12098,4983,3031,11.24,444.19,4992.7,2024-08-11
12099,427,4814,14.27,854.71,12196.71,2023-04-15
12100,1268,3869,8.47,659.01,5581.81,2023-07-17
12101,2423,3290,10.9,944.09,10290.58,2023-04-01
12102,2920,2970,8.93,400.31,3574.77,2023-07-20
12103,2628,1831,21.98,921.36,20251.49,2023-02-09
12104,2432,85,8.8,835.08,7348.7,2024-04-05
12105,818,389,13.82,402.77,5566.28,2024-09-23
12106,2954,4498,25.0,794.24,19856.0,2023-11-07
12107,3741,3333,18.27,537.72,9824.14,2024-12-25
12108,2503,2667,13.64,799.59,10906.41,2023-11-07
12109,1506,4896,7.39,685.02,5062.3,2024-08-28
12110,4899,2187,6.97,593.97,4139.97,2023-12-16
12111,673,844,8.05,600.19,4831.53,2023-01-24
12112,3133,3118,13.39,412.78,5527.12,2024-12-07
12113,4313,1085,17.32,360.36,6241.44,2023-06-13
12114,1012,3314,18.28,430.4,7867.71,2024-07-02
12115,1032,1245,7.83,844.54,6612.75,2024-12-04
12116,2916,3295,6.67,836.33,5578.32,2023-06-24
12117,4657,3125,18.01,578.62,10420.95,2023-05-30
12118,2220,4068,5.61,466.13,2614.99,2024-08-09
12119,32,92,20.99,775.05,16268.3,2023-12-20
12120,2882,4033,16.37,433.49,7096.23,2023-05-13
12121,3735,403,20.2,680.76,13751.35,2024-12-21
12122,382,3796,9.02,437.46,3945.89,2023-10-01
12123,1056,2082,16.18,719.41,11640.05,2023-07-15
12124,1186,4998,16.13,913.57,14735.88,2023-12-25
12125,367,2714,6.77,550.81,3728.98,2024-11-24
12126,189,1208,24.92,880.75,21948.29,2024-10-08
12127,3114,360,23.95,589.66,14122.36,2023-10-22
12128,1491,2148,16.05,454.1,7288.31,2023-01-14
12129,2462,3909,13.37,565.17,7556.32,2023-09-27
12130,4973,2795,14.02,832.79,11675.72,2023-02-12
12131,684,4118,19.36,363.98,7046.65,2024-08-21
12132,2127,1674,15.1,611.39,9231.99,2023-02-06
12133,2904,3535,6.88,583.36,4013.52,2023-05-18
12134,4349,4167,9.41,685.32,6448.86,2024-06-06
12135,2848,3487,13.86,878.04,12169.63,2024-12-14
12136,1947,607,24.65,935.99,23072.15,2023-07-30
12137,3414,1049,12.79,925.39,11835.74,2023-05-22
12138,723,801,21.87,363.82,7956.74,2023-07-18
12139,2290,3949,16.12,355.47,5730.18,2024-08-26
12140,653,4731,10.54,801.94,8452.45,2024-09-22
12141,1699,2698,5.31,655.36,3479.96,2023-05-05
12142,4269,4808,20.2,788.17,15921.03,2023-11-27
12143,4666,2375,19.6,686.07,13446.97,2023-11-12
12144,1000,2127,6.47,776.78,5025.77,2024-04-15
12145,2963,1912,21.18,788.65,16703.61,2023-11-12
12146,4822,2937,13.81,686.48,9480.29,2023-04-06
12147,1762,462,24.15,595.3,14376.49,2024-07-31
12148,3227,4043,11.63,482.64,5613.1,2023-01-09
12149,4183,4236,21.16,503.51,10654.27,2024-02-18
12150,3391,2718,21.29,667.23,14205.33,2024-01-25
12151,1367,3012,18.78,439.55,8254.75,2024-11-10
12152,1521,1302,23.79,670.88,15960.24,2024-06-22
12153,14,908,23.12,780.14,18036.84,2024-06-23
12154,1718,342,9.37,497.28,4659.51,2024-03-23
12155,3499,4385,22.97,658.54,15126.66,2023-11-02
12156,3973,3355,18.63,849.08,15818.36,2024-10-16
12157,3271,2282,14.9,361.08,5380.09,2023-11-28
12158,2203,2300,21.03,481.29,10121.53,2024-08-11
12159,2743,1201,11.51,694.9,7998.3,2023-03-23
12160,665,3913,9.62,731.71,7039.05,2023-11-27
12161,2702,4913,22.94,760.21,17439.22,2024-10-05
12162,4003,2250,8.17,651.77,5324.96,2024-07-04
12163,713,528,19.17,929.22,17813.15,2024-12-23
12164,3161,1282,17.72,932.44,16522.84,2024-03-14
12165,966,4039,13.88,806.37,11192.42,2024-03-10
12166,3329,2914,10.14,484.41,4911.92,2023-11-22
12167,3571,2546,6.44,564.91,3638.02,2023-04-25
12168,4906,3497,17.23,614.36,10585.42,2023-09-01
12169,409,4635,23.71,354.76,8411.36,2023-07-31
12170,1505,500,12.02,652.59,7844.13,2023-04-23
12171,309,704,12.92,465.0,6007.8,2023-12-02
12172,1272,1414,16.51,741.32,12239.19,2023-10-15
12173,4436,1762,7.89,664.6,5243.69,2023-11-09
12174,3929,3126,20.45,710.12,14521.95,2024-02-25
12175,4260,2082,16.07,690.64,11098.58,2024-03-22
12176,679,4147,18.1,379.59,6870.58,2023-02-04
12177,1611,2458,10.49,826.18,8666.63,2024-07-20
12178,2734,1796,5.1,853.1,4350.81,2024-03-25
12179,4318,3270,19.96,574.84,11473.81,2024-02-14
12180,2834,2674,24.74,641.58,15872.69,2023-09-25
12181,2827,2008,10.45,878.45,9179.8,2024-08-22
12182,3584,3970,8.08,585.77,4733.02,2023-10-01
12183,3301,1129,23.63,844.82,19963.1,2024-05-22
12184,1690,3237,7.72,727.48,5616.15,2024-12-14
12185,4698,516,22.05,529.35,11672.17,2023-04-20
12186,4348,2860,16.99,441.89,7507.71,2024-02-23
12187,1258,4107,13.89,725.92,10083.03,2024-01-09
12188,701,2928,19.76,452.43,8940.02,2023-11-25
12189,1782,4564,19.45,859.87,16724.47,2023-09-09
12190,3720,2787,22.22,754.15,16757.21,2023-11-24
12191,1301,3165,15.98,403.6,6449.53,2023-07-06
12192,4976,3038,13.34,480.53,6410.27,2024-02-12
12193,2364,3240,14.55,657.2,9562.26,2023-01-03
12194,184,3937,13.92,715.71,9962.68,2023-12-18
12195,4609,4666,6.64,818.77,5436.63,2023-04-13
12196,3959,3070,17.14,388.8,6664.03,2024-01-15
12197,2272,2449,6.37,693.55,4417.91,2023-04-09
12198,1354,2778,20.87,712.41,14868.0,2023-07-30
12199,2258,4436,18.44,607.67,11205.43,2023-07-02
12200,2004,4239,15.4,753.78,11608.21,2024-10-21
12201,2230,3605,11.73,692.22,8119.74,2024-03-31
12202,2616,4771,13.69,577.54,7906.52,2023-02-07
12203,2483,2158,14.63,566.99,8295.06,2024-10-26
12204,2507,1824,20.88,476.15,9942.01,2024-03-18
12205,835,2755,15.74,744.35,11716.07,2024-02-25
12206,1154,22,21.01,454.83,9555.98,2024-08-19
12207,441,3989,10.31,717.49,7397.32,2024-02-19
12208,2445,923,23.93,766.36,18338.99,2023-12-21
12209,3823,1024,9.21,706.25,6504.56,2023-02-22
12210,2729,2067,18.28,415.87,7602.1,2024-04-18
12211,2358,2154,14.1,487.23,6869.94,2023-09-04
12212,2150,4396,18.26,841.19,15360.13,2024-05-10
12213,2993,3837,7.67,561.44,4306.24,2024-05-27
12214,1829,2807,11.74,502.74,5902.17,2023-10-04
12215,3997,2532,17.96,788.74,14165.77,2023-04-08
12216,3065,3831,12.87,547.28,7043.49,2023-08-08
12217,1948,1185,17.39,538.44,9363.47,2024-07-03
12218,4528,145,12.33,573.73,7074.09,2024-11-21
12219,2819,3982,20.0,821.45,16429.0,2024-09-04
12220,4109,801,11.03,642.68,7088.76,2024-10-31
12221,4350,2151,13.18,376.59,4963.46,2024-10-05
12222,3364,1374,17.81,816.02,14533.32,2023-09-02
12223,2474,3638,9.27,791.64,7338.5,2023-01-02
12224,2062,3281,11.01,629.01,6925.4,2024-08-30
12225,787,2085,24.94,616.75,15381.75,2024-05-19
12226,2012,2383,18.39,643.48,11833.6,2023-05-08
12227,4686,2786,16.12,778.19,12544.42,2023-02-12
12228,2322,3055,15.36,480.05,7373.57,2024-02-17
12229,1565,4985,5.74,626.89,3598.35,2024-02-02
12230,2851,256,7.02,396.7,2784.83,2024-11-05
12231,3591,289,21.93,804.79,17649.04,2024-01-28
12232,2210,4708,14.2,824.35,11705.77,2023-02-04
12233,4894,1459,14.78,609.49,9008.26,2024-06-25
12234,3260,1279,11.25,757.94,8526.83,2023-04-23
12235,1937,4503,19.99,569.1,11376.31,2024-08-22
12236,2048,2892,13.48,591.08,7967.76,2023-07-22
12237,1968,3015,20.81,642.08,13361.68,2024-11-20
12238,4869,3339,20.91,771.94,16141.27,2023-02-16
12239,1089,4375,14.78,622.67,9203.06,2024-07-05
12240,1751,1889,9.29,817.45,7594.11,2023-12-20
12241,60,610,21.41,801.97,17170.18,2023-10-06
12242,2539,1352,8.79,712.16,6259.89,2024-05-19
12243,1858,3541,17.71,935.35,16565.05,2024-02-19
12244,2570,3931,22.02,903.73,19900.13,2024-12-30
12245,3618,513,20.44,690.67,14117.29,2024-12-12
12246,1606,91,10.36,927.96,9613.67,2024-11-11
12247,1871,2984,6.03,623.77,3761.33,2024-10-05
12248,1257,3194,13.74,568.85,7816.0,2023-01-26
12249,2808,1487,15.27,934.59,14271.19,2024-11-16
12250,3858,4844,13.3,888.16,11812.53,2023-09-28
12251,1160,4150,19.15,829.95,15893.54,2024-06-19
12252,850,725,12.81,913.38,11700.4,2023-05-10
12253,1362,619,18.44,924.15,17041.33,2023-09-28
12254,1304,3094,17.53,449.83,7885.52,2023-03-26
12255,4478,4650,23.47,701.35,16460.68,2023-05-31
12256,2508,3231,21.86,836.01,18275.18,2023-11-23
12257,2236,3093,14.03,508.46,7133.69,2024-01-17
12258,2598,2296,19.0,458.52,8711.88,2023-10-21
12259,800,4361,23.49,415.63,9763.15,2024-11-12
12260,2807,700,22.0,893.05,19647.1,2023-08-07
12261,4188,150,12.64,620.09,7837.94,2024-12-04
12262,4528,4423,11.76,384.76,4524.78,2023-04-13
12263,3514,4203,18.8,479.83,9020.8,2023-11-05
12264,2290,4069,20.61,672.23,13854.66,2023-03-24
12265,1359,229,10.2,752.46,7675.09,2023-03-18
12266,1625,1991,10.22,663.34,6779.33,2023-11-28
12267,799,912,10.34,385.8,3989.17,2023-07-09
12268,3189,94,13.86,675.02,9355.78,2023-07-20
12269,3235,2385,5.03,639.01,3214.22,2024-04-24
12270,4695,87,23.16,377.73,8748.23,2024-03-07
12271,889,4453,18.23,639.9,11665.38,2023-08-31
12272,4946,3058,20.51,576.33,11820.53,2023-01-03
12273,539,3409,14.66,742.52,10885.34,2023-07-09
12274,343,2310,24.17,649.39,15695.76,2024-07-12
12275,4596,405,15.47,659.69,10205.4,2024-11-03
12276,4705,1822,11.0,650.6,7156.6,2023-02-15
12277,1326,3172,9.52,846.27,8056.49,2023-11-01
12278,2103,3518,18.09,827.51,14969.66,2024-04-23
12279,683,3288,10.97,703.29,7715.09,2023-02-07
12280,1890,4991,11.46,893.72,10242.03,2024-11-29
12281,2050,4663,5.41,820.78,4440.42,2023-02-03
12282,3986,127,24.31,781.59,19000.45,2023-08-23
12283,938,4884,10.97,551.78,6053.03,2024-04-06
12284,567,3062,18.65,424.03,7908.16,2024-07-26
12285,4464,1165,16.48,462.7,7625.3,2024-08-16
12286,3788,2272,12.83,922.69,11838.11,2023-06-29
12287,2021,549,7.36,549.27,4042.63,2024-09-04
12288,1135,2793,9.98,890.8,8890.18,2023-06-25
12289,1428,927,13.03,352.07,4587.47,2024-03-09
12290,206,4509,16.43,907.53,14910.72,2024-12-25
12291,2264,4214,15.2,570.1,8665.52,2023-01-11
12292,4944,1900,7.83,855.83,6701.15,2023-07-23
12293,1891,4125,20.45,570.83,11673.47,2023-11-02
12294,678,35,8.84,853.52,7545.12,2024-02-23
12295,2673,692,12.24,493.59,6041.54,2024-05-06
12296,3092,4702,11.23,900.97,10117.89,2023-08-11
12297,1001,213,20.43,773.61,15804.85,2023-06-16
12298,725,1234,19.69,532.55,10485.91,2024-07-10
12299,2707,3012,9.89,402.07,3976.47,2024-06-09
12300,3951,4639,24.03,699.74,16814.75,2024-08-15
12301,4939,3718,5.24,482.33,2527.41,2023-04-13
12302,3981,220,14.86,645.77,9596.14,2023-07-16
12303,3702,467,5.65,596.48,3370.11,2024-08-09
12304,3130,40,11.07,427.74,4735.08,2023-12-04
12305,4431,1900,6.86,585.3,4015.16,2024-10-11
12306,1711,1959,17.62,704.36,12410.82,2024-04-03
12307,4566,3716,12.7,505.32,6417.56,2024-02-18
12308,3569,497,14.15,869.4,12302.01,2023-01-10
12309,2660,4810,12.76,484.66,6184.26,2024-04-10
12310,1911,656,18.53,750.98,13915.66,2024-10-16
12311,366,1865,20.25,806.18,16325.14,2023-08-20
12312,3443,3697,8.54,698.09,5961.69,2023-12-08
12313,2163,2788,23.25,940.18,21859.18,2023-04-30
12314,2302,4370,20.59,531.32,10939.88,2023-02-14
12315,3595,1780,16.73,770.55,12891.3,2023-04-30
12316,3171,161,15.83,944.5,14951.43,2023-12-16
12317,422,3728,21.9,447.32,9796.31,2024-08-31
12318,2949,4750,20.59,700.21,14417.32,2023-11-03
12319,962,862,21.05,598.13,12590.64,2023-04-21
12320,4720,3873,6.02,922.02,5550.56,2024-02-06
12321,2376,2877,11.13,619.74,6897.71,2024-03-04
12322,4631,3735,11.83,439.91,5204.14,2023-06-05
12323,1722,2426,8.33,759.87,6329.72,2024-06-03
12324,203,1665,11.76,915.96,10771.69,2024-08-16
12325,3115,4329,5.21,654.48,3409.84,2023-12-24
12326,3555,3105,19.83,356.84,7076.14,2024-08-27
12327,3341,555,19.58,459.2,8991.14,2023-08-12
12328,4489,3903,15.39,908.89,13987.82,2023-02-04
12329,3611,3738,17.5,867.38,15179.15,2024-03-25
12330,1681,4666,16.92,631.03,10677.03,2024-08-01
12331,3083,1826,22.86,593.76,13573.35,2024-05-23
12332,3638,572,14.37,460.24,6613.65,2024-11-17
12333,3587,1953,20.71,383.1,7934.0,2024-01-02
12334,3437,1413,7.46,682.34,5090.26,2023-07-11
12335,4421,1376,18.21,369.49,6728.41,2023-10-22
12336,1982,426,9.03,489.1,4416.57,2023-05-27
12337,1883,2067,9.31,703.63,6550.8,2023-10-14
12338,226,3096,12.58,822.5,10347.05,2024-08-02
12339,1857,19,24.7,505.15,12477.2,2024-02-13
12340,1563,2794,17.24,742.62,12802.77,2024-03-24
12341,1152,4906,15.75,585.07,9214.85,2023-11-09
12342,1987,3952,6.81,653.51,4450.4,2023-02-19
12343,2171,2080,5.66,579.52,3280.08,2024-06-27
12344,2354,4356,22.72,683.41,15527.08,2024-05-05
12345,874,954,20.6,554.39,11420.43,2024-08-15
12346,4263,81,17.64,808.8,14267.23,2023-09-20
12347,2548,1173,8.33,560.04,4665.13,2024-06-26
12348,3638,3361,21.04,544.39,11453.97,2023-11-06
12349,245,3930,24.41,569.1,13891.73,2024-07-24
12350,4511,4343,22.19,920.72,20430.78,2024-10-14
12351,225,1479,24.21,676.61,16380.73,2023-02-13
12352,1066,1383,9.57,704.06,6737.85,2023-05-06
12353,3937,281,9.98,395.1,3943.1,2023-04-06
12354,2671,4590,17.43,780.25,13599.76,2024-02-15
12355,4849,4725,24.29,903.5,21946.01,2024-11-08
12356,4636,4297,7.63,836.67,6383.79,2024-05-10
12357,4072,1663,8.19,881.33,7218.09,2024-12-17
12358,2538,4649,6.53,830.86,5425.52,2024-01-06
12359,927,3883,20.94,454.21,9511.16,2024-11-13
12360,941,3499,16.55,535.83,8867.99,2023-01-09
12361,4440,4561,9.69,806.15,7811.59,2024-06-02
12362,2656,644,5.13,352.69,1809.3,2024-12-19
12363,2558,2773,5.83,666.24,3884.18,2024-12-02
12364,1206,1305,6.59,913.4,6019.31,2024-12-21
12365,4007,2957,18.12,352.18,6381.5,2023-11-01
12366,3264,2257,12.33,512.95,6324.67,2024-06-26
12367,559,456,14.97,432.49,6474.38,2023-10-03
12368,3822,2618,13.12,428.96,5627.96,2024-10-27
12369,2913,1402,19.79,817.95,16187.23,2024-02-20
12370,2072,2260,18.62,692.69,12897.89,2023-06-24
12371,3263,454,21.5,487.89,10489.64,2024-05-07
12372,2395,4448,15.69,810.2,12712.04,2023-07-13
12373,3052,4159,9.03,693.72,6264.29,2024-05-20
12374,4550,1771,7.84,492.74,3863.08,2024-02-12
12375,3492,402,15.7,736.56,11563.99,2023-04-01
12376,4870,1258,22.29,551.34,12289.37,2023-08-23
12377,2195,4355,7.69,641.26,4931.29,2023-12-17
12378,3771,58,15.0,409.83,6147.45,2023-04-08
12379,4633,3542,12.3,783.42,9636.07,2024-05-23
12380,3960,1084,17.19,858.21,14752.63,2023-01-29
12381,4682,1071,17.35,560.24,9720.16,2023-02-17
12382,4504,2891,7.38,687.41,5073.09,2023-05-10
12383,4630,3687,9.77,773.02,7552.41,2023-01-04
12384,1620,3905,21.63,695.21,15037.39,2024-08-22
12385,845,2816,11.81,446.92,5278.13,2024-07-02
12386,3048,2644,24.29,728.98,17706.92,2023-05-08
12387,4951,3635,6.55,855.39,5602.8,2023-03-27
12388,159,3823,10.65,448.92,4781.0,2023-12-09
12389,907,2538,21.61,625.69,13521.16,2023-07-07
12390,1952,4775,10.98,836.42,9183.89,2024-02-26
12391,4926,654,8.17,428.17,3498.15,2024-06-13
12392,575,1457,23.51,492.64,11581.97,2023-11-04
12393,3849,3683,18.06,921.48,16641.93,2023-08-30
12394,3778,3933,20.19,737.46,14889.32,2023-06-25
12395,1567,2505,22.64,504.73,11427.09,2023-07-22
12396,2493,3789,17.59,555.56,9772.3,2024-06-15
12397,3084,2965,14.91,712.16,10618.31,2024-05-02
12398,2519,1826,7.21,892.4,6434.2,2024-06-14
12399,1284,4681,22.33,738.55,16491.82,2023-02-18
12400,4375,154,20.26,485.84,9843.12,2024-10-18
12401,4762,3431,10.94,525.81,5752.36,2023-02-21
12402,4650,2352,17.53,782.6,13718.98,2023-01-10
12403,2903,3957,17.03,601.37,10241.33,2023-08-22
12404,1375,3322,14.56,426.47,6209.4,2024-01-27
12405,1134,1032,18.89,931.4,17594.15,2024-01-10
12406,271,1809,10.23,442.27,4524.42,2024-02-27
12407,4878,693,20.64,488.56,10083.88,2023-10-02
12408,481,822,23.46,727.72,17072.31,2024-11-26
12409,891,932,11.64,630.06,7333.9,2024-04-16
12410,2546,540,8.69,459.37,3991.93,2023-09-22
12411,3450,4683,14.83,869.77,12898.69,2023-01-14
12412,4274,2179,22.58,730.48,16494.24,2023-05-09
12413,1782,2704,23.37,828.31,19357.6,2024-09-17
12414,3674,2509,15.55,792.18,12318.4,2023-06-17
12415,1986,2647,8.16,673.22,5493.48,2024-09-23
12416,3943,3905,13.35,599.26,8000.12,2023-03-26
12417,4876,163,24.66,499.52,12318.16,2023-06-22
12418,1340,2468,8.32,811.49,6751.6,2024-04-21
12419,2658,87,19.57,491.77,9623.94,2023-02-13
12420,4611,131,19.39,435.95,8453.07,2024-08-11
12421,456,3542,5.76,932.83,5373.1,2023-11-04
12422,2554,2467,21.85,593.95,12977.81,2023-05-30
12423,2662,2606,14.03,643.33,9025.92,2023-09-24
12424,2328,1443,18.17,381.5,6931.86,2024-10-18
12425,4037,4905,9.97,590.33,5885.59,2023-05-28
12426,3547,3629,19.48,799.96,15583.22,2024-01-08
12427,4677,1841,21.23,510.58,10839.61,2024-09-28
12428,4707,3279,8.93,923.57,8247.48,2024-08-24
12429,1737,4833,5.38,541.68,2914.24,2023-07-07
12430,1430,4206,20.82,763.33,15892.53,2024-04-25
12431,3742,1624,16.16,483.46,7812.71,2023-09-12
12432,808,1814,21.54,845.6,18214.22,2023-09-10
12433,2272,2789,5.39,638.84,3443.35,2023-09-12
12434,1706,414,17.58,852.95,14994.86,2023-07-05
12435,832,1465,24.72,603.86,14927.42,2023-06-06
12436,2077,178,10.86,635.39,6900.34,2024-10-10
12437,3758,1289,16.4,574.58,9423.11,2023-02-26
12438,2656,595,9.83,558.1,5486.12,2024-02-14
12439,1082,2676,5.96,499.12,2974.76,2023-04-09
12440,736,2996,21.38,642.48,13736.22,2024-01-01
12441,444,4815,11.49,865.52,9944.82,2023-10-01
12442,2240,1245,17.68,768.96,13595.21,2023-06-05
12443,2451,2793,22.91,840.69,19260.21,2024-02-07
12444,1281,3042,11.11,397.22,4413.11,2024-01-17
12445,1906,4184,22.12,428.96,9488.6,2023-02-06
12446,618,4804,23.83,812.42,19359.97,2023-04-04
12447,2829,175,21.89,843.38,18461.59,2023-12-24
12448,2541,2081,19.31,483.93,9344.69,2023-03-12
12449,902,2730,17.33,874.69,15158.38,2024-12-09
12450,2933,4065,14.94,803.87,12009.82,2023-05-05
12451,1890,1423,22.88,585.4,13393.95,2024-06-11
12452,2275,3356,17.64,428.88,7565.44,2023-09-09
12453,986,3363,5.35,820.3,4388.6,2023-05-18
12454,4395,2988,21.91,394.66,8647.0,2024-03-18
12455,7,3754,9.75,428.85,4181.29,2024-03-22
12456,2369,1261,23.79,537.6,12789.5,2023-02-26
12457,3158,4104,11.29,687.43,7761.08,2024-01-03
12458,3649,3774,18.35,602.02,11047.07,2023-03-21
12459,3461,197,11.12,761.5,8467.88,2024-06-01
12460,311,896,5.84,809.28,4726.2,2023-02-15
12461,3421,787,6.57,520.72,3421.13,2023-02-21
12462,3978,4207,19.65,709.94,13950.32,2024-06-21
12463,4866,1697,15.02,408.9,6141.68,2023-02-09
12464,3201,939,10.62,934.29,9922.16,2024-01-31
12465,933,3340,23.77,682.92,16233.01,2024-06-04
12466,2887,726,14.46,671.39,9708.3,2024-06-24
12467,3445,4882,21.35,561.93,11997.21,2023-02-16
12468,4844,3128,24.86,726.63,18064.02,2023-12-09
12469,4394,1314,24.87,805.25,20026.57,2024-01-25
12470,99,3926,14.57,664.4,9680.31,2023-06-09
12471,15,4539,19.29,443.96,8563.99,2023-04-25
12472,2379,3666,18.46,916.18,16912.68,2023-06-08
12473,2882,3441,17.65,624.86,11028.78,2023-10-17
12474,236,4371,5.35,659.46,3528.11,2023-08-16
12475,3633,4264,5.99,590.21,3535.36,2024-09-04
12476,3042,846,16.68,943.19,15732.41,2024-10-18
12477,4978,4495,10.11,936.17,9464.68,2023-07-29
12478,2132,3175,13.23,885.02,11708.81,2024-05-07
12479,3562,3105,10.27,371.19,3812.12,2024-06-23
12480,3053,561,15.3,600.71,9190.86,2024-07-28
12481,828,689,11.75,644.85,7576.99,2024-03-11
12482,2877,4978,11.09,608.66,6750.04,2024-01-10
12483,2488,2040,21.42,474.34,10160.36,2023-04-02
12484,3596,1717,15.08,899.66,13566.87,2024-08-25
12485,266,1104,23.64,359.75,8504.49,2023-12-24
12486,3511,2714,15.59,926.79,14448.66,2023-08-08
12487,3907,3950,9.8,631.84,6192.03,2023-09-05
12488,3101,4057,5.37,470.04,2524.11,2024-12-05
12489,1318,3406,16.14,414.96,6697.45,2023-04-21
12490,1260,104,12.42,678.5,8426.97,2023-04-16
12491,1135,3072,7.87,748.87,5893.61,2023-10-25
12492,474,2803,11.74,364.27,4276.53,2023-10-30
12493,299,4617,16.8,368.81,6196.01,2024-08-23
12494,4654,4064,23.37,855.76,19999.11,2024-02-16
12495,4178,3919,17.62,492.14,8671.51,2023-05-19
12496,1758,109,11.2,408.44,4574.53,2023-07-27
12497,2038,4311,20.97,813.16,17051.97,2023-08-14
12498,246,4754,20.45,385.66,7886.75,2023-03-23
12499,2517,1852,10.82,537.72,5818.13,2023-01-19
12500,2278,872,14.83,934.19,13854.04,2024-03-24
12501,3382,2574,24.83,689.84,17128.73,2023-10-05
12502,4195,4068,13.27,582.49,7729.64,2024-12-10
12503,4962,3094,8.89,409.87,3643.74,2023-06-10
12504,2682,3312,7.91,443.12,3505.08,2023-02-27
12505,307,1063,5.08,426.44,2166.32,2023-08-18
12506,3050,3132,22.93,522.18,11973.59,2024-04-24
12507,837,1512,14.03,858.8,12048.96,2024-01-04
12508,4620,357,6.58,571.38,3759.68,2023-09-26
12509,1360,4153,7.05,659.95,4652.65,2023-01-13
12510,3534,356,11.74,597.69,7016.88,2024-12-27
12511,1473,1782,15.85,418.86,6638.93,2024-08-16
12512,2408,2257,7.54,666.32,5024.05,2024-05-12
12513,4562,3127,17.7,370.19,6552.36,2023-07-18
12514,3881,3203,13.33,545.83,7275.91,2024-09-18
12515,2309,2481,11.46,680.99,7804.15,2023-11-07
12516,2127,4550,8.11,436.85,3542.85,2023-06-02
12517,3219,1568,10.02,676.53,6778.83,2023-03-14
12518,3785,630,9.89,626.89,6199.94,2023-11-04
12519,604,901,12.34,485.82,5995.02,2024-06-29
12520,3119,4811,5.63,441.5,2485.64,2023-05-05
12521,4951,2037,23.4,822.79,19253.29,2024-11-16
12522,699,201,16.48,353.84,5831.28,2023-09-28
12523,758,4108,14.08,819.51,11538.7,2024-08-04
12524,836,4753,21.67,424.48,9198.48,2024-09-22
12525,3100,4910,7.5,539.2,4044.0,2023-05-27
12526,3353,4590,22.77,785.77,17891.98,2024-07-19
12527,520,371,18.38,476.85,8764.5,2023-08-14
12528,1623,572,10.24,518.54,5309.85,2024-06-12
12529,4607,849,7.07,916.32,6478.38,2023-11-16
12530,704,1897,5.19,939.96,4878.39,2023-06-10
12531,4811,19,11.3,419.51,4740.46,2023-11-14
12532,2959,3393,11.24,373.13,4193.98,2023-01-02
12533,392,3166,16.45,514.93,8470.6,2024-04-09
12534,4124,3759,7.0,746.35,5224.45,2024-06-23
12535,857,2152,9.25,363.07,3358.4,2023-12-29
12536,2579,3882,20.26,583.84,11828.6,2023-05-09
12537,2688,3870,23.93,441.48,10564.62,2024-09-06
12538,2194,224,10.38,382.79,3973.36,2023-08-16
12539,3685,2176,9.3,945.88,8796.68,2023-09-22
12540,4303,3685,17.36,698.37,12123.7,2023-01-04
12541,4985,873,17.09,487.8,8336.5,2024-12-26
12542,2367,729,9.58,798.68,7651.35,2023-07-10
12543,2462,581,21.32,592.71,12636.58,2023-01-05
12544,1375,3495,21.67,360.15,7804.45,2024-04-06
12545,4560,373,12.01,914.18,10979.3,2023-12-23
12546,1978,718,14.78,918.77,13579.42,2024-12-02
12547,4374,4937,21.73,398.73,8664.4,2024-02-20
12548,776,1358,17.88,527.19,9426.16,2023-11-26
12549,2365,175,9.52,372.47,3545.91,2023-03-04
12550,4269,3277,10.62,524.36,5568.7,2024-04-20
12551,3102,4784,16.99,876.09,14884.77,2024-06-15
12552,4234,569,16.82,655.26,11021.47,2024-04-23
12553,3321,873,5.24,739.78,3876.45,2023-01-26
12554,3736,3839,24.76,902.81,22353.58,2023-01-05
12555,1818,3937,20.07,616.71,12377.37,2023-11-17
12556,1617,1655,16.48,535.97,8832.79,2023-02-07
12557,606,3624,13.88,411.96,5718.0,2023-04-20
12558,427,300,16.47,805.33,13263.79,2023-10-12
12559,761,2196,17.32,452.13,7830.89,2023-10-21
12560,2922,2738,10.87,916.89,9966.59,2024-08-29
12561,1904,1912,13.46,517.59,6966.76,2024-11-12
12562,4626,3336,18.24,531.82,9700.4,2024-12-19
12563,1326,1875,23.51,574.42,13504.61,2024-08-04
12564,218,1730,24.71,638.03,15765.72,2023-08-28
12565,454,2549,12.2,894.12,10908.26,2024-09-24
12566,1476,3152,18.89,701.4,13249.45,2024-10-03
12567,3162,915,13.08,558.79,7308.97,2024-09-20
12568,1929,851,14.55,848.88,12351.2,2024-04-10
12569,2486,3503,9.33,690.76,6444.79,2024-12-12
12570,4058,1248,23.26,513.83,11951.69,2023-07-20
12571,2859,4310,20.86,837.07,17461.28,2024-01-21
12572,1996,1257,22.16,931.85,20649.8,2024-05-05
12573,3713,758,18.18,582.81,10595.49,2023-09-25
12574,1978,2241,19.03,944.62,17976.12,2024-08-13
12575,3946,4989,9.02,424.62,3830.07,2024-02-04
12576,49,2993,13.81,370.03,5110.11,2024-01-08
12577,1876,2617,16.18,410.76,6646.1,2024-04-18
12578,995,3184,17.15,421.07,7221.35,2023-05-20
12579,4813,4566,11.78,585.92,6902.14,2024-09-19
12580,2155,3221,8.76,876.14,7674.99,2023-11-06
12581,4384,4883,13.01,841.77,10951.43,2024-04-03
12582,2685,2955,5.31,913.2,4849.09,2024-05-12
12583,4910,1945,5.1,874.36,4459.24,2023-09-14
12584,812,4432,18.23,635.26,11580.79,2024-02-09
12585,1237,2967,12.95,798.42,10339.54,2023-11-26
12586,449,2698,7.52,850.25,6393.88,2023-01-25
12587,440,59,17.42,454.18,7911.82,2023-02-19
12588,911,454,18.34,820.26,15043.57,2023-03-27
12589,3402,577,21.36,604.48,12911.69,2024-08-22
12590,2068,4213,14.19,687.11,9750.09,2023-03-25
12591,1893,10,7.79,402.63,3136.49,2023-02-18
12592,1147,1583,18.45,683.62,12612.79,2024-06-27
12593,3076,4694,22.07,749.61,16543.89,2024-10-01
12594,4594,3317,6.02,758.24,4564.6,2024-05-04
12595,1787,603,7.56,754.31,5702.58,2023-03-04
12596,1023,4046,10.27,507.44,5211.41,2024-11-23
12597,2008,3381,22.78,937.41,21354.2,2024-01-07
12598,576,4964,24.39,784.78,19140.78,2023-05-22
12599,4345,4481,7.53,393.09,2959.97,2023-05-20
12600,1748,669,22.58,362.59,8187.28,2024-06-22
12601,2355,996,19.54,588.58,11500.85,2024-05-07
12602,1830,239,12.69,732.84,9299.74,2023-06-09
12603,954,3575,8.79,507.08,4457.23,2024-09-14
12604,2596,4993,9.77,654.05,6390.07,2024-08-28
12605,3560,2244,6.32,858.57,5426.16,2023-01-16
12606,4731,555,21.73,438.41,9526.65,2024-12-31
12607,1472,2813,16.43,486.87,7999.27,2023-05-24
12608,3296,3721,20.77,670.2,13920.05,2023-04-15
12609,1970,3778,8.5,882.84,7504.14,2024-08-20
12610,4651,2629,10.2,857.43,8745.79,2023-06-19
12611,3396,2108,23.73,537.81,12762.23,2023-09-22
12612,2035,3517,11.03,662.14,7303.4,2024-12-21
12613,926,952,19.59,611.0,11969.49,2023-03-18
12614,1809,380,11.18,932.66,10427.14,2024-03-12
12615,4258,201,10.15,713.0,7236.95,2023-11-25
12616,2736,2600,16.24,637.34,10350.4,2024-12-20
12617,458,3184,11.95,754.89,9020.94,2024-12-16
12618,4348,3924,22.78,818.0,18634.04,2024-09-16
12619,4728,803,6.04,903.38,5456.42,2024-12-05
12620,2183,3197,8.04,777.94,6254.64,2023-08-30
12621,1463,3251,14.36,419.74,6027.47,2024-02-09
12622,1559,2655,19.5,479.82,9356.49,2024-06-04
12623,55,1436,10.94,671.11,7341.94,2024-09-29
12624,4829,4652,11.39,744.74,8482.59,2024-05-16
12625,3731,4680,14.37,486.43,6990.0,2023-07-20
12626,4005,4743,17.03,565.4,9628.76,2023-11-20
12627,1197,2088,20.27,390.47,7914.83,2024-04-07
12628,528,3928,10.39,401.2,4168.47,2024-11-22
12629,3736,98,9.33,584.91,5457.21,2023-08-12
12630,2910,3220,19.21,605.42,11630.12,2024-10-30
12631,848,1314,14.26,608.65,8679.35,2024-01-09
12632,1314,1682,23.96,525.0,12579.0,2023-08-01
12633,352,2962,5.61,358.65,2012.03,2024-02-12
12634,4163,1198,24.12,369.24,8906.07,2024-08-14
12635,4577,1142,24.28,726.97,17650.83,2024-06-07
12636,1404,907,14.33,926.93,13282.91,2023-02-10
12637,4274,4299,22.76,759.77,17292.37,2023-07-27
12638,1881,3497,6.66,732.01,4875.19,2023-12-28
12639,2859,1224,20.25,524.36,10618.29,2023-07-08
12640,525,3680,5.05,430.24,2172.71,2023-01-24
12641,3850,2076,16.01,432.64,6926.57,2024-11-20
12642,1313,4015,6.39,759.13,4850.84,2024-09-19
12643,1715,3241,18.96,807.22,15304.89,2023-12-01
12644,2681,2896,6.32,724.82,4580.86,2023-12-06
12645,151,2978,6.83,775.62,5297.48,2023-03-24
12646,2487,4406,5.65,418.89,2366.73,2023-09-20
12647,1417,1704,19.2,427.29,8203.97,2024-12-07
12648,88,3702,5.95,475.88,2831.49,2023-05-18
12649,1258,4334,7.58,543.34,4118.52,2023-08-25
12650,2226,1167,5.06,892.65,4516.81,2024-10-17
12651,2711,1677,10.49,947.46,9938.86,2024-08-11
12652,4696,1160,7.29,610.84,4453.02,2024-07-27
12653,3405,3248,5.6,713.69,3996.66,2023-08-15
12654,3493,3159,7.48,854.14,6388.97,2024-07-25
12655,76,2038,14.42,755.64,10896.33,2023-07-31
12656,2282,2071,22.16,502.54,11136.29,2023-03-07
12657,3571,3203,23.86,583.72,13927.56,2023-09-28
12658,4478,2355,16.61,352.57,5856.19,2023-10-25
12659,226,818,20.78,548.77,11403.44,2023-12-04
12660,3336,2453,19.58,406.99,7968.86,2023-05-27
12661,1393,4225,16.6,597.72,9922.15,2023-01-04
12662,975,2939,16.73,527.43,8823.9,2023-01-07
12663,4996,3342,11.36,360.9,4099.82,2024-09-22
12664,809,1599,16.46,773.05,12724.4,2023-05-06
12665,2715,3052,11.6,447.46,5190.54,2023-06-13
12666,1091,4528,18.96,767.79,14557.3,2023-02-19
12667,1582,3736,11.49,852.47,9794.88,2024-10-25
12668,2866,2221,13.9,532.5,7401.75,2023-02-28
12669,2508,4071,24.09,860.5,20729.44,2024-02-19
12670,1626,4881,8.49,553.92,4702.78,2024-01-08
12671,949,2701,5.93,413.9,2454.43,2023-06-12
12672,3567,1488,21.34,541.6,11557.74,2024-04-19
12673,4410,1452,13.91,675.98,9402.88,2024-02-16
12674,3647,2264,5.81,399.47,2320.92,2024-06-28
12675,163,2087,16.75,931.62,15604.64,2024-01-03
12676,4158,58,21.05,670.19,14107.5,2024-12-24
12677,4453,3538,20.18,632.53,12764.46,2023-03-11
12678,2536,1076,20.99,859.73,18045.73,2023-07-02
12679,3015,2691,17.18,885.72,15216.67,2024-12-09
12680,2986,4885,20.36,746.45,15197.72,2023-07-05
12681,2889,4617,5.9,791.87,4672.03,2024-02-21
12682,4912,4975,13.86,616.95,8550.93,2023-04-01
12683,3680,4854,7.14,463.02,3305.96,2024-07-15
12684,2715,3832,9.47,775.18,7340.95,2024-02-26
12685,2049,2664,24.43,615.29,15031.53,2024-11-30
12686,5,4502,7.08,948.39,6714.6,2024-08-06
12687,4347,4674,24.58,859.32,21122.09,2024-04-20
12688,894,2856,23.23,373.39,8673.85,2024-11-06
12689,953,1681,23.57,450.73,10623.71,2023-07-26
12690,3080,498,12.58,663.01,8340.67,2023-01-08
12691,3757,3545,23.31,467.45,10896.26,2024-11-28
12692,4159,4734,19.97,427.94,8545.96,2024-06-12
12693,58,4062,16.73,782.91,13098.08,2023-10-15
12694,958,2019,12.81,413.5,5296.94,2024-08-08
12695,4730,4870,17.09,733.43,12534.32,2023-05-10
12696,2690,3228,14.33,730.04,10461.47,2023-02-19
12697,1805,1731,23.25,863.78,20082.88,2024-06-17
12698,4253,2890,18.54,798.9,14811.61,2023-05-30
12699,4595,4196,15.27,790.33,12068.34,2024-02-11
12700,2116,1924,15.25,412.95,6297.49,2024-08-12
12701,420,4657,14.35,768.01,11020.94,2023-01-09
12702,4067,4812,17.9,632.16,11315.66,2023-10-19
12703,2435,2267,17.31,938.13,16239.03,2023-11-17
12704,2070,2538,14.25,890.39,12688.06,2023-10-11
12705,3702,3302,7.21,927.81,6689.51,2024-08-18
12706,3491,1110,23.11,452.21,10450.57,2024-01-30
12707,2334,1903,17.8,905.75,16122.35,2023-11-01
12708,4654,894,20.37,848.21,17278.04,2024-12-06
12709,2123,2044,12.82,912.01,11691.97,2023-12-16
12710,1715,4225,16.59,901.76,14960.2,2023-12-04
12711,4651,444,24.1,732.1,17643.61,2024-04-18
12712,4689,3516,21.25,772.43,16414.14,2024-01-08
12713,4157,1827,15.13,538.54,8148.11,2024-11-19
12714,4524,591,14.94,599.98,8963.7,2024-01-23
12715,1787,2512,14.54,535.66,7788.5,2024-11-24
12716,1725,466,5.78,854.6,4939.59,2024-03-29
12717,3818,3815,18.04,408.72,7373.31,2024-02-02
12718,1584,2592,6.88,902.72,6210.71,2024-11-04
12719,4030,4161,5.51,725.85,3999.43,2024-07-01
12720,1218,1563,9.36,700.32,6555.0,2023-07-22
12721,2315,112,19.31,650.63,12563.67,2023-08-30
12722,4816,4949,23.08,595.28,13739.06,2023-12-15
12723,355,1535,7.6,682.6,5187.76,2023-08-18
12724,1133,3217,6.74,949.81,6401.72,2023-11-19
12725,2569,2712,8.91,625.16,5570.18,2023-05-02
12726,2151,4868,10.69,620.29,6630.9,2024-12-07
12727,1049,2013,6.07,433.79,2633.11,2023-10-02
12728,3473,2702,14.64,394.9,5781.34,2023-02-04
12729,2572,3016,16.7,776.22,12962.87,2023-12-19
12730,344,1219,18.9,942.02,17804.18,2023-02-07
12731,2061,604,5.82,418.13,2433.52,2023-07-19
12732,2953,4618,13.36,535.5,7154.28,2023-10-08
12733,911,1312,20.99,829.52,17411.62,2023-04-21
12734,4892,764,16.02,499.57,8003.11,2024-10-12
12735,117,3429,7.95,756.2,6011.79,2023-11-29
12736,847,1261,5.59,790.97,4421.52,2023-06-22
12737,4433,1941,22.39,893.81,20012.41,2024-11-02
12738,3164,2426,19.2,365.85,7024.32,2023-10-18
12739,2035,36,13.38,766.98,10262.19,2023-09-20
12740,2787,4757,12.42,544.31,6760.33,2023-12-07
12741,1739,2727,6.02,931.72,5608.95,2024-03-14
12742,4415,4963,5.13,649.05,3329.63,2024-11-19
12743,1902,1122,11.23,826.15,9277.66,2024-05-14
12744,4724,4921,13.2,941.7,12430.44,2023-03-05
12745,290,240,10.26,844.09,8660.36,2024-06-16
12746,2001,3280,8.56,795.1,6806.06,2024-08-02
12747,1165,3475,12.54,746.41,9359.98,2024-07-30
12748,1506,1227,5.35,918.17,4912.21,2023-03-05
12749,2763,192,16.28,574.71,9356.28,2024-02-15
12750,305,3537,7.08,813.96,5762.84,2024-10-20
12751,550,2792,23.77,627.34,14911.87,2024-11-25
12752,1698,4785,7.16,373.2,2672.11,2023-08-02
12753,3745,3576,10.06,716.96,7212.62,2024-09-05
12754,939,3133,14.51,448.15,6502.66,2023-07-06
12755,1587,1947,19.56,680.74,13315.27,2024-12-03
12756,595,4885,21.36,702.9,15013.94,2023-06-11
12757,4993,1202,16.56,576.75,9550.98,2023-04-26
12758,204,3936,5.05,552.31,2789.17,2023-03-29
12759,346,456,8.19,901.79,7385.66,2024-07-26
12760,1911,3796,7.52,437.19,3287.67,2024-03-31
12761,444,2586,19.97,459.1,9168.23,2023-10-20
12762,4436,4387,17.41,544.49,9479.57,2024-03-31
12763,1191,510,20.79,884.4,18386.68,2024-02-14
12764,4248,212,8.87,445.27,3949.54,2023-03-23
12765,4727,4534,24.62,450.45,11090.08,2023-02-24
12766,3434,2996,23.03,505.21,11634.99,2024-05-30
12767,2218,4023,16.59,432.41,7173.68,2024-02-23
12768,160,3495,5.26,690.72,3633.19,2023-09-29
12769,2106,2807,13.8,766.86,10582.67,2023-07-01
12770,4507,3816,12.24,480.51,5881.44,2024-12-12
12771,4394,2138,10.01,646.89,6475.37,2023-01-15
12772,4965,2234,13.83,836.28,11565.75,2024-03-02
12773,434,3556,11.36,630.86,7166.57,2023-03-30
12774,4098,4970,7.85,718.89,5643.29,2024-04-09
12775,2510,1271,24.07,441.89,10636.29,2024-02-13
12776,1117,4200,15.45,827.34,12782.4,2023-05-31
12777,584,3094,22.87,762.21,17431.74,2023-09-21
12778,2799,1605,7.39,366.11,2705.55,2024-05-19
12779,3476,273,6.49,659.57,4280.61,2023-12-09
12780,4447,4222,12.74,780.34,9941.53,2023-01-11
12781,3289,3097,20.9,394.56,8246.3,2023-11-09
12782,4729,3013,24.99,931.65,23281.93,2024-10-13
12783,4291,1564,6.28,629.73,3954.7,2023-05-07
12784,2151,1094,22.6,806.58,18228.71,2024-07-24
12785,3057,2213,18.69,492.93,9212.86,2023-03-27
12786,695,4726,21.77,825.08,17961.99,2024-09-10
12787,2144,4557,6.71,720.08,4831.74,2023-01-21
12788,971,3861,15.45,351.66,5433.15,2023-01-02
12789,3280,3981,18.84,817.67,15404.9,2023-04-16
12790,3829,848,12.34,373.65,4610.84,2023-02-26
12791,2335,1853,14.43,521.14,7520.05,2023-08-19
12792,3056,3627,13.49,678.78,9156.74,2024-09-03
12793,2406,3378,12.59,769.63,9689.64,2023-03-27
12794,552,751,18.39,546.51,10050.32,2023-02-05
12795,5,420,23.53,692.39,16291.94,2024-11-23
12796,4067,4549,14.38,839.15,12066.98,2024-01-06
12797,3050,394,5.56,455.97,2535.19,2023-06-02
12798,3880,1340,11.96,523.44,6260.34,2024-12-03
12799,1439,269,20.25,726.03,14702.11,2023-03-25
12800,3856,2986,5.24,754.75,3954.89,2024-10-01
12801,3775,2735,20.81,634.02,13193.96,2024-10-17
12802,2633,4875,9.6,709.49,6811.1,2024-04-07
12803,1369,2839,19.96,502.64,10032.69,2023-06-04
12804,2113,1358,12.67,756.92,9590.18,2023-02-27
12805,926,2861,10.63,592.68,6300.19,2023-08-05
12806,3002,762,13.82,373.61,5163.29,2023-07-12
12807,1883,3639,9.77,912.46,8914.73,2024-03-09
12808,4698,4981,20.92,587.28,12285.9,2024-04-03
12809,3087,40,12.59,419.13,5276.85,2024-06-26
12810,725,3751,11.4,647.84,7385.38,2023-11-05
12811,2976,4268,16.97,377.86,6412.28,2023-11-02
12812,4171,646,17.31,584.59,10119.25,2023-10-09
12813,4224,478,10.46,717.36,7503.59,2023-08-05
12814,4124,3284,24.12,828.18,19975.7,2023-06-25
12815,2913,3639,10.66,377.08,4019.67,2023-09-19
12816,4732,4570,10.31,366.09,3774.39,2024-03-23
12817,1995,2600,9.18,505.06,4636.45,2023-05-29
12818,896,797,24.48,791.98,19387.67,2023-04-30
12819,4245,3047,6.81,927.68,6317.5,2024-12-10
12820,2051,3362,22.23,927.3,20613.88,2024-11-24
12821,4538,2634,13.49,657.01,8863.06,2024-09-02
12822,1989,2925,9.45,449.57,4248.44,2024-08-13
12823,1718,429,13.24,650.05,8606.66,2024-11-05
12824,2253,4358,14.08,766.67,10794.71,2023-01-09
12825,1280,1211,22.55,373.93,8432.12,2024-11-03
12826,2836,4058,22.17,508.82,11280.54,2024-11-09
12827,2719,2429,23.65,355.19,8400.24,2024-07-13
12828,4236,3968,21.52,843.58,18153.84,2024-07-15
12829,1155,527,22.29,780.96,17407.6,2023-10-16
12830,4988,4423,14.41,759.85,10949.44,2023-10-14
12831,2415,1430,13.94,581.96,8112.52,2024-08-20
12832,850,3947,9.96,623.4,6209.06,2024-07-14
12833,1477,661,23.38,759.32,17752.9,2023-09-26
12834,4089,2753,13.6,624.81,8497.42,2024-07-02
12835,1181,1483,5.95,512.85,3051.46,2024-03-09
12836,3506,4125,13.92,915.64,12745.71,2024-06-14
12837,4439,4299,17.98,623.0,11201.54,2024-04-17
12838,2284,2699,23.81,548.39,13057.17,2024-06-09
12839,2416,568,10.16,621.15,6310.88,2023-08-30
12840,1116,4762,10.55,419.33,4423.93,2024-12-09
12841,27,2690,24.67,599.57,14791.39,2024-09-08
12842,2727,525,13.7,767.23,10511.05,2024-12-16
12843,2042,4227,16.63,500.7,8326.64,2024-09-09
12844,2284,4326,5.54,441.91,2448.18,2023-10-21
12845,1986,3457,20.75,637.11,13220.03,2024-11-16
12846,573,2951,11.99,421.3,5051.39,2024-02-24
12847,1084,1967,16.09,591.24,9513.05,2023-03-05
12848,232,3432,24.32,836.83,20351.71,2023-12-10
12849,2590,1902,17.27,661.08,11416.85,2023-04-15
12850,1070,3683,12.58,428.79,5394.18,2024-10-12
12851,434,1747,23.48,494.76,11616.96,2024-03-26
12852,4031,553,24.2,455.76,11029.39,2024-07-03
12853,2329,2444,13.28,739.22,9816.84,2024-04-12
12854,1541,514,22.44,561.29,12595.35,2023-04-18
12855,4454,118,7.6,395.9,3008.84,2024-05-18
12856,4000,4421,15.89,461.6,7334.82,2023-02-18
12857,2613,2448,23.12,599.72,13865.53,2023-12-22
12858,4208,3288,17.45,656.39,11454.01,2024-01-21
12859,2429,655,9.63,609.81,5872.47,2024-06-19
12860,4514,4279,23.6,449.15,10599.94,2023-06-30
12861,1404,4287,11.77,395.62,4656.45,2024-12-22
12862,340,2590,15.81,609.67,9638.88,2024-09-20
12863,4963,4309,10.45,703.6,7352.62,2023-11-14
12864,1281,4364,8.51,650.9,5539.16,2023-10-21
12865,1263,365,13.98,371.6,5194.97,2023-09-06
12866,1373,4427,6.58,482.13,3172.42,2024-07-22
12867,1373,1718,22.34,626.16,13988.41,2023-06-13
12868,3544,3127,23.36,474.79,11091.09,2024-06-19
12869,3626,3937,13.73,525.79,7219.1,2024-07-12
12870,4437,2769,12.78,606.49,7750.94,2023-07-10
12871,3103,239,14.42,667.51,9625.49,2023-09-07
12872,3958,3677,7.99,653.49,5221.39,2024-07-28
12873,656,60,9.53,511.18,4871.55,2024-02-21
12874,1818,2179,8.64,672.17,5807.55,2024-10-15
12875,3017,3935,17.67,837.96,14806.75,2023-09-06
12876,1581,1058,11.84,605.17,7165.21,2024-04-08
12877,300,459,14.99,778.3,11666.72,2023-09-18
12878,2921,4785,11.61,553.79,6429.5,2024-04-26
12879,3788,1808,9.37,914.91,8572.71,2024-10-13
12880,4512,2822,18.38,425.94,7828.78,2024-04-03
12881,1338,2086,23.46,363.59,8529.82,2023-02-12
12882,2713,2804,20.27,932.58,18903.4,2023-12-12
12883,4945,1827,10.81,596.33,6446.33,2024-08-15
12884,3754,317,20.92,885.42,18522.99,2023-10-28
12885,4571,4403,7.09,599.34,4249.32,2023-03-12
12886,2339,3275,12.19,700.27,8536.29,2024-10-22
12887,2813,3114,14.2,666.59,9465.58,2024-09-15
12888,2282,4219,5.2,928.35,4827.42,2024-11-18
12889,3533,4092,23.55,508.73,11980.59,2023-08-22
12890,578,1336,9.14,777.01,7101.87,2023-10-18
12891,4380,3812,15.89,548.18,8710.58,2024-12-07
12892,3468,1325,13.75,356.34,4899.67,2023-09-02
12893,2563,4774,18.55,507.06,9405.96,2024-08-30
12894,1308,3455,18.55,517.43,9598.33,2023-10-09
12895,4548,4872,5.64,597.55,3370.18,2023-11-27
12896,387,1847,9.13,401.09,3661.95,2023-09-08
12897,962,1977,16.52,367.36,6068.79,2024-05-31
12898,3080,1178,14.98,870.29,13036.94,2024-07-11
12899,4504,437,9.48,563.51,5342.07,2023-11-25
12900,621,313,22.82,678.87,15491.81,2024-07-07
12901,2999,1790,18.47,917.99,16955.28,2023-07-31
12902,1620,2672,14.14,852.62,12056.05,2024-02-18
12903,3686,4023,14.17,427.58,6058.81,2023-06-19
12904,2612,3121,15.23,626.48,9541.29,2024-01-10
12905,3016,3791,17.16,746.03,12801.87,2024-12-14
12906,2424,2896,23.33,750.67,17513.13,2024-05-21
12907,4670,3039,11.81,555.96,6565.89,2024-01-12
12908,1967,3169,5.51,555.56,3061.14,2023-05-18
12909,3630,940,16.26,728.92,11852.24,2023-11-04
12910,2345,609,15.28,875.2,13373.06,2024-07-26
12911,1315,2564,9.49,556.98,5285.74,2023-05-15
12912,3007,1175,19.78,747.68,14789.11,2023-03-05
12913,4339,4102,23.85,886.53,21143.74,2023-06-17
12914,2567,789,20.5,394.58,8088.89,2023-03-10
12915,759,2453,17.21,775.86,13352.55,2024-01-19
12916,2619,1221,14.83,776.32,11512.83,2023-03-03
12917,1111,3880,21.08,374.22,7888.56,2024-10-07
12918,2147,3795,12.71,723.78,9199.24,2023-07-27
12919,4481,1160,5.51,788.39,4344.03,2023-11-04
12920,2969,1983,24.02,463.13,11124.38,2023-06-26
12921,1381,2331,19.47,404.94,7884.18,2023-10-20
12922,4774,1641,5.19,771.34,4003.25,2024-03-22
12923,181,4718,9.67,736.39,7120.89,2023-09-14
12924,726,4520,6.81,828.33,5640.93,2023-02-09
12925,1350,2897,12.23,848.27,10374.34,2024-05-04
12926,501,221,16.43,699.8,11497.71,2023-10-17
12927,2072,726,23.5,637.07,14971.15,2023-05-20
12928,1261,2662,21.01,743.24,15615.47,2023-11-06
12929,4869,713,13.13,401.81,5275.77,2023-04-27
12930,1911,2147,9.08,531.56,4826.56,2024-05-29
12931,1656,1756,19.2,633.79,12168.77,2024-09-07
12932,1441,3783,20.34,724.05,14727.18,2024-03-13
12933,4044,1960,15.94,402.31,6412.82,2023-10-25
12934,955,1235,21.39,419.58,8974.82,2023-01-27
12935,1670,4117,20.47,721.55,14770.13,2023-03-27
12936,2376,4851,24.88,373.66,9296.66,2023-11-09
12937,4307,4935,16.21,447.66,7256.57,2023-02-21
12938,576,4739,16.12,736.83,11877.7,2024-01-24
12939,2953,1293,18.55,531.21,9853.95,2023-07-12
12940,4717,4835,7.34,693.37,5089.34,2023-02-06
12941,1778,1575,15.26,392.06,5982.84,2023-11-25
12942,1695,771,12.85,686.95,8827.31,2024-03-28
12943,3532,3267,24.18,490.1,11850.62,2024-05-15
12944,567,3968,6.08,530.24,3223.86,2023-03-29
12945,4489,4614,5.23,743.12,3886.52,2023-04-05
12946,3926,2381,17.37,882.71,15332.67,2023-02-06
12947,918,1960,11.42,870.08,9936.31,2023-07-30
12948,2040,2232,20.63,363.76,7504.37,2023-09-27
12949,4040,628,16.85,607.91,10243.28,2023-09-20
12950,3202,2826,22.89,634.85,14531.72,2023-03-01
12951,2841,1258,21.53,647.56,13941.97,2024-01-02
12952,1246,1853,19.15,741.81,14205.66,2023-03-19
12953,1712,964,21.51,803.54,17284.15,2024-02-08
12954,4076,4128,5.52,467.51,2580.66,2023-03-20
12955,450,2585,6.86,933.45,6403.47,2024-12-07
12956,254,1540,20.1,935.93,18812.19,2024-08-10
12957,1686,496,17.24,865.83,14926.91,2024-03-10
12958,112,2830,12.98,626.99,8138.33,2024-08-31
12959,4893,3252,17.15,591.56,10145.25,2024-02-11
12960,1122,2031,18.73,497.34,9315.18,2023-08-12
12961,4040,886,18.8,385.56,7248.53,2024-11-28
12962,217,4752,11.37,841.28,9565.35,2024-05-22
12963,398,4583,22.33,389.42,8695.75,2024-03-06
12964,2444,1766,8.96,459.56,4117.66,2023-02-01
12965,4379,4022,20.98,593.73,12456.46,2023-10-28
12966,4311,4523,10.71,767.51,8220.03,2023-07-17
12967,1994,3835,17.46,740.65,12931.75,2023-12-10
12968,4734,4038,17.0,353.12,6003.04,2023-07-10
12969,2663,4438,7.84,860.55,6746.71,2024-12-10
12970,2767,2248,7.83,574.3,4496.77,2023-12-31
12971,1734,937,11.33,872.16,9881.57,2024-08-12
12972,1760,2547,24.1,819.03,19738.62,2024-06-15
12973,1927,3510,22.24,816.97,18169.41,2024-05-22
12974,4488,4007,15.85,895.33,14190.98,2023-07-20
12975,1578,1191,12.93,687.56,8890.15,2023-09-04
12976,1929,3369,15.64,369.52,5779.29,2023-09-19
12977,3386,3450,13.78,661.33,9113.13,2023-10-08
12978,2178,805,15.35,792.83,12169.94,2024-02-07
12979,1068,317,9.62,810.03,7792.49,2024-02-14
12980,2828,1382,9.56,624.42,5969.46,2024-08-11
12981,999,2132,13.85,589.78,8168.45,2024-01-02
12982,848,909,15.27,352.92,5389.09,2023-10-03
12983,3600,1461,10.06,397.68,4000.66,2024-07-11
12984,1755,3107,7.25,536.96,3892.96,2023-03-12
12985,969,836,6.45,673.41,4343.49,2023-11-11
12986,1625,3073,12.73,368.63,4692.66,2023-03-19
12987,3275,182,6.79,714.54,4851.73,2023-12-07
12988,2209,3106,11.83,775.57,9174.99,2023-12-26
12989,3263,4103,23.2,455.27,10562.26,2023-09-10
12990,1897,4095,12.6,801.84,10103.18,2024-04-07
12991,224,1626,6.79,510.15,3463.92,2023-10-25
12992,2579,2301,22.55,756.0,17047.8,2023-12-13
12993,3361,3474,21.95,562.5,12346.88,2023-01-30
12994,707,760,5.18,945.49,4897.64,2024-09-07
12995,1128,1247,24.11,736.12,17747.85,2024-05-23
12996,4282,3084,20.51,923.88,18948.78,2024-08-24
12997,1030,811,14.43,510.23,7362.62,2024-10-29
12998,3646,1702,22.14,929.54,20580.02,2024-02-04
12999,3012,454,20.96,489.05,10250.49,2024-08-17
13000,3695,176,11.5,757.51,8711.36,2024-08-22
13001,4953,4699,8.87,367.63,3260.88,2023-03-29
13002,2955,272,13.13,901.23,11833.15,2024-07-10
13003,2127,158,7.27,463.39,3368.85,2023-09-04
13004,2064,4604,10.5,666.61,6999.4,2023-10-06
13005,3882,3797,8.78,797.3,7000.29,2023-02-04
13006,3990,4673,5.31,601.98,3196.51,2023-12-05
13007,1017,2498,19.25,695.84,13394.92,2023-07-05
13008,2336,3172,16.88,563.24,9507.49,2024-03-14
13009,693,3900,16.52,526.21,8692.99,2024-12-13
13010,3565,1069,18.96,562.24,10660.07,2024-05-01
13011,99,920,11.86,650.29,7712.44,2024-02-29
13012,548,3661,24.34,795.49,19362.23,2023-07-29
13013,2332,2613,10.42,626.57,6528.86,2024-08-22
13014,963,3353,8.68,537.83,4668.36,2024-12-29
13015,1330,3462,9.26,486.77,4507.49,2023-10-13
13016,3985,747,23.19,658.63,15273.63,2024-12-04
13017,435,742,24.11,861.35,20767.15,2024-03-31
13018,848,1028,5.26,683.71,3596.31,2024-11-30
13019,2768,3674,19.24,520.32,10010.96,2024-02-19
13020,1962,336,24.04,792.6,19054.1,2023-10-05
13021,4639,2472,22.48,816.91,18364.14,2024-07-26
13022,2363,1424,10.64,769.31,8185.46,2024-10-02
13023,2009,2568,19.11,732.26,13993.49,2024-12-31
13024,4439,1655,12.01,439.85,5282.6,2024-10-17
13025,4382,3866,9.27,451.39,4184.39,2024-12-31
13026,4030,4701,12.18,593.23,7225.54,2024-07-22
13027,1135,3397,7.49,474.87,3556.78,2023-11-30
13028,3870,786,12.57,732.33,9205.39,2023-03-26
13029,531,4299,11.83,686.22,8117.98,2024-04-24
13030,4275,4871,24.2,755.08,18272.94,2023-10-12
13031,17,3995,6.46,782.92,5057.66,2024-08-13
13032,977,624,7.42,943.31,6999.36,2023-11-04
13033,3128,670,23.66,504.68,11940.73,2023-04-16
13034,1976,495,24.99,863.76,21585.36,2024-08-13
13035,1413,2474,14.15,830.15,11746.62,2024-05-16
13036,4229,4478,9.26,789.0,7306.14,2024-10-29
13037,1514,1976,20.31,932.04,18929.73,2024-05-23
13038,2396,4584,25.0,751.46,18786.5,2024-11-21
13039,3756,39,21.78,786.81,17136.72,2023-02-27
13040,992,1205,14.38,686.31,9869.14,2023-12-15
13041,777,1285,9.85,550.6,5423.41,2023-03-30
13042,4546,253,20.02,786.24,15740.52,2024-07-17
13043,3328,3958,24.38,802.97,19576.41,2024-08-08
13044,3352,3325,24.43,386.24,9435.84,2024-02-26
13045,3526,2954,19.56,439.04,8587.62,2023-07-28
13046,4679,2958,15.99,479.0,7659.21,2024-04-15
13047,4339,1095,6.26,534.46,3345.72,2023-04-22
13048,114,1548,20.37,350.7,7143.76,2024-11-30
13049,4864,174,24.86,633.43,15747.07,2024-04-02
13050,4262,498,5.93,497.58,2950.65,2024-06-24
13051,3416,3561,17.63,801.09,14123.22,2024-08-16
13052,288,4675,9.5,371.95,3533.53,2024-06-11
13053,4865,1267,9.69,652.76,6325.24,2024-11-19
13054,2495,4431,18.9,611.12,11550.17,2024-03-26
13055,1442,3358,22.3,910.32,20300.14,2023-12-22
13056,2347,2204,6.19,634.86,3929.78,2023-12-15
13057,3499,3858,12.9,614.99,7933.37,2024-02-09
13058,4900,4177,12.21,515.71,6296.82,2023-06-14
13059,4801,2224,15.04,618.05,9295.47,2024-05-25
13060,331,1588,14.53,560.01,8136.95,2023-11-11
13061,1222,500,11.68,429.43,5015.74,2023-07-10
13062,1850,478,13.75,457.73,6293.79,2023-08-10
13063,2095,2829,7.5,795.92,5969.4,2023-06-25
13064,3632,1825,24.06,572.73,13779.88,2023-09-05
13065,271,3781,5.2,896.31,4660.81,2023-09-22
13066,3122,1861,20.51,373.53,7661.1,2023-12-10
13067,1202,1217,6.73,658.96,4434.8,2023-10-06
13068,3016,1001,14.3,796.78,11393.95,2023-05-09
13069,3951,4709,11.85,684.79,8114.76,2024-08-30
13070,2935,1720,24.67,387.11,9550.0,2024-02-14
13071,4920,1712,19.47,810.24,15775.37,2023-07-18
13072,1779,2113,7.72,610.69,4714.53,2023-05-13
13073,3279,1306,7.99,916.21,7320.52,2024-06-16
13074,1795,4074,9.62,433.89,4174.02,2024-11-21
13075,4750,1704,8.53,552.21,4710.35,2023-04-15
13076,3863,436,5.71,835.95,4773.27,2023-01-08
13077,1168,1701,15.86,700.44,11108.98,2023-09-15
13078,3652,92,23.71,370.42,8782.66,2023-10-01
13079,1611,1015,8.95,489.93,4384.87,2024-10-09
13080,4216,1725,17.53,882.34,15467.42,2024-06-30
13081,676,1048,10.62,589.17,6256.99,2024-01-04
13082,104,2207,17.91,884.51,15841.57,2024-04-20
13083,4291,3045,9.38,410.62,3851.62,2024-12-04
13084,3449,4681,18.55,636.51,11807.26,2024-11-05
13085,3164,2424,12.71,359.94,4574.84,2024-01-14
13086,2478,1181,21.88,563.93,12338.79,2023-04-09
13087,4419,1823,12.35,749.41,9255.21,2024-04-19
13088,2371,247,17.41,444.41,7737.18,2023-11-27
13089,3689,1624,9.13,437.28,3992.37,2024-10-25
13090,3512,4280,24.39,930.97,22706.36,2024-06-26
13091,1088,4311,12.25,472.51,5788.25,2024-07-23
13092,312,1811,9.27,831.67,7709.58,2024-09-09
13093,3840,4243,14.14,896.11,12671.0,2023-08-11
13094,3050,188,18.55,398.18,7386.24,2023-09-01
13095,3065,4765,8.3,706.32,5862.46,2024-11-21
13096,2973,662,13.41,557.27,7472.99,2024-11-28
13097,2717,96,18.7,367.91,6879.92,2024-02-10
13098,4293,3317,13.72,876.17,12021.05,2024-10-15
13099,3750,1829,18.42,372.09,6853.9,2023-11-01
13100,2440,4656,14.88,632.62,9413.39,2024-08-13
13101,1166,4584,18.57,607.14,11274.59,2024-08-20
13102,8,1894,12.17,719.38,8754.85,2024-06-24
13103,3848,3123,11.7,536.25,6274.12,2023-06-22
13104,4637,3281,8.05,545.15,4388.46,2023-09-05
13105,1687,4693,23.15,615.06,14238.64,2024-11-23
13106,4946,2107,24.72,486.71,12031.47,2024-09-21
13107,60,1648,11.74,707.88,8310.51,2024-07-23
13108,2343,3398,16.26,542.23,8816.66,2024-01-06
13109,3015,1626,13.71,747.51,10248.36,2023-03-18
13110,1780,257,14.4,658.13,9477.07,2023-02-24
13111,129,1200,7.99,861.3,6881.79,2024-04-23
13112,3081,1815,23.8,578.1,13758.78,2024-11-30
13113,3200,3779,19.86,450.65,8949.91,2023-07-29
13114,1393,1676,19.4,846.1,16414.34,2023-10-19
13115,4623,1752,23.36,621.21,14511.47,2024-09-04
13116,3207,42,24.59,605.65,14892.93,2023-04-09
13117,86,2477,16.61,370.03,6146.2,2024-07-15
13118,188,3624,15.39,587.8,9046.24,2023-08-01
13119,3387,2536,24.52,797.53,19555.44,2023-11-08
13120,4569,4678,23.48,618.36,14519.09,2024-10-05
13121,4212,2928,18.82,748.68,14090.16,2024-09-20
13122,749,3968,12.26,913.67,11201.59,2024-03-17
13123,191,4911,20.9,822.14,17182.73,2023-07-22
13124,2398,2997,14.91,901.07,13434.95,2024-10-15
13125,2340,2868,23.99,414.47,9943.14,2024-05-17
13126,3429,3567,21.29,779.46,16594.7,2024-08-11
13127,4045,1749,21.71,502.96,10919.26,2024-12-06
13128,3609,4499,24.21,490.29,11869.92,2023-02-28
13129,2668,1072,19.88,821.83,16337.98,2024-05-28
13130,2718,3187,23.87,368.0,8784.16,2024-03-23
13131,4532,1568,11.9,942.42,11214.8,2024-03-29
13132,3682,3626,15.85,886.36,14048.81,2023-04-03
13133,4422,4117,16.87,903.42,15240.7,2023-08-31
13134,2163,2907,24.53,514.06,12609.89,2023-02-14
13135,2613,1756,17.12,591.97,10134.53,2024-05-30
13136,2650,474,5.81,444.65,2583.42,2023-06-03
13137,4675,4848,9.79,656.9,6431.05,2024-11-20
13138,4983,1355,12.8,585.97,7500.42,2023-09-29
13139,1903,2936,23.61,528.9,12487.33,2023-09-15
13140,1449,919,15.57,706.92,11006.74,2023-07-11
13141,3186,264,21.4,761.62,16298.67,2023-08-29
13142,4269,4473,15.09,388.1,5856.43,2023-02-16
13143,3438,2382,9.19,870.67,8001.46,2024-01-26
13144,4813,481,13.54,892.83,12088.92,2023-08-06
13145,2263,3765,14.54,505.73,7353.31,2024-03-16
13146,672,3491,19.69,699.7,13777.09,2023-03-25
13147,2770,363,8.73,419.48,3662.06,2023-09-01
13148,3319,2565,19.54,839.69,16407.54,2023-12-26
13149,4119,575,16.02,595.27,9536.23,2024-10-15
13150,348,2480,16.26,733.3,11923.46,2023-05-06
13151,1761,1776,11.28,711.31,8023.58,2024-01-17
13152,3286,11,7.62,676.28,5153.25,2023-04-13
13153,2586,3,21.3,659.37,14044.58,2023-01-27
13154,3948,1582,8.35,553.24,4619.55,2024-06-15
13155,256,562,5.23,944.91,4941.88,2023-07-08
13156,3815,776,22.11,836.39,18492.58,2024-07-08
13157,449,3153,6.85,574.87,3937.86,2024-10-31
13158,4978,4655,21.17,708.64,15001.91,2024-08-15
13159,3062,297,7.32,898.01,6573.43,2023-12-31
13160,4859,1824,11.72,695.35,8149.5,2024-08-13
13161,4110,3548,13.24,612.81,8113.6,2024-11-07
13162,4394,94,14.85,639.82,9501.33,2024-10-19
13163,4895,1672,11.22,918.75,10308.38,2024-12-25
13164,4576,2996,8.26,851.35,7032.15,2023-01-18
13165,831,4917,14.81,897.07,13285.61,2024-03-08
13166,1803,1701,6.67,927.7,6187.76,2023-05-24
13167,4723,2892,6.48,466.83,3025.06,2023-06-17
13168,2173,339,24.23,375.25,9092.31,2024-11-12
13169,1747,3916,6.04,945.22,5709.13,2024-11-23
13170,4064,2976,6.46,907.35,5861.48,2024-06-18
13171,3678,2089,16.11,581.21,9363.29,2024-07-07
13172,560,1486,5.14,589.66,3030.85,2024-02-29
13173,269,1881,20.78,794.39,16507.42,2023-03-02
13174,3036,602,24.89,705.15,17551.18,2024-03-15
13175,1377,903,11.36,754.26,8568.39,2023-05-01
13176,520,4441,16.09,378.84,6095.54,2023-03-25
13177,1080,1885,22.98,750.34,17242.81,2024-11-26
13178,1816,1603,17.29,715.22,12366.15,2023-03-02
13179,4162,4058,8.64,564.31,4875.64,2024-08-17
13180,3516,1235,19.41,431.39,8373.28,2023-08-15
13181,2793,4916,7.3,520.69,3801.04,2024-03-16
13182,4959,864,16.1,762.51,12276.41,2023-01-21
13183,883,4676,22.63,772.34,17478.05,2024-02-19
13184,2361,2944,22.2,379.04,8414.69,2023-02-01
13185,1155,402,11.88,403.43,4792.75,2023-08-11
13186,1004,3318,20.85,353.53,7371.1,2023-10-08
13187,4562,110,20.52,914.85,18772.72,2023-09-17
13188,3335,349,10.1,827.75,8360.27,2024-07-08
13189,4093,838,19.03,765.08,14559.47,2023-09-20
13190,1935,2238,5.76,814.65,4692.38,2024-03-11
13191,4637,2887,16.28,508.17,8273.01,2023-01-31
13192,2724,4109,21.4,356.93,7638.3,2023-02-05
13193,3742,2149,13.28,429.02,5697.39,2023-12-15
13194,1806,4476,12.97,706.47,9162.92,2023-12-23
13195,2113,1161,16.43,374.37,6150.9,2024-09-14
13196,1173,132,24.66,396.9,9787.55,2023-10-25
13197,3630,3532,17.41,622.58,10839.12,2023-07-03
13198,4372,2357,11.32,464.32,5256.1,2024-04-10
13199,702,4920,13.12,584.32,7666.28,2023-12-20
13200,2341,4059,8.91,407.44,3630.29,2023-05-23
13201,1012,3846,15.49,728.01,11276.87,2023-10-28
13202,4250,2623,18.45,575.19,10612.26,2024-08-19
13203,3174,1061,23.13,430.85,9965.56,2024-09-15
13204,695,991,21.13,924.39,19532.36,2024-02-04
13205,4425,3269,12.74,811.24,10335.2,2024-03-21
13206,4889,4277,5.16,463.78,2393.1,2023-05-11
13207,4493,4871,10.4,914.74,9513.3,2024-10-08
13208,3958,377,24.96,755.07,18846.55,2023-05-08
13209,4077,4023,12.92,577.09,7456.0,2024-12-01
13210,2982,4074,10.91,444.88,4853.64,2023-05-16
13211,1209,2641,9.13,780.08,7122.13,2023-06-01
13212,2787,1241,10.47,926.61,9701.61,2023-12-16
13213,278,6,21.56,584.17,12594.71,2024-06-17
13214,2531,4917,11.42,852.15,9731.55,2024-02-04
13215,885,2966,22.57,621.57,14028.83,2023-02-27
13216,2949,1866,11.79,440.12,5189.01,2023-12-05
13217,976,4220,8.98,402.59,3615.26,2023-10-06
13218,2699,1884,12.43,598.23,7436.0,2023-10-23
13219,1040,1013,18.28,495.32,9054.45,2023-01-07
13220,4741,2219,17.09,879.91,15037.66,2023-09-22
13221,893,2271,22.78,485.73,11064.93,2024-12-16
13222,254,4410,17.81,395.06,7036.02,2024-05-12
13223,1613,3815,15.24,509.14,7759.29,2024-05-08
13224,2489,370,16.83,676.39,11383.64,2023-06-02
13225,4350,1207,6.93,418.85,2902.63,2023-08-22
13226,4636,4236,6.85,645.25,4419.96,2023-03-24
13227,350,4644,15.04,741.89,11158.03,2024-01-28
13228,3346,2817,8.01,536.44,4296.88,2024-04-19
13229,3566,1779,15.39,719.93,11079.72,2024-11-26
13230,3700,2313,11.65,652.36,7599.99,2023-12-22
13231,2462,4115,22.34,600.21,13408.69,2024-06-19
13232,4047,1222,24.01,436.22,10473.64,2023-11-19
13233,1051,2638,11.22,798.71,8961.53,2023-07-27
13234,3817,4313,11.54,390.57,4507.18,2024-11-26
13235,207,2713,16.14,461.94,7455.71,2023-02-17
13236,2995,1888,24.7,501.06,12376.18,2024-07-21
13237,3865,1302,19.72,462.01,9110.84,2023-01-08
13238,3874,3565,24.74,614.83,15210.89,2024-01-24
13239,4361,1053,23.3,775.15,18060.99,2024-07-07
13240,2630,4101,15.92,647.09,10301.67,2024-04-02
13241,456,3872,6.58,749.08,4928.95,2023-11-17
13242,1763,3196,9.15,760.41,6957.75,2024-07-22
13243,3043,1117,12.2,463.75,5657.75,2024-02-10
13244,283,3939,7.57,744.0,5632.08,2023-10-30
13245,2105,2158,19.24,914.34,17591.9,2023-08-14
13246,125,3176,5.08,841.42,4274.41,2023-03-25
13247,1167,4841,10.55,521.69,5503.83,2024-09-03
13248,3780,2555,12.64,533.53,6743.82,2023-10-05
13249,4876,3923,23.63,478.12,11297.98,2023-04-10
13250,2969,1858,21.22,760.12,16129.75,2023-08-21
13251,4757,3694,21.37,882.3,18854.75,2023-06-18
13252,3829,234,17.44,855.2,14914.69,2023-04-05
13253,1688,2479,5.5,377.42,2075.81,2023-08-20
13254,4066,2985,10.89,709.85,7730.27,2024-12-29
13255,4519,3387,15.85,563.57,8932.58,2024-10-03
13256,4150,757,6.38,668.41,4264.46,2024-05-02
13257,1072,948,15.23,382.21,5821.06,2024-01-11
13258,4973,2091,16.45,442.07,7272.05,2023-08-11
13259,1799,4219,14.13,936.58,13233.88,2023-05-11
13260,369,1726,14.82,523.08,7752.05,2023-08-08
13261,1877,4933,7.35,450.43,3310.66,2023-11-26
13262,3597,113,10.28,374.57,3850.58,2023-10-24
13263,2558,4304,14.01,761.46,10668.05,2023-08-12
13264,2537,3767,20.95,683.35,14316.18,2024-04-27
13265,53,3761,19.46,647.82,12606.58,2023-01-19
13266,2894,3295,9.42,581.0,5473.02,2023-01-13
13267,3094,1141,5.07,930.19,4716.06,2023-06-15
13268,1267,985,22.1,679.77,15022.92,2023-07-05
13269,1041,991,20.75,737.01,15292.96,2024-08-17
13270,4125,3403,21.58,477.52,10304.88,2024-07-04
13271,2143,3608,8.3,683.36,5671.89,2023-05-17
13272,1766,4905,13.53,774.99,10485.61,2023-07-30
13273,2453,2951,8.95,356.66,3192.11,2024-10-21
13274,4669,1361,16.72,853.12,14264.17,2024-11-09
13275,3285,3253,20.21,890.08,17988.52,2023-02-03
13276,1898,775,22.75,675.85,15375.59,2023-07-06
13277,2168,1685,9.05,742.06,6715.64,2023-12-15
13278,4738,4608,15.42,786.2,12123.2,2023-04-04
13279,2534,3548,7.25,662.51,4803.2,2023-12-26
13280,1486,970,6.96,930.12,6473.64,2023-01-30
13281,3832,4566,22.46,799.62,17959.47,2024-11-29
13282,156,2515,6.77,804.29,5445.04,2024-07-26
13283,3083,2068,19.21,912.78,17534.5,2024-10-02
13284,3366,2770,23.99,406.91,9761.77,2024-08-16
13285,4526,3050,11.99,566.86,6796.65,2024-08-09
13286,2022,4094,23.64,450.15,10641.55,2024-08-10
13287,1709,3360,20.09,902.84,18138.06,2023-07-18
13288,4721,4068,23.19,586.33,13596.99,2023-07-01
13289,4258,4034,14.78,626.73,9263.07,2024-05-02
13290,2957,4580,14.76,690.77,10195.77,2024-03-11
13291,2529,732,6.44,850.07,5474.45,2024-05-12
13292,4791,2835,10.14,707.37,7172.73,2023-08-14
13293,193,4487,20.49,947.53,19414.89,2024-10-30
13294,3542,4026,15.89,528.67,8400.57,2023-05-14
13295,107,4015,8.84,714.68,6317.77,2024-02-20
13296,272,770,7.3,869.53,6347.57,2023-03-18
13297,2739,2523,6.64,715.87,4753.38,2024-06-22
13298,1503,1629,24.34,534.69,13014.35,2024-02-27
13299,1281,612,24.44,649.63,15876.96,2023-09-25
13300,713,21,24.86,712.23,17706.04,2024-06-21
13301,3150,2049,24.02,408.35,9808.57,2024-04-16
13302,4939,4676,19.08,361.13,6890.36,2023-04-02
13303,1837,4345,11.85,893.44,10587.26,2024-11-08
13304,4689,3121,23.44,578.85,13568.24,2024-04-17
13305,1487,300,18.33,582.26,10672.83,2024-08-21
13306,1485,1587,18.51,420.9,7790.86,2024-04-14
13307,1421,469,8.62,533.33,4597.3,2024-01-08
13308,4636,3595,15.18,582.17,8837.34,2023-06-12
13309,3842,849,22.92,896.7,20552.36,2024-11-11
13310,2965,3637,21.89,737.36,16140.81,2024-09-24
13311,4006,3825,8.91,810.93,7225.39,2023-01-08
13312,2526,786,7.37,758.77,5592.13,2024-04-22
13313,1499,3390,18.52,473.36,8766.63,2023-01-05
13314,4162,2788,21.34,701.74,14975.13,2024-02-21
13315,4509,3442,15.17,762.72,11570.46,2023-03-06
13316,2811,4956,5.7,803.71,4581.15,2024-04-30
13317,3101,3923,9.01,558.06,5028.12,2024-08-28
13318,1594,3365,10.87,477.52,5190.64,2023-10-08
13319,1379,3135,10.43,647.71,6755.62,2023-07-25
13320,4037,3476,8.01,587.37,4704.83,2023-12-26
13321,2162,2743,16.89,835.09,14104.67,2024-06-14
13322,3155,2125,13.89,794.85,11040.47,2024-08-20
13323,642,2858,17.66,933.47,16485.08,2023-12-29
13324,1955,2254,21.84,835.49,18247.1,2024-03-29
13325,296,1063,23.14,868.12,20088.3,2023-09-17
13326,3627,4057,5.47,568.73,3110.95,2023-06-23
13327,2236,4295,17.01,353.34,6010.31,2024-09-17
13328,2120,2727,12.97,877.1,11375.99,2023-01-28
13329,2863,2291,9.74,832.84,8111.86,2024-07-21
13330,3949,4301,22.34,369.52,8255.08,2023-01-08
13331,1628,4372,12.49,669.26,8359.06,2024-01-16
13332,1529,4974,23.5,698.21,16407.94,2023-05-04
13333,2482,4300,9.95,710.5,7069.47,2023-02-13
13334,240,3889,18.93,516.02,9768.26,2023-08-15
13335,2252,716,14.17,383.22,5430.23,2023-12-27
13336,1790,1448,5.03,877.95,4416.09,2024-12-24
13337,847,376,10.15,367.59,3731.04,2023-05-25
13338,4367,3703,13.15,659.92,8677.95,2024-10-08
13339,2387,3233,16.63,473.59,7875.8,2024-04-23
13340,3229,3538,10.62,606.22,6438.06,2023-02-08
13341,1119,3979,9.95,860.46,8561.58,2023-07-21
13342,3888,2167,21.44,692.23,14841.41,2023-04-25
13343,440,4716,11.71,437.98,5128.75,2023-10-18
13344,728,174,21.36,391.89,8370.77,2023-07-03
13345,3957,4369,17.57,611.73,10748.1,2023-04-23
13346,942,3210,18.64,707.79,13193.21,2023-11-03
13347,3781,3898,24.54,507.42,12452.09,2024-08-02
13348,1609,1934,17.68,471.31,8332.76,2023-01-23
13349,1761,2634,13.54,508.15,6880.35,2024-04-02
13350,3876,4327,22.24,572.72,12737.29,2024-08-27
13351,2818,1503,9.21,554.84,5110.08,2024-02-24
13352,238,3306,5.63,806.32,4539.58,2024-06-24
13353,3854,496,14.41,609.63,8784.77,2024-05-07
13354,4439,981,6.7,857.68,5746.46,2023-06-13
13355,3270,778,16.99,493.49,8384.4,2023-08-12
13356,4031,3783,16.4,426.43,6993.45,2023-09-17
13357,4268,2438,12.28,736.76,9047.41,2024-11-19
13358,1697,2036,7.05,791.85,5582.54,2024-05-25
13359,74,2740,13.22,650.33,8597.36,2024-12-11
13360,4009,4742,15.1,937.53,14156.7,2023-03-09
13361,3314,2977,20.17,726.78,14659.15,2023-05-02
13362,2190,335,22.73,841.2,19120.48,2024-05-22
13363,1680,4407,5.72,623.04,3563.79,2024-11-28
13364,2203,4197,17.91,614.82,11011.43,2023-07-20
13365,4240,2878,21.11,486.8,10276.35,2024-04-18
13366,2692,2333,9.26,907.82,8406.41,2024-12-07
13367,2149,1060,18.57,870.79,16170.57,2024-05-05
13368,82,1550,8.69,384.65,3342.61,2023-05-01
13369,4146,2006,22.34,682.45,15245.93,2024-11-10
13370,2100,2013,20.72,832.15,17242.15,2023-03-26
13371,2668,4118,13.56,796.52,10800.81,2023-10-01
13372,342,4513,23.96,946.31,22673.59,2024-07-29
13373,4814,1767,18.18,890.6,16191.11,2023-01-25
13374,276,3778,9.0,461.71,4155.39,2024-10-03
13375,2804,1266,22.75,611.43,13910.03,2024-03-09
13376,1018,2963,17.39,818.74,14237.89,2023-06-12
13377,310,1068,9.13,897.25,8191.89,2024-09-13
13378,3295,3122,23.95,745.04,17843.71,2023-07-20
13379,1353,2015,9.38,925.64,8682.5,2024-01-02
13380,2169,27,21.99,589.73,12968.16,2023-09-08
13381,4860,962,5.59,708.35,3959.68,2023-12-28
13382,493,1475,10.5,826.91,8682.56,2024-11-30
13383,211,963,14.26,904.63,12900.02,2023-05-30
13384,2927,1762,22.33,726.77,16228.77,2023-04-06
13385,36,181,16.17,902.83,14598.76,2023-10-27
13386,4356,1148,7.56,397.03,3001.55,2024-12-17
13387,3150,4237,5.78,948.03,5479.61,2023-05-10
13388,4329,1020,21.15,383.28,8106.37,2024-12-10
13389,459,2840,5.65,492.51,2782.68,2023-11-01
13390,1782,4229,15.61,775.29,12102.28,2024-01-03
13391,4916,3663,13.87,844.73,11716.41,2023-07-29
13392,1232,2220,16.74,665.26,11136.45,2023-12-04
13393,4312,860,17.76,546.45,9704.95,2024-01-19
13394,3982,1191,22.16,671.47,14879.78,2024-11-25
13395,1132,3577,8.76,659.13,5773.98,2023-10-09
13396,807,4133,22.04,702.13,15474.95,2023-12-18
13397,3826,3431,8.69,567.4,4930.71,2024-06-24
13398,650,2757,20.67,746.83,15436.98,2023-12-13
13399,4205,1016,16.83,496.21,8351.21,2024-08-11
13400,2690,2485,13.46,786.03,10579.96,2023-09-26
13401,847,2774,19.83,622.09,12336.04,2023-01-16
13402,4199,4542,21.49,807.32,17349.31,2023-10-16
13403,2666,250,16.7,419.08,6998.64,2024-06-06
13404,2361,3336,16.44,742.64,12209.0,2024-12-29
13405,2724,220,10.81,492.4,5322.84,2024-03-30
13406,2959,2840,23.66,597.78,14143.47,2023-12-27
13407,1724,3017,17.03,829.95,14134.05,2023-12-07
13408,508,4160,15.17,396.68,6017.64,2024-12-29
13409,3594,2702,7.68,441.53,3390.95,2023-11-04
13410,4069,4040,13.94,851.82,11874.37,2023-10-06
13411,3031,2326,12.44,874.33,10876.67,2024-12-26
13412,3665,1216,7.35,480.1,3528.74,2023-10-23
13413,2035,3953,19.73,837.34,16520.72,2024-09-02
13414,4043,509,14.4,373.12,5372.93,2024-12-28
13415,2984,4914,10.7,548.56,5869.59,2023-10-19
13416,3409,3784,15.95,536.32,8554.3,2023-09-29
13417,865,3575,23.44,857.27,20094.41,2024-03-12
13418,2793,3456,7.65,756.65,5788.37,2024-11-05
13419,2703,2983,21.91,420.45,9212.06,2024-08-23
13420,1383,3690,9.42,890.98,8393.03,2024-03-17
13421,171,3077,13.94,724.44,10098.69,2023-11-05
13422,1254,4021,7.48,442.92,3313.04,2023-06-01
13423,1617,515,18.59,588.38,10937.98,2023-10-17
13424,1655,2264,21.34,919.06,19612.74,2023-04-16
13425,405,458,14.93,907.33,13546.44,2023-12-14
13426,4553,1972,10.66,568.72,6062.56,2023-10-24
13427,2755,2979,12.06,723.49,8725.29,2024-03-21
13428,3474,4574,21.03,924.93,19451.28,2024-11-10
13429,3963,3397,9.29,573.81,5330.69,2024-02-29
13430,2918,64,15.18,686.29,10417.88,2023-11-05
13431,751,246,24.77,796.29,19724.1,2024-05-29
13432,2407,1646,13.35,780.52,10419.94,2023-03-23
13433,2701,3863,14.47,572.33,8281.62,2024-07-26
13434,4744,3743,11.42,445.21,5084.3,2024-08-20
13435,3144,379,9.63,584.58,5629.51,2024-09-22
13436,562,3443,18.63,495.54,9231.91,2023-02-06
13437,4241,4147,15.47,923.4,14285.0,2024-07-13
13438,721,274,12.01,757.53,9097.94,2024-01-13
13439,1614,4893,12.44,807.48,10045.05,2023-03-22
13440,1677,1419,6.86,571.65,3921.52,2023-02-14
13441,271,1556,8.24,521.02,4293.2,2024-12-03
13442,1779,4675,18.56,492.42,9139.32,2024-03-19
13443,1516,20,9.86,702.46,6926.26,2024-11-12
13444,4592,3667,18.38,491.72,9037.81,2024-06-15
13445,515,4585,8.39,742.93,6233.18,2024-06-29
13446,2322,3685,17.3,666.93,11537.89,2024-06-16
13447,3710,3542,6.99,803.55,5616.81,2024-02-18
13448,1107,65,9.97,879.18,8765.42,2024-07-10
13449,760,1521,9.65,657.5,6344.88,2023-10-29
13450,3564,2393,8.73,809.55,7067.37,2024-05-07
13451,3384,2515,10.56,786.76,8308.19,2023-10-09
13452,4578,1591,21.96,504.59,11080.8,2024-12-01
13453,4910,3557,20.3,806.98,16381.69,2024-02-21
13454,2681,4246,9.79,706.33,6914.97,2023-04-06
13455,3635,2477,18.66,679.8,12685.07,2023-10-07
13456,3180,4313,17.19,451.26,7757.16,2024-04-01
13457,2108,3146,18.28,533.57,9753.66,2024-09-16
13458,2744,2043,9.34,825.9,7713.91,2023-04-05
13459,3582,3305,21.21,548.17,11626.69,2023-11-15
13460,2287,84,18.07,467.59,8449.35,2023-06-06
13461,4779,92,17.53,825.34,14468.21,2024-07-22
13462,2198,4827,23.77,833.12,19803.26,2024-02-02
13463,4255,524,12.81,750.6,9615.19,2023-05-05
13464,1140,4724,18.23,672.66,12262.59,2023-05-30
13465,1118,2182,9.86,813.27,8018.84,2024-01-28
13466,430,1856,16.2,432.42,7005.2,2024-04-23
13467,4572,2211,9.16,641.58,5876.87,2023-02-24
13468,527,1670,24.62,755.29,18595.24,2024-06-11
13469,4267,2677,13.27,901.95,11968.88,2024-05-22
13470,2175,2701,15.03,380.87,5724.48,2023-12-02
13471,2667,3682,16.68,761.89,12708.33,2024-11-09
13472,3047,3772,12.99,841.67,10933.29,2024-05-29
13473,444,2889,12.71,756.2,9611.3,2023-12-12
13474,3241,3924,6.34,790.86,5014.05,2024-10-29
13475,4929,2163,13.49,733.49,9894.78,2023-08-08
13476,1357,3825,24.36,899.29,21906.7,2023-02-07
13477,3559,2910,12.35,414.42,5118.09,2023-07-17
13478,1455,347,22.66,829.78,18802.81,2023-03-04
13479,4179,3534,10.84,402.67,4364.94,2024-03-29
13480,3021,1125,10.0,779.22,7792.2,2023-02-21
13481,4706,760,9.99,399.69,3992.9,2024-08-08
13482,178,2788,24.42,558.56,13640.04,2024-02-23
13483,1834,2594,12.48,410.77,5126.41,2024-07-14
13484,2156,1537,11.39,676.05,7700.21,2023-07-10
13485,4102,3898,21.66,775.74,16802.53,2024-03-09
13486,1526,4014,13.22,947.06,12520.13,2024-11-18
13487,2287,1056,16.82,780.0,13119.6,2023-08-01
13488,3295,333,9.09,407.47,3703.9,2024-06-01
13489,4023,355,17.31,396.45,6862.55,2023-02-09
13490,668,4332,12.27,426.15,5228.86,2023-10-01
13491,2421,4755,11.99,890.11,10672.42,2024-02-21
13492,2735,1088,12.24,709.16,8680.12,2024-04-29
13493,3517,784,5.38,458.11,2464.63,2023-04-26
13494,4128,1588,21.04,479.34,10085.31,2023-02-15
13495,3965,3926,11.24,870.41,9783.41,2024-01-11
13496,630,89,7.47,374.09,2794.45,2024-09-01
13497,1147,891,20.02,888.27,17783.17,2024-02-16
13498,2779,1648,16.0,623.46,9975.36,2024-04-15
13499,1960,1270,7.2,949.01,6832.87,2023-02-14
13500,1035,3633,10.67,399.61,4263.84,2023-10-16
13501,3390,3482,9.98,402.19,4013.86,2024-02-26
13502,1438,1816,12.03,863.54,10388.39,2023-07-26
13503,2915,2784,13.03,892.6,11630.58,2024-06-06
13504,2053,3717,5.44,807.7,4393.89,2023-11-30
13505,3743,1138,11.64,439.87,5120.09,2023-02-25
13506,3876,471,18.49,593.11,10966.6,2023-05-28
13507,64,64,14.09,538.45,7586.76,2023-12-31
13508,3577,4505,23.07,857.28,19777.45,2024-05-14
13509,2615,3788,5.83,697.43,4066.02,2023-03-19
13510,682,4281,20.45,932.88,19077.4,2023-04-04
13511,4906,1660,21.99,622.18,13681.74,2023-07-04
13512,1538,4706,24.44,568.99,13906.12,2023-08-24
13513,137,3036,20.2,901.43,18208.89,2023-10-07
13514,2619,671,15.59,790.45,12323.12,2024-03-04
13515,3624,4766,11.62,840.62,9768.0,2023-10-31
13516,4326,1862,8.77,866.41,7598.42,2023-02-02
13517,2172,3378,7.96,455.98,3629.6,2024-06-25
13518,2711,905,20.68,726.85,15031.26,2024-08-10
13519,2496,564,5.49,782.45,4295.65,2024-10-30
13520,2497,4460,23.12,543.8,12572.66,2024-05-31
13521,409,4971,5.66,539.64,3054.36,2023-08-15
13522,2991,2031,8.81,584.81,5152.18,2023-08-18
13523,1951,54,24.61,471.85,11612.23,2023-11-20
13524,2480,1586,14.64,813.35,11907.44,2024-04-21
13525,4733,4426,19.01,381.76,7257.26,2023-10-16
13526,2159,1912,7.39,812.64,6005.41,2024-04-06
13527,1202,786,23.58,369.8,8719.88,2024-04-18
13528,2209,3612,5.21,929.99,4845.25,2023-03-04
13529,1390,4521,7.23,460.36,3328.4,2024-11-27
13530,1739,4632,21.69,484.38,10506.2,2024-04-26
13531,4417,3065,6.85,735.17,5035.91,2024-01-25
13532,4958,3641,15.58,622.41,9697.15,2024-01-19
13533,4044,1940,5.74,712.58,4090.21,2024-12-06
13534,567,469,20.48,493.39,10104.63,2024-12-03
13535,4831,688,11.94,567.85,6780.13,2024-01-23
13536,2027,604,17.13,678.92,11629.9,2024-05-14
13537,3079,2356,16.78,947.02,15891.0,2024-10-21
13538,2112,2458,14.99,661.48,9915.59,2023-02-14
13539,2425,2908,12.71,772.52,9818.73,2023-06-02
13540,1660,3020,24.58,550.43,13529.57,2024-04-23
13541,3131,3021,5.43,648.48,3521.25,2023-01-07
13542,102,3842,16.53,585.17,9672.86,2024-07-04
13543,1206,1494,22.61,542.2,12259.14,2024-04-05
13544,1312,3365,7.21,746.98,5385.73,2023-01-27
13545,3138,532,20.2,936.92,18925.78,2023-05-05
13546,164,963,16.22,657.52,10664.97,2023-01-28
13547,1805,3572,24.8,881.69,21865.91,2023-01-04
13548,2281,4684,16.75,390.8,6545.9,2023-01-04
13549,3829,402,21.29,390.35,8310.55,2023-02-20
13550,4093,3328,22.45,946.8,21255.66,2024-11-13
13551,4292,3784,8.36,364.47,3046.97,2024-04-21
13552,408,694,21.47,860.68,18478.8,2023-10-12
13553,3160,4150,18.42,628.49,11576.79,2023-05-13
13554,4614,2752,22.62,410.33,9281.66,2024-03-13
13555,4915,3287,17.95,813.74,14606.63,2023-11-10
13556,3684,1658,13.68,928.48,12701.61,2024-10-12
13557,3198,4612,11.36,706.78,8029.02,2024-12-03
13558,1371,1224,7.24,705.71,5109.34,2023-02-07
13559,985,1677,12.08,839.57,10142.01,2024-01-13
13560,4661,3765,13.03,863.29,11248.67,2023-10-17
13561,4996,1432,19.61,819.46,16069.61,2023-12-27
13562,868,3477,5.9,647.59,3820.78,2024-04-23
13563,4301,3409,19.94,877.57,17498.75,2024-10-16
13564,989,4514,14.46,567.86,8211.26,2023-05-14
13565,4069,2148,19.62,644.04,12636.06,2024-06-05
13566,4089,3696,13.99,938.23,13125.84,2024-09-13
13567,2729,4507,9.78,867.99,8488.94,2023-11-11
13568,3168,4952,9.32,491.12,4577.24,2024-08-15
13569,1454,2873,16.81,801.04,13465.48,2023-05-29
13570,1640,505,20.46,855.41,17501.69,2024-12-14
13571,4735,1009,12.6,502.5,6331.5,2023-06-02
13572,4730,730,12.63,644.54,8140.54,2024-08-05
13573,1550,1728,13.4,701.16,9395.54,2024-01-14
13574,626,2010,9.78,372.54,3643.44,2024-07-22
13575,2630,3223,14.57,480.05,6994.33,2024-06-27
13576,3912,3064,7.65,828.71,6339.63,2023-08-26
13577,1458,3470,9.71,855.86,8310.4,2024-12-07
13578,2268,4497,8.43,431.45,3637.12,2024-05-17
13579,932,1527,10.07,652.51,6570.78,2024-07-25
13580,4828,1614,8.15,704.53,5741.92,2023-10-25
13581,1891,4675,19.92,423.33,8432.73,2023-06-19
13582,1811,678,21.01,432.47,9086.19,2024-03-27
13583,2750,67,17.9,656.41,11749.74,2023-09-08
13584,3600,3060,16.35,516.14,8438.89,2024-10-21
13585,3952,4055,17.97,539.76,9699.49,2024-05-09
13586,3758,2463,20.62,687.53,14176.87,2023-07-28
13587,2468,1735,6.48,425.32,2756.07,2023-11-06
13588,2029,4120,17.81,473.84,8439.09,2024-12-13
13589,4055,2882,6.53,763.96,4988.66,2023-02-02
13590,3764,1294,22.14,434.43,9618.28,2023-02-21
13591,1541,3118,17.38,659.34,11459.33,2024-08-28
13592,2887,3422,19.04,573.9,10927.06,2023-07-10
13593,1635,4724,22.64,503.95,11409.43,2023-04-13
13594,3774,40,13.14,576.54,7575.74,2024-06-17
13595,3275,4691,15.74,544.71,8573.74,2023-10-06
13596,2234,2180,9.56,903.64,8638.8,2023-04-19
13597,129,2457,6.21,780.11,4844.48,2023-05-30
13598,4858,3883,22.16,817.71,18120.45,2023-09-24
13599,4789,1231,17.44,559.28,9753.84,2023-04-28
13600,4298,582,23.42,350.84,8216.67,2024-06-01
13601,3406,931,15.91,734.22,11681.44,2023-08-08
13602,4803,2011,24.19,807.6,19535.84,2024-01-14
13603,1722,4331,13.97,921.95,12879.64,2023-11-11
13604,636,826,20.93,882.64,18473.66,2023-04-02
13605,1546,2455,11.5,649.69,7471.44,2024-04-14
13606,758,3376,12.39,381.93,4732.11,2023-10-21
13607,1322,3149,21.83,877.27,19150.8,2023-07-11
13608,2649,2326,11.04,914.48,10095.86,2024-03-02
13609,1458,1012,24.78,351.95,8721.32,2023-08-25
13610,3190,1390,11.83,500.4,5919.73,2023-05-28
13611,33,4016,18.27,691.77,12638.64,2023-03-27
13612,2418,1877,20.01,497.67,9958.38,2023-10-10
13613,2790,2124,12.7,897.84,11402.57,2024-04-28
13614,415,3418,18.7,782.45,14631.82,2023-02-21
13615,4676,4305,20.92,499.9,10457.91,2023-03-20
13616,2929,888,6.03,696.85,4202.01,2024-02-05
13617,2128,700,8.8,430.08,3784.7,2023-07-01
13618,2385,875,5.01,452.27,2265.87,2024-05-14
13619,4216,341,11.76,390.43,4591.46,2024-09-13
13620,704,4332,11.75,501.86,5896.86,2023-12-10
13621,1615,3562,10.4,465.05,4836.52,2024-02-06
13622,1151,4243,12.19,832.17,10144.15,2023-12-15
13623,552,2694,24.61,708.37,17432.99,2024-03-17
13624,4522,955,18.93,877.56,16612.21,2024-03-25
13625,3058,3879,17.94,409.34,7343.56,2024-07-15
13626,2697,1456,8.41,385.73,3243.99,2023-11-08
13627,4792,952,16.85,452.11,7618.05,2024-10-20
13628,1311,4673,18.71,740.25,13850.08,2024-08-19
13629,925,2378,23.21,512.2,11888.16,2023-04-23
13630,1773,4205,10.68,800.65,8550.94,2024-01-06
13631,4729,4761,18.87,588.06,11096.69,2023-07-14
13632,1380,3377,16.61,520.71,8648.99,2023-11-26
13633,1330,251,8.08,893.46,7219.16,2023-04-21
13634,1247,424,14.0,884.02,12376.28,2024-09-26
13635,2517,3571,23.04,737.96,17002.6,2024-09-25
13636,4265,3204,24.59,658.09,16182.43,2024-02-17
13637,608,4444,12.28,528.38,6488.51,2023-05-31
13638,4915,1021,14.27,913.7,13038.5,2023-09-11
13639,2679,4970,18.24,624.24,11386.14,2023-04-15
13640,2238,4725,23.26,537.3,12497.6,2023-05-07
13641,1568,1225,24.92,930.0,23175.6,2023-04-27
13642,780,806,16.19,365.26,5913.56,2023-07-15
13643,1126,1784,6.23,538.79,3356.66,2023-04-15
13644,4372,1400,12.19,847.29,10328.47,2023-08-30
13645,102,1028,10.8,675.89,7299.61,2023-06-01
13646,2063,3233,22.63,876.04,19824.79,2023-06-28
13647,670,1989,23.85,635.97,15167.88,2023-06-11
13648,2023,2074,5.2,433.66,2255.03,2023-06-12
13649,323,3672,9.83,604.35,5940.76,2024-04-30
13650,1103,1622,12.7,536.56,6814.31,2024-10-29
13651,4834,4385,24.86,910.19,22627.32,2024-05-20
13652,3495,3237,17.8,895.96,15948.09,2024-04-26
13653,4090,3988,11.05,932.8,10307.44,2023-05-18
13654,2770,1463,6.5,619.29,4025.38,2023-10-27
13655,1976,1792,21.86,381.06,8329.97,2024-12-16
13656,599,153,5.72,824.83,4718.03,2024-12-05
13657,4902,4040,18.46,832.34,15365.0,2023-05-29
13658,1127,2824,10.67,627.17,6691.9,2023-10-11
13659,531,3579,8.66,557.81,4830.63,2024-11-13
13660,1699,4863,24.78,705.57,17484.02,2023-07-02
13661,1917,4759,14.71,856.4,12597.64,2024-07-18
13662,4552,848,11.38,461.17,5248.11,2024-07-18
13663,4724,1563,8.39,906.74,7607.55,2024-01-26
13664,1364,3764,17.96,932.15,16741.41,2024-07-16
13665,3917,326,18.02,659.58,11885.63,2023-10-08
13666,2886,3741,8.61,875.84,7540.98,2024-10-28
13667,4933,3009,9.62,662.64,6374.6,2024-08-15
13668,3493,4740,9.71,842.37,8179.41,2024-08-30
13669,1567,2612,8.74,398.52,3483.06,2023-09-13
13670,468,2836,11.25,630.55,7093.69,2023-01-08
13671,28,4061,21.3,940.04,20022.85,2024-05-05
13672,4519,2438,12.5,783.93,9799.12,2024-08-02
13673,3273,1621,10.65,696.72,7420.07,2023-12-21
13674,3397,1027,14.12,652.74,9216.69,2023-03-14
13675,2666,4742,9.75,910.62,8878.55,2024-01-03
13676,2108,4526,6.46,818.69,5288.74,2023-10-14
13677,1404,1335,19.8,516.74,10231.45,2024-01-15
13678,1607,1548,16.65,551.99,9190.63,2024-12-25
13679,552,2876,5.69,546.44,3109.24,2023-10-29
13680,2904,899,6.93,598.08,4144.69,2024-12-21
13681,4888,3365,23.48,409.7,9619.76,2024-05-24
13682,1888,3514,11.17,414.35,4628.29,2023-08-23
13683,4960,81,13.04,563.29,7345.3,2023-12-10
13684,4025,1945,19.68,501.09,9861.45,2024-05-23
13685,1153,1944,22.66,893.37,20243.76,2023-09-25
13686,3989,4116,7.69,869.7,6687.99,2024-04-22
13687,1628,1414,22.37,924.67,20684.87,2023-08-10
13688,1147,4227,17.67,677.0,11962.59,2023-03-24
13689,4312,4672,13.83,882.11,12199.58,2023-08-24
13690,3631,2623,12.07,866.43,10457.81,2023-05-23
13691,1321,3615,24.08,422.0,10161.76,2023-11-21
13692,4080,1782,23.96,603.87,14468.73,2023-03-14
13693,1687,1955,6.75,713.8,4818.15,2023-04-18
13694,4128,3300,22.95,947.79,21751.78,2023-06-15
13695,3539,2739,24.48,382.3,9358.7,2024-08-18
13696,216,220,22.77,754.0,17168.58,2023-08-29
13697,4174,154,21.28,669.53,14247.6,2023-09-07
13698,3050,760,19.1,528.7,10098.17,2024-11-24
13699,555,4103,5.75,376.72,2166.14,2023-06-06
13700,195,4457,11.09,773.85,8582.0,2023-03-31
13701,2145,3463,13.95,430.83,6010.08,2023-03-06
13702,4366,3651,13.49,680.09,9174.41,2024-10-18
13703,527,2307,20.85,464.94,9694.0,2024-08-04
13704,89,1718,17.13,636.95,10910.95,2024-11-11
13705,1538,2551,7.57,362.36,2743.07,2024-11-11
13706,1679,2514,14.91,477.83,7124.45,2023-11-09
13707,2960,544,7.59,376.03,2854.07,2023-02-16
13708,3237,16,21.1,526.54,11109.99,2023-03-09
13709,1633,1000,5.24,525.38,2752.99,2023-08-29
13710,3730,4680,11.72,550.37,6450.34,2023-11-07
13711,1203,1048,7.66,782.45,5993.57,2024-11-26
13712,3468,3804,9.64,926.06,8927.22,2023-05-14
13713,629,4283,18.14,643.47,11672.55,2024-09-06
13714,4769,4541,22.82,685.58,15644.94,2024-05-23
13715,3719,4024,19.31,893.73,17257.93,2024-03-09
13716,3040,521,14.52,612.77,8897.42,2023-08-11
13717,627,1056,15.0,628.83,9432.45,2023-08-07
13718,4701,1829,17.13,400.41,6859.02,2024-09-21
13719,1317,342,14.13,731.52,10336.38,2023-10-12
13720,2253,2960,15.13,484.89,7336.39,2023-04-30
13721,4107,3358,16.74,541.45,9063.87,2024-06-06
13722,3738,1830,21.17,400.7,8482.82,2023-10-15
13723,251,4085,7.27,683.31,4967.66,2024-08-15
13724,329,2032,18.15,817.32,14834.36,2024-10-03
13725,3969,2614,17.67,414.17,7318.38,2024-06-06
13726,4660,869,11.63,465.62,5415.16,2024-07-06
13727,3206,1149,17.75,493.06,8751.82,2023-02-03
13728,2505,4923,12.23,517.36,6327.31,2023-07-15
13729,3671,665,20.34,700.12,14240.44,2024-11-21
13730,3364,1867,16.27,501.0,8151.27,2024-06-12
13731,3737,70,11.28,602.29,6793.83,2023-05-24
13732,612,2910,24.54,793.33,19468.32,2023-07-21
13733,1523,452,14.17,744.04,10543.05,2024-12-04
13734,2853,2758,22.91,565.42,12953.77,2023-08-13
13735,296,3688,18.48,510.19,9428.31,2024-06-12
13736,3736,3834,19.16,756.52,14494.92,2024-12-16
13737,4408,4816,24.35,874.72,21299.43,2023-06-18
13738,1110,868,17.89,888.49,15895.09,2023-02-02
13739,1146,75,19.81,623.32,12347.97,2023-10-11
13740,2543,4051,5.43,803.66,4363.87,2023-03-11
13741,2418,3298,24.74,819.37,20271.21,2023-04-19
13742,4029,4403,18.76,570.24,10697.7,2024-12-10
13743,777,189,5.31,916.15,4864.76,2024-12-11
13744,3350,3961,24.71,681.17,16831.71,2023-03-25
13745,2240,1221,15.44,504.27,7785.93,2024-03-19
13746,4077,486,7.52,525.41,3951.08,2024-12-13
13747,3851,674,10.18,679.17,6913.95,2023-04-28
13748,4114,3795,21.1,937.8,19787.58,2024-04-22
13749,1287,2674,20.57,488.56,10049.68,2024-04-19
13750,2407,1837,20.53,765.76,15721.05,2023-01-30
13751,3082,3467,14.27,430.76,6146.95,2024-06-26
13752,3956,2101,16.33,718.14,11727.23,2024-09-07
13753,1752,468,21.23,757.59,16083.64,2023-09-25
13754,829,3802,20.96,486.55,10198.09,2024-03-28
13755,4098,4833,17.49,877.01,15338.9,2024-08-10
13756,4700,1318,7.85,592.37,4650.1,2023-10-18
13757,4321,993,14.34,519.51,7449.77,2023-04-18
13758,485,764,23.58,758.05,17874.82,2024-06-07
13759,2008,1114,13.52,936.56,12662.29,2023-09-11
13760,2927,3105,6.67,508.57,3392.16,2024-01-16
13761,1361,3799,6.94,822.28,5706.62,2024-01-12
13762,3889,466,16.89,888.52,15007.1,2023-01-23
13763,3771,2219,9.91,495.22,4907.63,2023-07-22
13764,3124,3843,19.58,442.73,8668.65,2023-10-31
13765,2709,1721,5.57,837.51,4664.93,2024-01-25
13766,1269,1684,7.76,404.85,3141.64,2023-05-07
13767,895,545,6.46,551.93,3565.47,2023-04-27
13768,222,1127,16.84,902.09,15191.2,2023-01-29
13769,2031,3294,12.58,643.28,8092.46,2024-10-27
13770,271,2954,16.66,381.65,6358.29,2023-05-12
13771,2534,2170,8.53,936.66,7989.71,2023-06-17
13772,3586,2002,17.93,604.3,10835.1,2024-01-10
13773,1115,2589,21.33,686.32,14639.21,2024-03-10
13774,891,2562,7.4,849.51,6286.37,2024-11-15
13775,2549,2213,20.29,692.53,14051.43,2023-05-26
13776,4375,2255,13.26,771.07,10224.39,2023-12-04
13777,2595,4386,11.29,613.15,6922.46,2023-06-07
13778,3021,492,13.03,426.35,5555.34,2024-06-30
13779,4756,2548,7.13,860.91,6138.29,2023-02-02
13780,1597,2846,8.66,464.9,4026.03,2024-07-22
13781,2850,4188,12.41,487.99,6055.96,2023-02-27
13782,2731,1405,18.87,919.4,17349.08,2024-06-04
13783,4062,2590,15.36,551.64,8473.19,2023-02-16
13784,4166,722,22.46,779.64,17510.71,2024-08-22
13785,3696,1736,18.72,885.04,16567.95,2024-01-05
13786,2415,1078,10.18,823.96,8387.91,2024-01-02
13787,3878,4034,8.62,772.25,6656.79,2024-05-15
13788,2241,4633,14.65,521.16,7634.99,2024-02-04
13789,278,2508,10.29,702.38,7227.49,2024-03-13
13790,3562,72,10.65,381.72,4065.32,2024-01-31
13791,1112,3197,16.37,874.27,14311.8,2023-11-01
13792,3748,2984,15.93,425.54,6778.85,2024-01-09
13793,4864,1867,21.05,648.1,13642.51,2024-07-29
13794,2378,3112,12.03,740.95,8913.63,2023-01-22
13795,182,2083,16.66,433.83,7227.61,2023-01-25
13796,2075,2902,14.36,865.82,12433.18,2023-07-22
13797,3557,496,17.06,376.11,6416.44,2024-08-10
13798,1824,1158,21.68,718.7,15581.42,2024-10-09
13799,3608,4618,19.86,631.24,12536.43,2023-05-27
13800,854,3907,12.94,431.65,5585.55,2023-10-31
13801,466,1783,9.03,761.38,6875.26,2023-05-15
13802,1894,4789,12.43,739.45,9191.36,2023-11-01
13803,4166,4352,9.93,730.77,7256.55,2023-09-22
13804,3768,4562,23.95,912.7,21859.17,2024-08-09
13805,1989,3502,12.15,761.41,9251.13,2023-04-03
13806,2168,4669,20.73,649.63,13466.83,2024-02-29
13807,2510,4953,19.52,551.67,10768.6,2024-12-16
13808,2901,3739,19.97,562.61,11235.32,2024-06-03
13809,1582,895,22.52,453.98,10223.63,2024-05-19
13810,1178,3600,19.19,522.74,10031.38,2023-04-20
13811,1189,2293,15.58,429.63,6693.64,2023-01-25
13812,1710,3229,8.23,709.82,5841.82,2024-11-12
13813,839,3782,23.28,635.48,14793.97,2024-02-23
13814,250,2268,23.36,512.37,11968.96,2023-02-11
13815,2756,3004,10.56,903.81,9544.23,2023-04-12
13816,1896,4135,6.62,681.46,4511.27,2023-03-23
13817,2869,54,24.14,928.89,22423.4,2023-05-20
13818,4358,4941,19.15,832.79,15947.93,2023-06-15
13819,2392,2774,5.76,814.97,4694.23,2024-08-24
13820,4309,1105,12.13,825.88,10017.92,2024-03-28
13821,4018,3945,20.6,889.95,18332.97,2023-10-07
13822,2608,2171,8.65,724.97,6270.99,2023-08-11
13823,3743,1586,23.21,487.54,11315.8,2023-05-17
13824,1770,4981,19.31,662.02,12783.61,2024-03-04
13825,654,2824,20.39,697.08,14213.46,2023-05-03
13826,12,4012,5.82,432.77,2518.72,2024-03-27
13827,1587,2060,20.13,390.63,7863.38,2024-12-14
13828,4664,3135,15.44,923.85,14264.24,2023-12-18
13829,2959,2921,9.33,648.03,6046.12,2024-05-02
13830,2918,1487,9.97,931.76,9289.65,2023-01-05
13831,537,4556,16.21,685.66,11114.55,2024-04-09
13832,4656,2961,9.44,749.16,7072.07,2023-02-22
13833,1909,3827,14.53,475.76,6912.79,2024-04-05
13834,864,1067,22.0,892.74,19640.28,2024-09-18
13835,2255,702,14.53,465.66,6766.04,2023-11-15
13836,1310,3719,15.34,381.0,5844.54,2024-11-16
13837,220,4305,23.25,573.87,13342.48,2023-06-02
13838,3,4977,13.24,779.71,10323.36,2023-03-02
13839,4594,3913,14.44,453.69,6551.28,2023-03-29
13840,994,4280,22.43,916.26,20551.71,2024-08-21
13841,2845,1475,21.91,935.29,20492.2,2023-09-09
13842,2649,4672,16.92,735.91,12451.6,2024-02-28
13843,1718,618,20.45,428.84,8769.78,2023-12-02
13844,4228,3806,21.21,894.16,18965.13,2023-12-26
13845,243,1620,7.3,566.47,4135.23,2023-06-21
13846,4513,4308,8.93,841.43,7513.97,2024-07-05
13847,25,4957,6.13,610.37,3741.57,2023-10-17
13848,97,1387,23.78,628.91,14955.48,2023-10-14
13849,197,386,7.44,482.62,3590.69,2024-03-30
13850,4044,2864,15.26,677.76,10342.62,2024-06-12
13851,2791,4434,19.01,640.76,12180.85,2023-12-13
13852,2776,4711,23.99,352.93,8466.79,2023-04-10
13853,3586,1442,11.07,375.86,4160.77,2023-09-12
13854,3223,1049,12.82,723.21,9271.55,2024-04-01
13855,2779,856,8.56,607.55,5200.63,2024-07-07
13856,1101,323,23.23,522.82,12145.11,2023-11-12
13857,4534,2216,20.86,901.31,18801.33,2024-11-09
13858,2124,3288,11.48,377.59,4334.73,2023-05-30
13859,2137,1585,7.12,876.05,6237.48,2023-10-30
13860,4703,2348,17.1,470.71,8049.14,2023-04-20
13861,3094,3680,13.51,877.29,11852.19,2023-09-20
13862,4586,3437,24.37,614.97,14986.82,2024-07-31
13863,2949,4366,15.21,850.37,12934.13,2023-11-19
13864,705,448,13.93,722.36,10062.47,2024-02-09
13865,3750,1239,17.91,912.34,16340.01,2024-03-15
13866,3667,1935,10.79,404.99,4369.84,2024-10-30
13867,2598,1775,16.58,672.79,11154.86,2024-04-10
13868,1312,2284,14.45,393.49,5685.93,2024-08-11
13869,3533,2179,9.26,856.11,7927.58,2023-12-31
13870,1207,2120,18.52,708.58,13122.9,2023-09-10
13871,120,2216,24.73,613.12,15162.46,2024-03-26
13872,4827,1646,5.05,373.57,1886.53,2024-02-03
13873,3663,3058,11.89,831.08,9881.54,2024-02-08
13874,3540,4830,20.73,457.06,9474.85,2023-05-23
13875,1807,1303,20.14,850.21,17123.23,2024-04-25
13876,4066,966,24.06,928.34,22335.86,2023-05-25
13877,1513,593,12.28,884.62,10863.13,2023-06-08
13878,4527,2797,22.05,352.92,7781.89,2024-04-13
13879,2859,4809,18.19,867.51,15780.01,2023-04-28
13880,2499,1488,12.35,435.12,5373.73,2023-12-15
13881,57,4755,20.51,578.39,11862.78,2024-07-06
13882,2734,4024,20.69,862.44,17843.88,2024-07-04
13883,379,1684,9.26,742.02,6871.11,2023-02-01
13884,600,2015,9.04,896.02,8100.02,2024-10-14
13885,1025,4820,13.11,742.54,9734.7,2024-06-11
13886,4392,2187,11.46,789.37,9046.18,2024-09-23
13887,3636,3615,22.8,711.24,16216.27,2023-01-29
13888,3492,361,19.73,830.76,16390.89,2023-01-26
13889,814,2278,14.97,913.18,13670.3,2023-09-03
13890,417,2276,9.95,617.08,6139.95,2024-08-28
13891,4000,2531,6.59,870.61,5737.32,2023-10-18
13892,676,3126,8.94,685.89,6131.86,2023-09-02
13893,3578,1528,15.07,771.52,11626.81,2023-03-23
13894,4013,2467,23.13,885.22,20475.14,2023-01-07
13895,3070,4110,19.78,502.98,9948.94,2024-03-23
13896,2380,4418,13.58,664.11,9018.61,2024-05-26
13897,4007,4145,11.15,514.43,5735.89,2024-01-06
13898,2054,892,22.65,726.66,16458.85,2024-09-10
13899,3427,1698,15.06,632.08,9519.12,2024-12-26
13900,674,1320,10.16,693.17,7042.61,2023-05-20
13901,4795,4294,9.1,481.28,4379.65,2023-06-13
13902,196,118,7.45,687.91,5124.93,2024-04-17
13903,1136,56,18.97,423.75,8038.54,2023-10-24
13904,2119,2877,19.37,918.85,17798.12,2024-03-05
13905,583,2977,14.07,827.04,11636.45,2024-11-13
13906,3807,3112,10.32,790.45,8157.44,2024-02-04
13907,4490,4826,5.14,539.39,2772.46,2023-08-25
13908,3293,2541,16.53,885.17,14631.86,2024-01-15
13909,3688,3273,13.8,590.4,8147.52,2024-01-17
13910,3153,3284,21.33,781.75,16674.73,2023-09-15
13911,4606,2891,14.61,586.43,8567.74,2023-05-09
13912,2802,1145,5.17,752.73,3891.61,2024-08-23
13913,2627,1516,13.72,547.72,7514.72,2023-03-14
13914,4696,4402,14.82,387.21,5738.45,2024-06-15
13915,4574,4107,14.9,430.62,6416.24,2024-05-14
13916,2451,2260,24.92,630.81,15719.79,2023-05-26
13917,4539,2964,8.33,608.67,5070.22,2024-12-09
13918,1395,4874,5.81,884.25,5137.49,2024-07-03
13919,4311,3538,14.35,757.66,10872.42,2024-12-03
13920,3924,1145,10.51,387.02,4067.58,2023-11-09
13921,1657,4786,13.3,926.06,12316.6,2023-02-08
13922,719,2105,9.92,830.06,8234.2,2023-09-11
13923,1556,4643,6.11,403.38,2464.65,2023-09-02
13924,648,889,9.84,361.89,3561.0,2023-04-25
13925,176,3281,21.02,654.99,13767.89,2023-12-29
13926,2811,4285,10.03,669.07,6710.77,2024-05-25
13927,2372,2913,11.4,430.06,4902.68,2023-06-07
13928,613,2265,16.39,412.61,6762.68,2023-07-17
13929,2073,2839,13.24,624.48,8268.12,2024-04-10
13930,2600,597,19.15,663.97,12715.03,2024-04-08
13931,1637,4110,24.15,877.82,21199.35,2024-04-12
13932,1979,2689,19.25,403.4,7765.45,2023-12-24
13933,3540,2028,24.38,923.14,22506.15,2024-11-03
13934,4446,4712,24.74,834.73,20651.22,2023-12-30
13935,3583,2051,19.21,796.73,15305.18,2023-03-11
13936,1154,2679,14.28,670.33,9572.31,2024-11-29
13937,1005,4916,12.74,377.55,4809.99,2024-09-21
13938,3541,1057,20.0,945.91,18918.2,2023-09-28
13939,2512,3855,22.21,910.56,20223.54,2024-03-07
13940,1606,3223,19.07,450.87,8598.09,2024-12-01
13941,3536,4303,23.72,520.37,12343.18,2024-01-06
13942,4833,3749,21.73,641.15,13932.19,2023-07-15
13943,4967,399,13.68,688.75,9422.1,2023-04-03
13944,4051,632,21.25,352.35,7487.44,2024-09-13
13945,2563,1043,20.18,757.81,15292.61,2023-01-10
13946,3721,1302,8.76,923.06,8086.01,2023-04-14
13947,2993,617,23.3,424.52,9891.32,2024-08-08
13948,2883,3136,5.83,514.41,2999.01,2023-06-25
13949,2218,3417,21.53,839.31,18070.34,2024-12-06
13950,3201,2758,8.66,371.39,3216.24,2024-03-11
13951,1932,4929,13.16,729.3,9597.59,2023-08-06
13952,4276,1276,24.71,561.68,13879.11,2023-10-22
13953,1051,2647,8.77,428.89,3761.37,2023-09-04
13954,2266,119,18.47,404.81,7476.84,2023-08-29
13955,2568,4877,6.07,646.71,3925.53,2024-06-23
13956,2242,1308,21.76,389.33,8471.82,2023-03-04
13957,2438,1554,7.82,519.85,4065.23,2023-12-21
13958,119,4918,5.99,518.01,3102.88,2023-08-06
13959,1509,4223,19.75,498.05,9836.49,2023-02-25
13960,4629,4982,22.1,733.79,16216.76,2024-04-21
13961,33,2477,5.49,509.0,2794.41,2023-07-27
13962,99,3835,6.72,894.38,6010.23,2024-05-10
13963,1931,2692,6.92,684.36,4735.77,2024-12-20
13964,1059,4006,18.79,913.22,17159.4,2024-05-01
13965,3574,2905,17.59,482.37,8484.89,2023-12-18
13966,3585,1043,10.15,588.7,5975.31,2024-03-30
13967,2766,2626,12.14,918.21,11147.07,2023-11-14
13968,3836,798,16.15,414.04,6686.75,2023-07-04
13969,867,2782,23.18,593.77,13763.59,2024-11-30
13970,4728,1045,9.94,480.29,4774.08,2024-09-13
13971,418,1138,10.33,627.6,6483.11,2023-03-12
13972,805,1702,11.91,910.24,10840.96,2023-09-18
13973,2045,4665,21.61,483.55,10449.52,2023-02-21
13974,4421,2708,13.73,633.53,8698.37,2024-05-31
13975,3658,3877,8.62,522.81,4506.62,2023-07-13
13976,4629,573,9.3,880.74,8190.88,2023-05-15
13977,356,1811,17.06,712.2,12150.13,2024-04-05
13978,899,1213,23.38,763.19,17843.38,2024-03-28
13979,2971,2581,11.93,495.45,5910.72,2024-04-18
13980,2358,1481,18.36,402.52,7390.27,2023-03-28
13981,1532,1453,20.8,403.74,8397.79,2023-02-04
13982,2665,4900,21.66,773.72,16758.78,2023-04-01
13983,2060,1554,5.92,780.28,4619.26,2024-02-08
13984,2188,2377,10.02,479.35,4803.09,2023-09-15
13985,4616,3428,9.21,446.22,4109.69,2024-08-25
13986,62,462,6.86,438.41,3007.49,2024-04-19
13987,3617,3261,17.59,449.09,7899.49,2024-05-27
13988,4167,385,9.78,444.33,4345.55,2024-10-04
13989,3654,4468,15.15,879.5,13324.43,2023-11-24
13990,4929,1789,18.37,413.85,7602.42,2023-07-12
13991,324,117,15.81,573.28,9063.56,2023-02-14
13992,3466,1735,16.76,889.71,14911.54,2024-10-11
13993,3475,3899,24.51,555.26,13609.42,2024-04-01
13994,3029,4519,22.69,520.21,11803.56,2024-02-28
13995,2532,3789,7.41,449.42,3330.2,2024-10-31
13996,3451,1775,5.56,523.58,2911.1,2023-08-14
13997,3102,2898,8.68,522.23,4532.96,2024-10-26
13998,3385,4329,20.78,806.43,16757.62,2023-10-19
13999,2738,2431,23.77,812.73,19318.59,2024-02-25
14000,3814,2561,19.7,549.74,10829.88,2024-05-21
14001,557,4217,9.08,933.72,8478.18,2024-01-11
14002,4094,3244,7.16,787.45,5638.14,2024-08-05
14003,4640,2957,18.49,565.39,10454.06,2024-08-16
14004,104,343,13.17,823.44,10844.7,2024-10-17
14005,1874,1794,23.43,901.03,21111.13,2024-04-03
14006,4665,3238,19.88,442.07,8788.35,2023-10-06
14007,724,72,15.32,732.46,11221.29,2024-07-31
14008,1048,2672,8.2,932.46,7646.17,2023-04-05
14009,3932,4816,19.65,553.11,10868.61,2024-10-11
14010,3713,1069,12.37,782.21,9675.94,2023-08-24
14011,2237,575,14.69,597.93,8783.59,2023-10-19
14012,1754,471,7.88,607.79,4789.39,2023-07-09
14013,4466,635,17.38,633.12,11003.63,2023-08-14
14014,4837,4584,20.8,443.15,9217.52,2023-05-27
14015,1641,2964,7.44,721.96,5371.38,2024-10-15
14016,1559,4966,20.14,536.84,10811.96,2023-06-06
14017,270,713,8.32,732.78,6096.73,2024-11-20
14018,4652,3229,18.34,911.17,16710.86,2023-05-17
14019,3544,4847,16.14,365.35,5896.75,2023-12-03
14020,4471,3833,8.96,382.66,3428.63,2024-07-05
14021,2409,4087,23.68,745.54,17654.39,2024-02-17
14022,413,3591,14.16,724.22,10254.96,2024-06-01
14023,3531,3213,8.12,532.07,4320.41,2024-01-22
14024,1819,3535,17.15,762.7,13080.31,2024-12-01
14025,4630,2534,21.39,758.0,16213.62,2023-08-04
14026,2917,135,15.36,653.34,10035.3,2024-06-26
14027,2738,3500,11.54,697.57,8049.96,2023-06-19
14028,3089,3116,16.42,825.65,13557.17,2024-08-02
14029,1170,2683,20.02,437.81,8764.96,2024-04-03
14030,2008,2492,19.69,445.3,8767.96,2024-02-27
14031,4963,1357,23.44,842.02,19736.95,2024-04-29
14032,2216,3830,24.22,786.59,19051.21,2023-07-01
14033,1974,2076,8.85,753.18,6665.64,2024-10-15
14034,3527,3410,10.03,876.68,8793.1,2024-02-12
14035,2444,4912,7.11,562.06,3996.25,2024-01-31
14036,3101,4205,6.74,378.92,2553.92,2024-02-10
14037,3164,4260,8.38,838.25,7024.54,2024-12-13
14038,1388,2227,15.44,632.53,9766.26,2023-09-14
14039,156,2014,17.08,940.99,16072.11,2024-11-27
14040,2951,684,23.7,805.54,19091.3,2024-06-16
14041,2655,3417,24.14,722.95,17452.01,2023-03-30
14042,386,4600,9.59,529.82,5080.97,2024-07-07
14043,832,4461,9.56,743.46,7107.48,2023-09-11
14044,4746,1562,15.89,422.78,6717.97,2023-10-02
14045,1108,1667,14.38,701.37,10085.7,2024-05-20
14046,2030,4997,24.31,711.48,17296.08,2024-07-18
14047,1293,1311,21.14,404.64,8554.09,2023-01-29
14048,4106,3007,6.54,479.04,3132.92,2023-07-04
14049,1970,4751,5.62,726.31,4081.86,2023-04-12
14050,1597,1986,12.28,479.75,5891.33,2024-02-09
14051,546,2385,17.74,761.44,13507.95,2023-01-05
14052,1376,3974,16.87,456.46,7700.48,2023-02-16
14053,4873,3494,8.67,423.32,3670.18,2024-05-10
14054,1499,2849,8.75,850.25,7439.69,2024-09-10
14055,2007,801,5.36,858.9,4603.7,2024-11-10
14056,2624,3268,20.47,641.57,13132.94,2024-08-12
14057,47,862,18.95,358.24,6788.65,2024-11-02
14058,649,3793,16.64,948.61,15784.87,2024-01-21
14059,1742,1427,22.38,855.74,19151.46,2023-10-29
14060,2107,1792,22.0,667.76,14690.72,2024-06-06
14061,3054,596,23.19,638.58,14808.67,2023-11-17
14062,3567,945,10.69,645.69,6902.43,2023-04-27
14063,4526,3705,14.3,725.81,10379.08,2023-01-12
14064,1527,272,7.67,434.38,3331.69,2023-09-18
14065,4258,80,6.06,723.95,4387.14,2024-07-12
14066,4653,935,23.66,471.26,11150.01,2023-07-03
14067,3117,104,21.75,450.64,9801.42,2023-01-26
14068,1759,1458,12.49,710.18,8870.15,2023-09-29
14069,1138,2870,18.96,677.83,12851.66,2023-07-11
14070,2957,1209,19.23,580.63,11165.51,2024-11-02
14071,724,1805,22.38,880.43,19704.02,2023-04-25
14072,2838,2377,6.97,630.39,4393.82,2023-06-19
14073,1763,1372,15.58,893.21,13916.21,2024-01-31
14074,684,3285,14.88,365.94,5445.19,2024-04-01
14075,3548,3837,15.11,417.76,6312.35,2024-07-03
14076,4898,58,13.23,431.42,5707.69,2023-07-03
14077,4155,3253,11.4,549.86,6268.4,2023-09-20
14078,1916,129,20.08,609.39,12236.55,2023-06-24
14079,2449,686,8.42,718.88,6052.97,2024-05-09
14080,2769,1710,18.72,908.64,17009.74,2024-10-18
14081,98,2958,22.14,519.75,11507.26,2023-07-22
14082,609,497,6.55,663.14,4343.57,2024-11-11
14083,2620,22,11.85,618.42,7328.28,2024-06-24
14084,4488,2386,10.19,541.95,5522.47,2024-02-27
14085,1907,4068,23.58,617.95,14571.26,2024-05-31
14086,4032,406,10.01,621.25,6218.71,2023-01-08
14087,195,3683,16.18,785.65,12711.82,2024-02-07
14088,331,2784,10.45,526.47,5501.61,2024-06-06
14089,64,690,9.65,546.6,5274.69,2024-05-24
14090,3724,4874,23.06,615.12,14184.67,2024-03-29
14091,4494,1536,9.85,785.05,7732.74,2024-08-01
14092,4483,1936,5.52,858.05,4736.44,2023-05-14
14093,1292,518,5.22,414.76,2165.05,2023-07-17
14094,1602,3141,10.11,606.31,6129.79,2024-06-30
14095,4887,324,5.62,881.48,4953.92,2024-01-08
14096,3287,2579,5.59,531.71,2972.26,2023-03-07
14097,2238,3889,6.32,631.44,3990.7,2023-03-21
14098,3219,2225,19.38,626.53,12142.15,2024-07-07
14099,3604,4643,12.03,837.2,10071.52,2024-03-22
14100,1600,734,23.25,683.69,15895.79,2023-06-17
14101,2086,459,22.88,821.26,18790.43,2024-04-03
14102,2523,2440,19.77,712.5,14086.12,2024-07-10
14103,4444,4270,18.69,914.02,17083.03,2023-05-04
14104,818,2248,16.55,898.35,14867.69,2023-12-10
14105,3295,3808,18.97,649.91,12328.79,2024-03-25
14106,2772,1059,13.32,392.74,5231.3,2023-10-02
14107,790,3965,16.29,792.68,12912.76,2023-02-09
14108,3686,3459,16.36,824.09,13482.11,2023-11-10
14109,3959,3824,11.62,909.19,10564.79,2023-02-11
14110,1685,4548,7.58,441.54,3346.87,2023-01-05
14111,1885,2502,10.03,941.11,9439.33,2024-04-07
14112,3772,1114,15.1,447.3,6754.23,2023-11-27
14113,486,2895,22.24,787.12,17505.55,2024-10-13
14114,4360,2194,16.76,763.83,12801.79,2024-06-20
14115,1932,2956,16.28,634.58,10330.96,2024-12-26
14116,3757,1405,15.04,454.79,6840.04,2024-09-26
14117,1761,2781,17.15,919.77,15774.06,2024-12-18
14118,131,1339,14.45,760.68,10991.83,2024-12-17
14119,1989,4714,23.02,368.01,8471.59,2024-05-30
14120,4968,4330,13.02,604.21,7866.81,2023-11-12
14121,2343,2184,20.32,521.71,10601.15,2023-05-19
14122,4565,1905,18.55,499.08,9257.93,2023-11-23
14123,2842,1073,19.46,585.74,11398.5,2024-12-28
14124,4530,3411,9.79,396.46,3881.34,2024-11-08
14125,1275,3878,14.08,449.61,6330.51,2023-09-12
14126,1850,1923,11.67,938.37,10950.78,2023-11-16
14127,1295,464,22.9,913.45,20918.01,2023-04-17
14128,2214,485,13.22,466.66,6169.25,2023-04-30
14129,753,3068,10.24,876.52,8975.56,2024-02-12
14130,2813,1451,18.79,503.26,9456.26,2024-03-01
14131,4327,4560,9.24,452.8,4183.87,2024-03-05
14132,2986,3764,8.64,480.29,4149.71,2023-02-02
14133,2975,961,10.67,509.81,5439.67,2024-10-30
14134,2380,1207,23.87,472.03,11267.36,2023-03-28
14135,2173,4718,6.55,630.31,4128.53,2023-09-29
14136,3917,2367,10.86,690.58,7499.7,2023-06-20
14137,4541,4354,20.31,398.63,8096.18,2023-11-03
14138,2460,3102,8.59,725.28,6230.16,2023-09-01
14139,612,1323,15.11,889.54,13440.95,2024-10-01
14140,3342,2238,7.22,937.22,6766.73,2024-05-17
14141,2062,3174,17.83,454.18,8098.03,2023-10-23
14142,4106,3623,8.56,707.74,6058.25,2023-06-27
14143,2648,1757,10.06,787.06,7917.82,2024-10-29
14144,4062,3070,23.15,720.99,16690.92,2024-10-22
14145,1965,18,16.4,420.95,6903.58,2023-03-04
14146,2139,3020,14.29,835.71,11942.3,2024-10-28
14147,2278,3934,6.51,667.42,4344.9,2024-08-05
14148,1922,400,8.55,762.42,6518.69,2023-12-14
14149,4569,1406,24.16,837.66,20237.87,2023-09-24
14150,625,211,11.49,467.94,5376.63,2024-05-30
14151,2457,1955,6.84,500.6,3424.1,2024-05-04
14152,3146,1377,15.7,758.33,11905.78,2023-11-12
14153,582,2201,9.11,378.47,3447.86,2024-10-09
14154,4837,3189,13.32,605.46,8064.73,2023-04-27
14155,4874,3386,19.51,576.57,11248.88,2023-09-06
14156,4974,840,20.0,897.88,17957.6,2023-05-31
14157,4251,4023,20.98,827.48,17360.53,2024-09-04
14158,3161,2771,24.12,727.3,17542.48,2023-01-10
14159,2182,3587,13.49,859.7,11597.35,2023-03-27
14160,881,1350,12.0,355.39,4264.68,2023-11-23
14161,1565,667,5.04,786.29,3962.9,2024-03-01
14162,432,1534,5.88,895.86,5267.66,2024-05-07
14163,4433,3405,8.3,907.01,7528.18,2024-06-07
14164,925,1415,24.24,733.32,17775.68,2023-03-03
14165,2165,4490,16.08,883.14,14200.89,2023-10-30
14166,3786,3237,7.82,372.01,2909.12,2024-01-25
14167,3709,4140,17.36,838.65,14558.96,2023-09-25
14168,553,2343,8.28,908.86,7525.36,2023-03-28
14169,2109,3214,10.57,511.81,5409.83,2023-01-15
14170,4001,1390,17.83,483.7,8624.37,2023-09-10
14171,3467,555,19.11,669.96,12802.94,2023-12-29
14172,2639,4907,16.58,451.79,7490.68,2024-12-26
14173,2652,3855,22.34,513.96,11481.87,2024-12-15
14174,4013,4988,13.74,887.23,12190.54,2024-05-30
14175,2786,2576,8.41,487.77,4102.15,2024-05-25
14176,4922,4380,14.56,631.54,9195.22,2023-08-02
14177,3843,2555,12.8,610.73,7817.34,2024-10-02
14178,1790,4959,6.99,571.38,3993.95,2023-10-07
14179,2593,37,19.6,671.29,13157.28,2023-10-15
14180,457,1937,21.35,487.93,10417.31,2023-12-16
14181,209,1093,24.46,610.19,14925.25,2024-06-27
14182,3358,3139,12.11,680.92,8245.94,2024-03-11
14183,3434,1733,19.33,862.76,16677.15,2024-01-01
14184,3218,141,11.15,630.8,7033.42,2024-05-12
14185,1405,714,11.53,399.13,4601.97,2023-02-28
14186,3191,1354,6.77,524.58,3551.41,2024-11-10
14187,2341,851,7.74,536.48,4152.36,2024-06-23
14188,2273,2829,5.47,821.03,4491.03,2024-08-19
14189,4969,1919,10.87,651.03,7076.7,2023-11-26
14190,1291,2265,13.11,494.24,6479.49,2024-10-18
14191,4840,2711,9.88,813.73,8039.65,2023-02-08
14192,3419,2970,21.46,783.64,16816.91,2023-11-27
14193,2065,4589,14.17,484.11,6859.84,2023-12-28
14194,2706,623,19.55,799.95,15639.02,2023-06-24
14195,4513,2380,8.41,548.57,4613.47,2024-03-05
14196,421,675,14.16,705.55,9990.59,2024-11-06
14197,1392,1293,14.84,544.77,8084.39,2024-05-06
14198,1435,2243,16.78,730.72,12261.48,2024-07-30
14199,3508,2685,18.71,858.5,16062.53,2023-06-15
14200,4067,2088,9.18,724.5,6650.91,2024-11-25
14201,4619,433,22.47,920.13,20675.32,2023-05-26
14202,4236,2781,6.2,484.44,3003.53,2023-10-03
14203,4590,2149,5.76,350.55,2019.17,2023-04-02
14204,1056,2318,11.85,778.7,9227.6,2023-05-27
14205,3849,2623,13.3,793.88,10558.6,2023-08-15
14206,567,1653,21.74,676.01,14696.46,2024-11-22
14207,3073,2029,23.83,872.45,20790.48,2023-12-08
14208,577,2559,8.22,520.59,4279.25,2023-05-14
14209,179,2222,19.46,798.7,15542.7,2023-03-02
14210,3260,2016,15.22,434.44,6612.18,2023-07-29
14211,565,4319,10.27,594.57,6106.23,2024-09-05
14212,3677,1180,14.96,647.62,9688.4,2024-06-17
14213,2862,4942,8.59,579.44,4977.39,2023-07-13
14214,337,2350,18.18,764.93,13906.43,2023-04-15
14215,3941,697,19.24,717.78,13810.09,2024-01-29
14216,1896,501,5.97,497.13,2967.87,2024-05-31
14217,712,4335,21.3,525.13,11185.27,2024-10-27
14218,3522,445,11.03,601.78,6637.63,2024-11-11
14219,4956,1632,8.61,359.54,3095.64,2023-03-31
14220,4427,396,9.45,896.36,8470.6,2023-06-12
14221,4755,1969,18.68,390.09,7286.88,2024-03-01
14222,3385,4086,14.71,935.86,13766.5,2024-04-13
14223,3409,2803,20.66,622.95,12870.15,2024-04-12
14224,2448,2711,12.55,564.25,7081.34,2024-09-24
14225,4131,908,22.71,474.82,10783.16,2024-09-20
14226,2049,1656,11.62,866.52,10068.96,2024-01-02
14227,884,414,20.43,783.15,15999.75,2023-05-24
14228,2582,3044,12.64,472.59,5973.54,2023-07-30
14229,1109,1575,9.7,379.59,3682.02,2024-12-08
14230,674,1686,9.99,741.68,7409.38,2024-01-09
14231,2551,4261,18.57,940.04,17456.54,2023-11-19
14232,3806,188,11.73,821.28,9633.61,2023-05-27
14233,1136,3462,12.53,360.42,4516.06,2023-01-15
14234,870,2621,12.71,518.86,6594.71,2024-10-09
14235,2433,2505,24.98,797.81,19929.29,2024-06-03
14236,3442,2341,14.55,444.31,6464.71,2024-07-29
14237,2089,1113,24.68,790.86,19518.42,2024-04-09
14238,4743,3716,18.95,851.17,16129.67,2023-09-13
14239,440,3579,6.09,699.88,4262.27,2024-08-03
14240,1384,2826,11.54,636.79,7348.56,2023-06-21
14241,2960,4156,18.33,444.61,8149.7,2024-09-26
14242,915,1318,9.12,627.26,5720.61,2024-01-19
14243,4348,4583,15.92,672.21,10701.58,2024-09-09
14244,4829,2459,22.88,705.04,16131.32,2024-09-09
14245,2735,4771,12.16,399.53,4858.28,2023-03-10
14246,2264,2569,19.98,770.23,15389.2,2024-02-08
14247,2446,3544,18.14,525.92,9540.19,2023-09-15
14248,4786,49,20.35,436.63,8885.42,2023-01-31
14249,1392,2484,10.16,931.12,9460.18,2023-06-09
14250,4312,3078,24.57,877.31,21555.51,2024-05-22
14251,4045,77,15.77,548.14,8644.17,2023-03-12
14252,3999,4908,15.04,631.96,9504.68,2024-12-04
14253,2468,3079,11.93,377.03,4497.97,2024-04-07
14254,1872,3470,23.78,799.17,19004.26,2024-05-16
14255,2816,365,7.87,735.01,5784.53,2023-05-12
14256,470,2537,23.15,768.61,17793.32,2024-11-13
14257,266,4058,6.53,640.13,4180.05,2023-09-05
14258,352,2034,10.4,860.37,8947.85,2023-04-19
14259,2442,104,13.27,482.94,6408.61,2024-05-14
14260,720,3157,16.75,426.5,7143.88,2023-10-02
14261,1454,3997,12.0,544.17,6530.04,2023-12-20
14262,4120,1649,10.77,457.51,4927.38,2023-05-09
14263,4014,4114,20.21,802.67,16221.96,2023-12-13
14264,428,3465,23.41,925.68,21670.17,2024-02-05
14265,2847,2938,15.42,654.85,10097.79,2024-04-24
14266,3407,3412,7.2,545.06,3924.43,2023-03-24
14267,4770,2471,22.19,598.75,13286.26,2023-02-14
14268,1958,3179,16.31,602.35,9824.33,2023-09-14
14269,4659,3036,13.15,358.49,4714.14,2023-11-18
14270,588,1795,7.39,597.99,4419.15,2023-08-01
14271,1540,1535,16.74,599.2,10030.61,2023-05-15
14272,612,4185,10.22,572.87,5854.73,2023-06-02
14273,552,4862,12.46,714.19,8898.81,2023-05-12
14274,3520,4650,6.63,437.19,2898.57,2024-04-06
14275,4572,3178,21.91,885.19,19394.51,2024-08-16
14276,3947,4679,14.72,532.5,7838.4,2024-06-03
14277,1624,699,17.55,944.24,16571.41,2024-08-08
14278,2847,1328,13.5,484.68,6543.18,2024-05-21
14279,1679,3185,17.54,505.92,8873.84,2024-08-07
14280,1479,2848,22.5,943.54,21229.65,2024-07-30
14281,1091,1926,19.64,603.17,11846.26,2023-01-05
14282,2307,3321,23.83,430.49,10258.58,2024-08-23
14283,907,3997,23.33,809.69,18890.07,2024-02-04
14284,4964,742,9.08,414.75,3765.93,2024-08-07
14285,1997,3824,21.51,867.36,18656.91,2024-11-29
14286,2973,2834,18.03,852.11,15363.54,2023-08-20
14287,1229,1424,21.25,352.66,7494.03,2023-07-17
14288,3418,3854,5.24,463.14,2426.85,2023-07-31
14289,3726,3062,17.82,561.67,10008.96,2024-02-05
14290,4981,4267,17.41,523.6,9115.88,2023-11-13
14291,2441,69,21.01,351.12,7377.03,2024-12-27
14292,1306,3841,5.71,863.09,4928.24,2023-07-28
14293,2528,4291,5.37,801.44,4303.73,2023-06-28
14294,3121,1696,19.19,532.76,10223.66,2023-11-29
14295,2798,3385,7.55,784.78,5925.09,2023-03-24
14296,1240,106,7.32,658.91,4823.22,2023-09-06
14297,3517,4774,21.7,674.03,14626.45,2023-12-04
14298,1137,550,15.11,940.98,14218.21,2024-07-29
14299,525,844,11.7,901.09,10542.75,2023-04-07
14300,644,3823,18.12,448.15,8120.48,2024-05-11
14301,1713,3206,20.9,368.01,7691.41,2024-03-10
14302,2489,3934,12.7,487.12,6186.42,2023-06-29
14303,1298,3393,15.14,740.03,11204.05,2023-12-01
14304,84,1577,16.63,517.93,8613.18,2023-07-25
14305,404,1418,24.54,644.8,15823.39,2024-11-14
14306,253,1843,18.28,516.85,9448.02,2024-05-17
14307,1622,882,12.22,557.02,6806.78,2024-11-06
14308,2810,1034,9.02,776.3,7002.23,2024-12-06
14309,3397,3700,13.96,763.2,10654.27,2023-04-11
14310,2045,447,16.64,555.38,9241.52,2024-01-14
14311,505,3737,13.06,622.86,8134.55,2023-03-10
14312,3261,2702,7.52,864.87,6503.82,2023-06-05
14313,2393,4439,10.68,862.59,9212.46,2024-09-10
14314,4911,4140,6.44,563.32,3627.78,2023-09-01
14315,33,605,15.15,889.68,13478.65,2023-12-02
14316,3619,4069,7.42,702.26,5210.77,2024-02-28
14317,3277,696,10.36,403.55,4180.78,2024-02-23
14318,2838,1128,22.14,614.28,13600.16,2024-06-04
14319,1097,3169,23.04,449.91,10365.93,2023-04-22
14320,2203,4617,21.79,743.31,16196.72,2024-11-13
14321,1074,4610,21.29,883.62,18812.27,2023-11-09
14322,2429,1555,16.24,508.12,8251.87,2024-11-18
14323,2621,3753,22.05,838.64,18492.01,2024-05-06
14324,3237,630,21.67,942.05,20414.22,2023-09-01
14325,3580,2812,23.37,671.63,15695.99,2024-10-02
14326,279,4773,11.8,816.17,9630.81,2023-04-03
14327,3280,3634,18.95,706.6,13390.07,2024-06-11
14328,4623,2987,8.75,917.65,8029.44,2024-08-28
14329,126,959,20.13,580.17,11678.82,2024-08-16
14330,3766,252,20.6,402.18,8284.91,2024-03-01
14331,2681,1883,12.66,687.15,8699.32,2024-02-24
14332,4382,341,5.69,668.63,3804.5,2024-03-24
14333,239,1831,7.72,751.36,5800.5,2024-10-11
14334,4499,821,19.24,680.35,13089.93,2023-03-10
14335,4734,3498,8.16,805.01,6568.88,2024-02-10
14336,1801,3629,22.05,607.17,13388.1,2023-06-17
14337,3636,1832,23.89,469.6,11218.74,2023-10-30
14338,3075,2963,20.49,651.97,13358.87,2024-03-06
14339,825,4746,14.66,626.0,9177.16,2024-10-06
14340,2671,4018,18.93,558.5,10572.41,2023-10-21
14341,4825,3343,21.78,857.91,18685.28,2024-05-15
14342,3204,3692,14.57,540.59,7876.4,2023-07-26
14343,2059,4891,17.02,395.54,6732.09,2023-01-06
14344,2800,2217,16.81,795.62,13374.37,2024-03-11
14345,4057,1975,22.89,742.28,16990.79,2024-11-07
14346,4118,3513,6.0,562.27,3373.62,2024-06-30
14347,2708,1740,7.49,859.9,6440.65,2023-04-07
14348,1443,3461,7.73,703.88,5440.99,2024-03-05
14349,4058,4165,7.56,513.27,3880.32,2023-02-19
14350,4225,424,18.73,688.13,12888.67,2023-11-10
14351,2408,3163,5.28,404.37,2135.07,2023-05-06
14352,3825,107,21.64,715.04,15473.47,2023-02-11
14353,456,287,5.51,899.82,4958.01,2024-04-06
14354,2624,2111,9.19,653.88,6009.16,2024-02-06
14355,1899,2532,13.82,804.97,11124.69,2024-05-23
14356,4690,1901,10.66,856.73,9132.74,2024-08-10
14357,4952,2264,17.72,369.46,6546.83,2023-04-18
14358,2605,4713,9.21,694.63,6397.54,2024-01-23
14359,1176,895,14.96,664.21,9936.58,2023-07-25
14360,1031,4437,24.18,560.09,13542.98,2024-10-14
14361,1435,2937,10.06,825.77,8307.25,2024-10-07
14362,4776,343,6.36,401.95,2556.4,2023-07-21
14363,118,4734,20.11,710.7,14292.18,2023-10-28
14364,517,1487,8.32,696.45,5794.46,2023-11-18
14365,4831,298,16.29,722.87,11775.55,2024-11-30
14366,2023,4570,9.57,812.96,7780.03,2024-07-09
14367,3836,3189,19.19,757.63,14538.92,2024-03-16
14368,1355,4290,5.73,729.65,4180.89,2024-08-14
14369,582,1655,23.76,887.76,21093.18,2023-11-14
14370,3854,4507,5.33,477.47,2544.92,2023-08-12
14371,1593,175,15.68,522.06,8185.9,2024-06-24
14372,1957,1320,7.0,467.93,3275.51,2024-12-08
14373,3668,70,20.12,748.71,15064.05,2023-07-04
14374,4177,1367,12.7,579.13,7354.95,2023-01-05
14375,2531,4582,14.44,558.95,8071.24,2023-03-23
14376,1829,864,16.02,420.33,6733.69,2023-03-21
14377,463,2795,21.25,655.61,13931.71,2024-03-24
14378,3706,4042,21.58,593.6,12809.89,2023-03-15
14379,4577,4528,16.86,942.52,15890.89,2024-09-13
14380,1866,484,7.7,370.02,2849.15,2023-06-09
14381,3637,2619,15.61,939.54,14666.22,2024-03-24
14382,1522,1952,10.4,564.51,5870.9,2024-11-26
14383,107,3098,21.72,475.53,10328.51,2024-03-24
14384,4872,1391,14.78,639.3,9448.85,2023-09-30
14385,1434,3097,20.19,633.29,12786.13,2023-11-28
14386,526,1552,11.83,878.27,10389.93,2024-02-19
14387,3905,2120,10.64,854.92,9096.35,2024-12-15
14388,2533,2592,12.27,766.63,9406.55,2023-08-23
14389,2912,3633,14.05,809.31,11370.81,2023-11-04
14390,4246,4357,24.45,528.3,12916.93,2023-05-30
14391,3435,4945,24.66,543.88,13412.08,2024-08-10
14392,4265,2993,24.34,774.32,18846.95,2023-04-17
14393,920,2578,20.24,411.82,8335.24,2024-03-19
14394,1903,4452,14.53,499.79,7261.95,2023-12-19
14395,2350,3445,6.49,625.97,4062.55,2024-05-21
14396,494,3390,24.86,739.41,18381.73,2024-06-28
14397,1658,4129,5.18,715.11,3704.27,2023-08-03
14398,1830,2124,24.85,865.69,21512.4,2024-03-20
14399,3973,2622,11.47,386.32,4431.09,2024-06-05
14400,2452,2819,24.06,380.97,9166.14,2024-01-21
14401,1693,4428,9.06,494.63,4481.35,2024-08-14
14402,2946,1134,8.01,530.39,4248.42,2023-10-13
14403,2778,632,20.39,621.24,12667.08,2023-11-21
14404,3855,4346,22.27,874.27,19469.99,2024-10-15
14405,4456,62,7.67,465.43,3569.85,2024-10-17
14406,2207,1191,9.05,449.71,4069.88,2024-04-20
14407,4304,3193,6.77,416.06,2816.73,2023-06-14
14408,3096,4752,19.31,762.81,14729.86,2024-04-18
14409,3424,1474,24.17,500.56,12098.54,2023-08-09
14410,4559,2823,17.65,364.75,6437.84,2024-10-29
14411,3637,1519,24.87,631.75,15711.62,2024-02-28
14412,1551,1007,15.53,692.48,10754.21,2024-09-17
14413,2299,740,8.1,784.34,6353.15,2024-12-30
14414,1827,1143,24.26,909.9,22074.17,2024-06-06
14415,3210,1520,20.07,350.59,7036.34,2023-12-23
14416,777,4111,9.81,697.86,6846.01,2024-01-05
14417,528,4417,10.49,570.83,5988.01,2024-09-19
14418,4341,1959,8.28,673.26,5574.59,2023-03-29
14419,1903,2844,10.23,352.16,3602.6,2024-02-16
14420,1299,4138,9.49,471.82,4477.57,2023-06-04
14421,2481,75,13.62,464.47,6326.08,2023-11-12
14422,4479,3116,24.68,697.74,17220.22,2024-01-04
14423,4127,4786,13.86,605.98,8398.88,2024-12-31
14424,1595,1211,13.73,433.57,5952.92,2024-01-11
14425,4423,3341,6.19,600.7,3718.33,2024-07-03
14426,1723,2442,11.27,525.3,5920.13,2024-03-24
14427,4292,4410,12.73,761.13,9689.18,2023-06-29
14428,2962,4460,9.22,695.97,6416.84,2024-03-25
14429,2372,3237,8.54,708.79,6053.07,2024-04-23
14430,3219,1715,23.66,748.63,17712.59,2023-03-21
14431,4540,2405,12.93,496.45,6419.1,2024-02-01
14432,3229,1248,5.84,631.45,3687.67,2024-06-10
14433,1700,3320,20.39,491.37,10019.03,2023-11-16
14434,2327,4093,17.17,659.34,11320.87,2023-10-16
14435,3549,1963,16.42,729.01,11970.34,2023-09-18
14436,284,1874,22.06,774.42,17083.71,2023-04-08
14437,803,3181,6.22,920.45,5725.2,2024-02-26
14438,1466,1178,9.7,575.21,5579.54,2024-06-20
14439,2507,593,10.48,852.25,8931.58,2023-10-25
14440,2714,3717,20.0,670.05,13401.0,2024-09-22
14441,3100,1248,23.28,862.12,20070.15,2023-06-16
14442,853,16,22.9,561.2,12851.48,2024-06-07
14443,299,3135,11.24,606.19,6813.58,2024-02-29
14444,493,1497,19.95,793.86,15837.51,2024-02-03
14445,4843,145,22.82,527.72,12042.57,2024-10-14
14446,2749,1633,7.08,507.11,3590.34,2024-06-07
14447,3111,1099,21.59,724.56,15643.25,2023-11-16
14448,3412,3186,10.55,928.64,9797.15,2024-10-03
14449,2617,3856,14.83,676.61,10034.13,2023-08-15
14450,624,3528,21.97,438.5,9633.84,2023-12-24
14451,2244,1253,6.12,456.62,2794.51,2023-08-05
14452,2839,2180,20.48,693.34,14199.6,2023-09-18
14453,625,555,21.94,358.39,7863.08,2024-10-19
14454,1406,4226,23.5,762.21,17911.94,2024-01-19
14455,210,2835,5.48,496.33,2719.89,2024-10-16
14456,3487,3554,23.6,368.26,8690.94,2024-03-31
14457,1917,1822,6.89,674.53,4647.51,2024-11-03
14458,661,2087,8.98,423.24,3800.7,2024-04-11
14459,2093,541,16.5,540.07,8911.16,2023-06-24
14460,4526,1359,16.26,829.78,13492.22,2023-10-27
14461,1283,48,20.07,697.39,13996.62,2023-07-04
14462,4497,592,15.15,752.88,11406.13,2024-01-01
14463,4170,4805,20.72,458.6,9502.19,2024-11-27
14464,3609,3216,12.08,416.4,5030.11,2024-07-14
14465,1294,3417,5.07,933.31,4731.88,2024-09-13
14466,373,2684,13.6,550.5,7486.8,2023-02-28
14467,1114,2282,14.54,486.78,7077.78,2024-09-06
14468,2420,1955,6.27,882.44,5532.9,2023-02-25
14469,1383,2994,9.94,928.53,9229.59,2023-02-16
14470,2053,4919,19.84,451.03,8948.44,2024-02-11
14471,1964,4597,21.28,823.0,17513.44,2023-08-24
14472,388,1901,15.12,519.03,7847.73,2024-05-08
14473,1725,4884,17.85,562.87,10047.23,2024-08-21
14474,4606,2920,16.84,442.62,7453.72,2024-06-21
14475,216,4283,5.38,484.86,2608.55,2024-02-25
14476,2356,4560,17.81,842.68,15008.13,2024-02-26
14477,4840,384,18.11,847.69,15351.67,2024-06-11
14478,469,2232,11.39,362.21,4125.57,2024-11-18
14479,867,2741,15.22,647.35,9852.67,2024-08-21
14480,4564,1027,5.55,538.97,2991.28,2023-08-05
14481,487,426,14.33,452.24,6480.6,2024-05-09
14482,4690,1897,10.06,504.29,5073.16,2024-08-04
14483,1023,3969,7.14,393.03,2806.23,2023-09-15
14484,1642,2099,22.08,355.93,7858.93,2024-01-01
14485,4130,2270,12.89,757.76,9767.53,2024-06-26
14486,3988,1705,12.92,754.53,9748.53,2024-05-05
14487,3100,3317,10.88,516.88,5623.65,2024-01-22
14488,1796,3226,23.91,615.49,14716.37,2024-01-23
14489,3850,2158,19.59,810.49,15877.5,2023-04-17
14490,4451,13,7.96,685.0,5452.6,2023-07-17
14491,4105,1261,13.73,706.53,9700.66,2023-12-31
14492,4371,4798,21.8,429.66,9366.59,2024-10-02
14493,4759,2024,10.64,533.68,5678.36,2024-01-09
14494,3244,4979,7.34,360.93,2649.23,2024-12-26
14495,3060,1085,11.57,934.56,10812.86,2024-12-07
14496,2373,4579,23.36,601.24,14044.97,2023-02-22
14497,3501,1609,9.34,794.34,7419.14,2024-02-14
14498,2582,1225,14.4,391.7,5640.48,2023-09-25
14499,2036,2772,21.68,682.09,14787.71,2023-09-07
14500,1284,4996,14.75,881.84,13007.14,2024-06-11
14501,94,1714,9.6,717.97,6892.51,2024-10-01
14502,4911,3004,20.26,564.74,11441.63,2023-05-19
14503,3254,343,19.81,879.48,17422.5,2024-06-18
14504,1542,1482,18.07,939.01,16967.91,2024-09-06
14505,1940,2378,21.12,852.01,17994.45,2024-12-22
14506,2081,4935,22.3,405.8,9049.34,2024-05-15
14507,2696,2231,21.72,532.75,11571.33,2024-05-16
14508,3683,3795,9.03,871.66,7871.09,2023-02-07
14509,327,4718,10.51,703.08,7389.37,2024-03-03
14510,2540,2987,14.18,390.71,5540.27,2024-02-03
14511,3927,3693,24.53,551.84,13536.64,2023-08-27
14512,257,1644,17.19,406.46,6987.05,2024-12-04
14513,1685,3289,10.02,555.87,5569.82,2024-07-08
14514,792,420,23.08,787.58,18177.35,2024-06-15
14515,898,4071,22.3,362.11,8075.05,2023-11-18
14516,1758,260,13.59,733.48,9967.99,2024-04-30
14517,853,4120,22.11,897.14,19835.77,2024-11-07
14518,3719,560,20.86,623.79,13012.26,2024-11-24
14519,4721,4819,19.38,921.73,17863.13,2023-04-14
14520,1484,1898,12.74,653.78,8329.16,2024-02-25
14521,973,263,9.94,807.92,8030.72,2023-09-28
14522,4555,3438,15.76,549.09,8653.66,2024-04-05
14523,1192,3155,23.66,416.23,9848.0,2023-12-02
14524,4500,547,21.18,766.54,16235.32,2024-07-20
14525,4808,964,24.38,854.61,20835.39,2023-06-20
14526,4375,4169,21.99,804.88,17699.31,2024-01-11
14527,4731,4772,23.24,448.76,10429.18,2023-03-07
14528,4341,2394,17.49,592.6,10364.57,2023-04-13
14529,4590,2743,19.38,558.6,10825.67,2024-01-12
14530,506,2279,8.87,777.96,6900.51,2023-08-08
14531,1016,4339,14.11,599.8,8463.18,2023-11-25
14532,4048,179,12.37,592.14,7324.77,2024-05-19
14533,2093,2092,21.43,611.12,13096.3,2024-07-14
14534,2220,2503,19.2,858.44,16482.05,2023-01-03
14535,2227,297,5.1,797.81,4068.83,2024-03-31
14536,1954,1008,12.39,377.08,4672.02,2023-02-22
14537,331,3642,19.53,537.41,10495.62,2024-09-13
14538,4294,1322,14.73,700.59,10319.69,2023-06-30
14539,2705,2503,19.66,651.98,12817.93,2023-06-07
14540,2191,2119,14.07,473.68,6664.68,2024-08-25
14541,4909,1223,19.22,695.43,13366.16,2024-01-19
14542,4888,3936,7.3,861.62,6289.83,2024-12-07
14543,2636,2260,8.9,596.63,5310.01,2024-04-01
14544,3781,4590,19.66,569.74,11201.09,2024-12-20
14545,1994,3968,24.57,750.2,18432.41,2023-03-10
14546,2643,1537,23.21,853.7,19814.38,2024-08-24
14547,4835,452,19.9,435.73,8671.03,2024-03-16
14548,987,4574,18.86,647.34,12208.83,2023-11-28
14549,876,3896,8.9,590.78,5257.94,2023-10-24
14550,2107,502,23.57,770.38,18157.86,2023-06-11
14551,483,383,12.0,922.45,11069.4,2023-10-28
14552,3351,3251,7.42,890.23,6605.51,2024-05-21
14553,5,3587,14.3,438.6,6271.98,2023-04-24
14554,4716,3840,24.81,878.81,21803.28,2023-04-16
14555,2669,76,13.78,477.79,6583.95,2024-02-25
14556,1462,3757,22.47,806.65,18125.43,2023-06-11
14557,193,2410,16.39,714.49,11710.49,2023-08-04
14558,3991,3336,15.23,727.44,11078.91,2024-04-17
14559,1376,3592,12.95,909.75,11781.26,2023-02-05
14560,2020,589,7.88,558.64,4402.08,2024-02-10
14561,4707,547,17.81,944.79,16826.71,2023-11-23
14562,2235,3953,15.21,947.37,14409.5,2023-05-10
14563,2317,3146,11.71,382.51,4479.19,2024-04-23
14564,368,1673,24.78,657.42,16290.87,2024-03-22
14565,881,2624,17.41,584.47,10175.62,2024-12-28
14566,1514,3219,20.91,560.55,11721.1,2023-03-08
14567,3861,1855,9.75,367.71,3585.17,2023-04-06
14568,455,3539,22.3,442.84,9875.33,2024-01-29
14569,2646,2347,13.78,593.57,8179.39,2024-11-02
14570,1465,2276,5.09,490.59,2497.1,2023-06-10
14571,3375,4631,17.54,741.16,12999.95,2023-10-12
14572,1366,4101,9.43,484.2,4566.01,2024-03-20
14573,99,2996,23.27,629.82,14655.91,2024-07-21
14574,4255,263,22.79,493.86,11255.07,2023-12-07
14575,1832,3098,14.06,462.07,6496.7,2024-03-30
14576,4589,3153,22.15,804.32,17815.69,2023-10-31
14577,1093,3349,12.14,849.3,10310.5,2023-04-23
14578,92,2850,11.31,368.1,4163.21,2024-11-12
14579,2984,1282,12.31,648.64,7984.76,2024-09-29
14580,3265,4355,23.93,371.67,8894.06,2024-05-19
14581,759,1038,22.79,510.16,11626.55,2023-07-15
14582,4773,4475,11.87,754.18,8952.12,2024-08-26
14583,2605,4599,13.68,454.0,6210.72,2024-02-11
14584,2020,2570,16.93,874.55,14806.13,2024-03-17
14585,1533,2743,5.5,579.73,3188.52,2024-11-12
14586,3954,4812,11.92,569.72,6791.06,2024-04-02
14587,4793,1645,18.9,567.94,10734.07,2024-05-01
14588,2741,1785,22.55,500.28,11281.31,2023-03-10
14589,1622,2189,21.7,453.59,9842.9,2023-09-15
14590,163,542,21.14,550.54,11638.42,2024-10-01
14591,1307,918,24.87,603.87,15018.25,2023-07-22
14592,731,3250,23.76,600.13,14259.09,2023-10-11
14593,1219,3536,18.66,396.17,7392.53,2023-12-10
14594,1045,2144,9.97,837.44,8349.28,2024-04-05
14595,777,20,5.78,755.9,4369.1,2023-04-20
14596,1375,4775,10.4,764.59,7951.74,2024-03-29
14597,2233,357,6.45,685.02,4418.38,2024-07-22
14598,2057,2018,17.02,930.46,15836.43,2024-04-03
14599,4537,979,20.36,919.04,18711.65,2023-05-20
14600,3994,4928,22.88,659.2,15082.5,2023-09-13
14601,149,2652,5.17,358.52,1853.55,2024-06-11
14602,98,2701,15.84,705.66,11177.65,2024-11-01
14603,4477,990,23.18,654.72,15176.41,2023-10-02
14604,207,2785,5.32,479.98,2553.49,2023-02-04
14605,396,2778,16.06,794.65,12762.08,2024-01-21
14606,2796,4246,24.62,776.12,19108.07,2024-11-04
14607,4836,312,13.64,831.21,11337.7,2024-10-11
14608,1933,562,8.69,413.4,3592.45,2023-04-10
14609,2486,3425,13.22,598.9,7917.46,2023-01-23
14610,616,1317,22.79,926.48,21114.48,2023-10-25
14611,3458,2116,23.11,927.68,21438.68,2023-05-28
14612,2841,4637,15.11,439.42,6639.64,2024-06-20
14613,1301,423,22.28,587.92,13098.86,2024-04-13
14614,4172,4588,21.36,510.49,10904.07,2023-09-27
14615,2630,4906,16.7,764.15,12761.3,2023-03-18
14616,4741,1218,21.94,583.28,12797.16,2023-01-01
14617,2128,3545,9.89,397.42,3930.48,2024-01-14
14618,4059,983,13.35,762.11,10174.17,2024-03-05
14619,4197,791,12.81,644.58,8257.07,2023-08-05
14620,2830,470,5.45,937.98,5111.99,2023-11-07
14621,3245,2382,9.7,650.79,6312.66,2024-10-26
14622,324,4329,7.01,512.4,3591.92,2024-01-30
14623,4617,2646,7.88,784.47,6181.62,2023-07-14
14624,1042,1853,20.89,428.11,8943.22,2023-01-24
14625,2222,4527,14.44,438.65,6334.11,2024-05-15
14626,1527,3386,12.71,406.42,5165.6,2023-04-12
14627,4658,2983,22.85,751.7,17176.35,2024-01-07
14628,3252,972,14.8,542.36,8026.93,2024-05-31
14629,4129,1640,19.92,762.7,15192.98,2024-08-13
14630,297,4245,9.91,880.71,8727.84,2023-08-13
14631,2288,1154,12.38,730.09,9038.51,2024-11-22
14632,2891,4626,17.78,658.97,11716.49,2024-07-12
14633,1409,125,23.56,424.99,10012.76,2024-03-19
14634,1607,1457,17.24,573.73,9891.11,2024-01-15
14635,1164,3756,18.29,708.74,12962.85,2024-03-22
14636,3395,4415,18.77,433.31,8133.23,2023-08-30
14637,2790,1890,6.66,454.41,3026.37,2023-09-18
14638,4976,2822,7.46,473.52,3532.46,2023-12-14
14639,4596,269,17.7,632.18,11189.59,2023-06-14
14640,1100,4211,23.1,820.05,18943.15,2023-01-19
14641,661,220,6.76,622.61,4208.84,2024-03-06
14642,146,1094,7.6,527.72,4010.67,2024-01-31
14643,2192,3726,18.21,692.84,12616.62,2023-08-17
14644,2274,783,20.54,750.17,15408.49,2024-10-19
14645,600,252,10.64,498.03,5299.04,2023-08-11
14646,1014,4331,8.73,493.0,4303.89,2024-03-17
14647,3840,4695,21.76,799.05,17387.33,2024-10-14
14648,3985,2106,6.0,604.73,3628.38,2024-04-26
14649,424,800,14.64,730.85,10699.64,2023-03-23
14650,13,4517,18.24,386.91,7057.24,2023-08-24
14651,3837,4570,15.19,498.14,7566.75,2023-06-27
14652,4475,3662,12.89,825.41,10639.53,2024-04-25
14653,2833,1817,19.23,821.51,15797.64,2023-07-12
14654,2315,1168,22.33,798.19,17823.58,2023-05-17
14655,1063,1098,11.49,704.88,8099.07,2023-09-28
14656,4035,3907,7.56,881.04,6660.66,2024-04-06
14657,2067,2967,20.4,623.59,12721.24,2024-04-01
14658,874,4270,18.49,378.74,7002.9,2024-06-22
14659,818,2310,22.55,462.02,10418.55,2024-06-22
14660,1862,3101,11.18,947.17,10589.36,2023-07-14
14661,3246,4377,15.62,699.46,10925.57,2024-05-15
14662,2440,1445,15.84,653.3,10348.27,2023-01-17
14663,2338,3786,20.16,827.49,16682.2,2023-12-06
14664,4816,4592,23.0,725.51,16686.73,2023-09-10
14665,4867,2549,12.37,651.78,8062.52,2024-04-02
14666,3141,4721,20.06,383.59,7694.82,2024-12-19
14667,4832,1456,24.04,847.64,20377.27,2024-06-22
14668,448,1231,11.81,428.48,5060.35,2023-11-21
14669,3439,3885,11.21,398.73,4469.76,2024-08-29
14670,3647,3705,24.01,596.91,14331.81,2024-06-21
14671,4666,4234,18.29,390.95,7150.48,2024-03-20
14672,643,1842,9.3,598.56,5566.61,2024-08-10
14673,2688,4799,11.51,781.19,8991.5,2023-05-19
14674,4590,2747,19.09,388.79,7422.0,2024-03-24
14675,2722,424,8.46,921.71,7797.67,2023-03-31
14676,4050,3993,17.38,626.38,10886.48,2024-08-07
14677,1612,4139,13.45,590.62,7943.84,2024-08-20
14678,2393,4610,12.58,848.38,10672.62,2024-09-29
14679,4672,704,22.56,757.38,17086.49,2024-12-25
14680,1260,1108,14.57,726.23,10581.17,2023-01-21
14681,1011,191,5.88,780.86,4591.46,2023-01-31
14682,4134,3341,6.95,503.31,3498.0,2024-11-14
14683,1493,2620,13.32,384.63,5123.27,2023-03-29
14684,2787,883,11.44,544.02,6223.59,2023-09-17
14685,351,4629,22.34,810.33,18102.77,2024-12-17
14686,115,4189,12.95,408.89,5295.13,2023-01-09
14687,2893,4218,5.03,509.1,2560.77,2024-12-12
14688,1284,1430,14.67,460.04,6748.79,2024-05-10
14689,2401,4827,22.16,889.88,19719.74,2024-02-08
14690,1053,2437,13.47,772.26,10402.34,2024-06-12
14691,2829,942,8.97,376.92,3380.97,2024-04-12
14692,2719,524,7.49,628.85,4710.09,2023-07-04
14693,2098,1685,18.05,868.79,15681.66,2023-08-29
14694,3796,3057,11.55,916.73,10588.23,2024-11-22
14695,3640,1743,13.95,640.44,8934.14,2023-09-14
14696,1066,3179,23.06,822.21,18960.16,2023-12-09
14697,394,1695,15.64,639.26,9998.03,2024-11-12
14698,4836,3585,6.39,529.73,3384.97,2024-09-05
14699,3911,615,6.84,350.61,2398.17,2024-10-06
14700,4178,245,22.91,726.65,16647.55,2024-02-27
14701,4723,4886,6.71,746.22,5007.14,2023-02-06
14702,3231,3220,14.63,508.52,7439.65,2024-12-25
14703,4076,2237,24.59,712.55,17521.6,2024-04-30
14704,739,3764,8.03,856.81,6880.18,2023-05-03
14705,1887,3017,20.01,452.17,9047.92,2024-02-04
14706,2007,414,13.46,743.86,10012.36,2023-08-12
14707,3170,4693,8.07,804.3,6490.7,2024-01-16
14708,2670,4359,19.3,880.15,16986.9,2024-04-01
14709,4011,1695,19.55,883.67,17275.75,2023-11-24
14710,4590,767,19.59,634.73,12434.36,2023-02-26
14711,1835,4878,18.22,455.51,8299.39,2023-11-01
14712,2196,3402,21.23,854.68,18144.86,2024-11-25
14713,3104,723,24.3,393.19,9554.52,2023-09-24
14714,4977,1677,17.19,733.41,12607.32,2024-11-03
14715,880,4695,13.1,909.22,11910.78,2024-02-09
14716,3616,2735,8.52,927.24,7900.08,2024-02-08
14717,4753,314,18.96,503.4,9544.46,2024-08-20
14718,2760,3222,11.37,727.73,8274.29,2024-02-15
14719,3227,1646,9.35,359.91,3365.16,2024-02-04
14720,441,2939,7.9,905.35,7152.27,2024-11-26
14721,3649,4182,6.54,505.39,3305.25,2024-04-18
14722,455,2462,22.4,929.03,20810.27,2024-05-28
14723,2982,1601,7.16,472.69,3384.46,2024-12-05
14724,2019,4951,19.59,799.17,15655.74,2024-03-01
14725,1337,4880,12.3,446.05,5486.42,2023-11-21
14726,3610,3775,16.61,676.48,11236.33,2024-04-25
14727,2443,4234,18.94,550.78,10431.77,2024-08-29
14728,3885,731,16.7,812.18,13563.41,2023-07-06
14729,3148,4989,18.87,901.96,17019.99,2024-09-07
14730,4499,1500,23.61,545.39,12876.66,2024-05-04
14731,4702,2026,5.19,744.11,3861.93,2023-08-11
14732,1738,1055,20.52,845.22,17343.91,2024-02-05
14733,2145,3447,15.19,467.02,7094.03,2023-01-21
14734,4465,4389,8.13,499.83,4063.62,2023-10-22
14735,685,1110,6.51,649.83,4230.39,2024-09-14
14736,1416,3068,24.82,665.78,16524.66,2023-03-06
14737,3389,697,19.45,561.92,10929.34,2024-04-29
14738,2987,2753,13.71,942.62,12923.32,2024-07-25
14739,3020,2962,17.0,443.08,7532.36,2023-05-13
14740,4017,212,18.82,543.9,10236.2,2024-03-23
14741,1240,1212,8.9,820.3,7300.67,2024-07-14
14742,4984,1826,20.57,778.1,16005.52,2023-08-30
14743,3595,4319,12.14,436.23,5295.83,2024-09-19
14744,1589,2874,14.96,574.74,8598.11,2024-09-04
14745,1284,3364,17.98,530.19,9532.82,2024-06-22
14746,4087,2180,18.28,860.3,15726.28,2024-02-27
14747,278,3727,10.54,565.96,5965.22,2024-12-01
14748,842,81,8.02,661.95,5308.84,2023-05-06
14749,404,4312,24.97,919.51,22960.16,2024-07-13
14750,2590,3303,5.98,673.91,4029.98,2023-11-14
14751,210,2773,21.38,915.18,19566.55,2024-07-09
14752,4340,87,7.22,357.19,2578.91,2023-04-22
14753,4556,3445,5.03,892.69,4490.23,2024-05-13
14754,2130,2078,16.89,832.23,14056.36,2024-05-26
14755,3659,4354,13.7,702.96,9630.55,2024-07-15
14756,3147,2423,24.1,576.16,13885.46,2024-02-02
14757,1797,1917,20.26,495.34,10035.59,2023-11-04
14758,4703,3346,21.34,615.61,13137.12,2023-08-23
14759,1212,1280,8.97,637.71,5720.26,2024-12-10
14760,4113,938,13.61,885.52,12051.93,2024-09-22
14761,1486,1791,23.5,556.96,13088.56,2024-05-11
14762,4086,2007,10.8,679.65,7340.22,2023-10-23
14763,1349,945,24.74,380.17,9405.41,2024-09-06
14764,32,2069,10.8,541.69,5850.25,2024-04-29
14765,3918,4618,7.61,600.03,4566.23,2024-03-13
14766,2912,4813,8.28,395.62,3275.73,2024-05-13
14767,3357,3094,14.02,935.9,13121.32,2023-01-17
14768,2598,4757,16.44,800.64,13162.52,2023-04-28
14769,2442,3971,17.13,405.88,6952.72,2023-08-26
14770,3615,4332,12.78,568.9,7270.54,2024-06-23
14771,2454,4145,12.0,620.24,7442.88,2024-09-01
14772,2968,3709,18.66,557.81,10408.73,2023-04-30
14773,4385,2074,9.89,829.87,8207.41,2023-09-26
14774,4923,3198,10.28,825.59,8487.07,2023-03-08
14775,4625,2623,23.38,495.89,11593.91,2023-07-05
14776,3906,3960,11.78,500.58,5896.83,2023-10-12
14777,651,1161,9.74,734.13,7150.43,2023-08-16
14778,3641,3025,15.15,659.13,9985.82,2024-01-28
14779,667,4492,23.05,393.62,9072.94,2024-07-30
14780,3059,4037,21.65,631.44,13670.68,2024-08-29
14781,1810,1040,22.41,672.72,15075.66,2023-07-11
14782,234,490,21.28,374.29,7964.89,2023-11-28
14783,2873,929,16.78,541.81,9091.57,2024-03-24
14784,2985,2330,9.6,543.25,5215.2,2023-02-03
14785,4683,1836,11.45,690.37,7904.74,2023-10-11
14786,3349,1030,11.06,460.94,5098.0,2024-11-04
14787,1104,1544,19.79,631.61,12499.56,2024-09-16
14788,454,3330,9.69,912.64,8843.48,2023-12-11
14789,1596,3019,9.73,573.12,5576.46,2024-09-19
14790,4795,4438,23.9,538.26,12864.41,2023-01-21
14791,1282,4127,16.41,948.52,15565.21,2023-07-10
14792,3305,1,19.6,422.02,8271.59,2024-06-21
14793,2665,3856,14.8,643.28,9520.54,2024-05-31
14794,3901,1560,18.03,681.22,12282.4,2024-04-21
14795,389,4817,22.04,604.95,13333.1,2024-04-25
14796,4223,2026,14.11,698.63,9857.67,2024-03-23
14797,4664,4093,21.91,597.15,13083.56,2024-11-04
14798,2670,2745,16.39,649.15,10639.57,2023-01-12
14799,2395,2273,20.82,802.45,16707.01,2024-01-08
14800,1151,4921,18.24,616.21,11239.67,2024-02-14
14801,223,670,8.14,715.88,5827.26,2023-01-18
14802,1491,1209,23.58,717.29,16913.7,2024-02-19
14803,1298,2832,12.11,619.18,7498.27,2023-10-24
14804,2493,643,12.72,359.42,4571.82,2023-12-26
14805,3759,3622,13.51,422.64,5709.87,2023-11-24
14806,3624,1349,9.07,680.69,6173.86,2023-10-12
14807,742,4836,21.03,539.44,11344.42,2024-07-20
14808,4146,4103,14.21,370.58,5265.94,2023-11-08
14809,2584,1643,5.14,547.6,2814.66,2024-12-08
14810,1604,3211,16.01,351.33,5624.79,2023-12-13
14811,3584,4273,17.37,636.33,11053.05,2023-08-11
14812,273,3715,22.41,917.33,20557.37,2024-12-15
14813,1556,373,24.47,559.52,13691.45,2024-02-23
14814,532,1053,17.12,619.06,10598.31,2024-07-01
14815,1986,4529,7.14,582.88,4161.76,2024-04-05
14816,1501,3961,20.63,846.77,17468.87,2024-06-17
14817,4663,4561,23.74,484.64,11505.35,2023-06-09
14818,4699,1398,7.23,937.11,6775.31,2023-11-14
14819,3928,1978,6.69,633.88,4240.66,2023-01-03
14820,1575,4640,22.42,605.66,13578.9,2023-02-06
14821,4348,1768,21.58,667.51,14404.87,2023-02-04
14822,4112,1673,13.16,506.48,6665.28,2024-03-11
14823,1013,3469,20.57,807.78,16616.03,2024-03-29
14824,3487,2753,8.24,671.44,5532.67,2024-11-13
14825,3890,3939,13.28,910.58,12092.5,2024-01-16
14826,2915,3678,24.91,559.94,13948.11,2023-09-07
14827,2680,2381,19.7,802.04,15800.19,2023-04-13
14828,3621,3944,21.22,541.07,11481.51,2024-11-05
14829,2406,321,7.62,936.33,7134.83,2023-07-03
14830,4368,4114,11.56,845.05,9768.78,2024-07-15
14831,2623,2666,6.29,726.91,4572.26,2024-06-25
14832,3969,4128,13.95,476.74,6650.52,2023-10-26
14833,1221,381,20.12,820.51,16508.66,2024-06-23
14834,936,135,5.43,522.88,2839.24,2023-10-21
14835,3825,2482,6.71,385.56,2587.11,2024-08-16
14836,113,4285,9.89,593.64,5871.1,2024-11-18
14837,939,705,7.38,809.92,5977.21,2023-12-18
14838,3578,732,17.7,727.81,12882.24,2023-08-25
14839,2257,3609,17.96,359.99,6465.42,2024-11-10
14840,340,2555,18.09,377.02,6820.29,2023-12-10
14841,4537,4811,16.04,370.35,5940.41,2023-05-22
14842,3328,4676,7.6,636.53,4837.63,2024-09-29
14843,3150,2541,18.64,906.11,16889.89,2024-09-13
14844,2721,3581,20.79,724.29,15057.99,2024-10-26
14845,4147,334,11.97,767.61,9188.29,2024-11-25
14846,1730,4608,9.51,743.25,7068.31,2023-08-11
14847,1350,2494,13.07,642.34,8395.38,2024-01-07
14848,797,3970,11.5,655.99,7543.89,2023-02-09
14849,2863,530,15.48,482.56,7470.03,2023-10-31
14850,2136,2230,22.42,750.73,16831.37,2024-10-24
14851,3334,3289,17.72,820.06,14531.46,2024-12-20
14852,333,286,9.96,714.48,7116.22,2023-09-24
14853,4496,149,12.14,705.02,8558.94,2023-10-07
14854,4507,4455,19.03,873.79,16628.22,2024-03-03
14855,2591,856,14.92,449.43,6705.5,2023-11-05
14856,897,3585,5.2,695.21,3615.09,2023-02-22
14857,3669,1727,16.29,651.18,10607.72,2023-03-17
14858,4834,4105,14.96,358.35,5360.92,2023-04-29
14859,4369,4596,22.75,931.78,21197.99,2023-04-16
14860,4470,2409,9.46,360.69,3412.13,2024-01-24
14861,4502,786,17.05,757.62,12917.42,2024-01-09
14862,2667,2140,6.09,578.61,3523.73,2024-02-23
14863,3598,1898,12.7,442.08,5614.42,2023-04-25
14864,3455,885,8.1,559.51,4532.03,2023-05-11
14865,3707,3234,13.83,706.1,9765.36,2023-06-26
14866,4785,2906,20.41,447.08,9124.9,2024-05-25
14867,2532,4001,20.84,733.33,15282.6,2023-10-14
14868,4621,4142,12.28,683.22,8389.94,2024-09-23
14869,1897,1807,20.67,421.84,8719.43,2023-04-02
14870,771,3476,20.17,814.4,16426.45,2023-02-07
14871,676,2172,22.88,453.49,10375.85,2023-09-16
14872,2728,303,13.96,887.99,12396.34,2023-09-29
14873,1519,3524,10.25,412.87,4231.92,2023-09-25
14874,4098,1176,10.68,557.0,5948.76,2024-09-05
14875,4883,2342,23.06,598.45,13800.26,2024-01-13
14876,4697,939,10.14,745.92,7563.63,2023-08-13
14877,4569,365,23.64,840.68,19873.68,2023-09-18
14878,3511,1107,16.9,641.06,10833.91,2023-01-22
14879,1576,3640,17.06,836.35,14268.13,2023-09-10
14880,1350,2560,16.88,908.54,15336.16,2023-06-27
14881,20,3981,21.34,752.07,16049.17,2023-10-16
14882,3577,2143,18.2,422.64,7692.05,2023-10-04
14883,1016,1560,5.07,452.21,2292.7,2023-12-27
14884,2894,2798,8.83,442.95,3911.25,2024-01-30
14885,3525,1249,6.73,468.47,3152.8,2023-04-01
14886,1007,2950,9.16,503.5,4612.06,2023-12-19
14887,2881,2238,6.45,355.34,2291.94,2023-05-16
14888,1159,3943,22.41,727.06,16293.41,2023-12-14
14889,4434,4124,5.13,591.18,3032.75,2024-10-15
14890,4306,1409,6.24,892.84,5571.32,2024-12-14
14891,589,1240,5.26,443.81,2334.44,2024-02-05
14892,1511,1736,8.76,534.11,4678.8,2024-05-15
14893,2034,1241,15.59,413.19,6441.63,2024-02-21
14894,1998,1267,14.4,620.78,8939.23,2024-02-24
14895,3519,3597,7.51,618.29,4643.36,2023-10-26
14896,4151,4168,13.69,718.64,9838.18,2023-05-07
14897,3153,4403,16.61,856.71,14229.95,2024-04-02
14898,2411,4781,17.8,624.68,11119.3,2024-12-03
14899,2200,4974,8.02,695.11,5574.78,2024-09-17
14900,3417,4006,8.88,393.75,3496.5,2023-12-21
14901,3304,3350,17.74,646.94,11476.72,2024-05-31
14902,38,2707,10.21,838.99,8566.09,2023-08-24
14903,3598,4108,13.09,603.62,7901.39,2023-08-03
14904,620,3251,20.27,369.05,7480.64,2023-05-07
14905,1691,880,23.04,776.74,17896.09,2024-05-10
14906,1994,2478,14.0,358.89,5024.46,2023-02-12
14907,4375,1816,23.3,682.75,15908.08,2023-07-13
14908,786,4196,8.99,742.51,6675.16,2023-01-17
14909,4429,93,7.11,591.69,4206.92,2023-06-11
14910,478,977,9.99,431.1,4306.69,2024-09-03
14911,2994,1589,9.44,667.1,6297.42,2023-03-15
14912,1975,4616,7.21,515.62,3717.62,2024-05-10
14913,3971,2016,15.88,406.55,6456.01,2023-09-24
14914,4750,692,21.18,866.15,18345.06,2023-01-23
14915,101,4097,18.48,814.94,15060.09,2024-03-06
14916,3114,2894,21.92,491.41,10771.71,2023-03-03
14917,1157,3362,10.79,372.72,4021.65,2024-10-30
14918,4051,4524,8.49,436.13,3702.74,2024-10-16
14919,2760,859,17.1,436.76,7468.6,2024-10-15
14920,1200,3492,20.64,945.88,19522.96,2024-10-18
14921,2005,2764,6.99,825.24,5768.43,2023-02-14
14922,495,4337,24.11,425.22,10252.05,2023-10-24
14923,3933,4768,5.66,543.85,3078.19,2024-05-23
14924,1114,4289,23.46,360.6,8459.68,2023-03-07
14925,3913,2899,5.74,949.3,5448.98,2023-07-08
14926,3242,3428,22.35,603.59,13490.24,2024-01-19
14927,3431,4525,5.99,670.04,4013.54,2023-04-06
14928,1344,932,20.26,684.29,13863.72,2023-10-25
14929,3859,1606,5.84,922.29,5386.17,2023-02-25
14930,678,2299,15.51,934.2,14489.44,2023-07-22
14931,83,4938,16.57,467.01,7738.36,2023-06-08
14932,3205,1451,5.52,381.23,2104.39,2024-02-12
14933,1453,2331,20.92,639.43,13376.88,2024-05-19
14934,3678,4288,10.71,845.19,9051.98,2024-07-01
14935,518,1893,21.86,719.63,15731.11,2023-06-22
14936,2705,1427,14.24,669.77,9537.52,2023-06-06
14937,1417,1108,16.92,845.71,14309.41,2024-08-11
14938,2687,2097,14.07,757.4,10656.62,2023-02-08
14939,2039,4512,7.24,705.6,5108.54,2024-12-01
14940,4009,3014,24.01,885.75,21266.86,2023-10-26
14941,4400,3292,9.69,401.19,3887.53,2023-11-15
14942,4474,427,12.22,510.96,6243.93,2023-02-28
14943,4703,1423,14.51,727.5,10556.02,2023-10-04
14944,3368,4905,20.07,480.01,9633.8,2024-06-19
14945,2945,2995,9.84,855.36,8416.74,2024-10-25
14946,2755,4458,5.34,848.95,4533.39,2023-09-07
14947,112,4095,15.79,566.52,8945.35,2024-04-20
14948,445,1543,24.39,720.24,17566.65,2023-04-29
14949,638,1860,13.88,436.89,6064.03,2024-01-07
14950,20,2317,24.83,773.97,19217.68,2023-07-17
14951,3071,3446,9.19,415.99,3822.95,2024-08-17
14952,400,684,13.41,361.03,4841.41,2023-11-16
14953,1638,1711,13.11,404.38,5301.42,2023-12-01
14954,3562,1363,8.71,859.52,7486.42,2023-06-28
14955,4646,1697,21.19,579.93,12288.72,2023-03-21
14956,1069,3165,24.79,795.94,19731.35,2024-02-13
14957,959,3106,21.76,486.03,10576.01,2023-04-07
14958,1280,1559,10.86,892.48,9692.33,2023-04-18
14959,3678,992,5.16,635.22,3277.74,2024-09-08
14960,3811,2049,20.88,527.06,11005.01,2023-02-17
14961,4692,2966,11.69,416.08,4863.98,2023-01-30
14962,96,47,16.08,708.81,11397.66,2023-12-07
14963,1907,2934,13.26,614.59,8149.46,2023-06-11
14964,2989,4900,21.05,948.65,19969.08,2024-01-13
14965,1955,2962,6.74,829.86,5593.26,2023-07-06
14966,231,1230,10.27,493.88,5072.15,2024-12-22
14967,4320,3084,8.71,907.07,7900.58,2024-05-05
14968,3394,2675,24.88,382.59,9518.84,2024-03-09
14969,1374,1584,5.43,526.91,2861.12,2024-01-11
14970,2356,665,22.67,614.18,13923.46,2024-11-11
14971,3857,701,11.02,376.31,4146.94,2024-05-25
14972,4064,4041,11.74,440.7,5173.82,2024-12-11
14973,1338,3226,20.85,811.06,16910.6,2023-05-05
14974,4282,4294,11.32,628.75,7117.45,2024-09-01
14975,4538,2043,21.14,419.21,8862.1,2023-04-12
14976,929,767,14.55,413.53,6016.86,2023-03-10
14977,951,1288,10.16,783.99,7965.34,2023-10-27
14978,2985,2502,19.03,650.45,12378.06,2024-03-02
14979,1671,3635,13.79,394.62,5441.81,2023-03-18
14980,2161,758,23.46,631.98,14826.25,2024-08-10
14981,3358,3296,22.83,350.33,7998.03,2024-09-03
14982,2601,439,11.42,892.82,10196.0,2024-07-09
14983,41,1574,12.04,794.17,9561.81,2023-09-18
14984,744,4039,5.15,423.35,2180.25,2024-02-17
14985,237,3170,22.66,403.6,9145.58,2023-04-17
14986,929,849,9.13,876.1,7998.79,2024-11-19
14987,1816,742,7.51,477.93,3589.25,2024-11-11
14988,720,3728,24.05,728.88,17529.56,2023-06-16
14989,2605,3852,5.59,496.63,2776.16,2024-08-24
14990,3457,2127,12.61,923.01,11639.16,2023-01-13
14991,2599,2382,5.61,691.84,3881.22,2023-05-13
14992,3586,4530,20.62,783.68,16159.48,2023-06-02
14993,3451,2296,22.04,395.07,8707.34,2023-07-30
14994,2482,572,10.42,763.1,7951.5,2023-05-06
14995,2598,2390,10.07,949.14,9557.84,2024-11-05
14996,2251,4327,12.92,611.9,7905.75,2023-05-30
14997,512,3486,7.54,921.4,6947.36,2023-10-28
14998,650,3463,7.53,393.97,2966.59,2024-06-07
14999,4248,4896,10.23,382.89,3916.96,2023-12-23
15000,1220,1951,6.96,771.02,5366.3,2023-10-13
