vendor_id,vendor_name,location,rating,lead_time_days
1,Everest Industrial Supply Corporation,Chennai,3.83,14
2,Everest Polymers Limited,Nagpur,4.13,3
3,Universal Paper Mills Industries,Surat,4.4,11
4,Apex Packaging Materials Enterprises,Chennai,4.17,7
5,Global Print Supplies Pvt Ltd,Hyderabad,4.01,5
6,Apex Print Supplies Group,Pune,3.64,4
7,SilverLine Corrugated Products Group,Nagpur,3.9,3
8,United Materials Group Limited,Hyderabad,3.62,7
9,Atlas Logistics Supply Group,Nagpur,3.79,4
10,Prime Polymers Industries,Bangalore,4.98,6
11,Everest Procurement Services Corporation,Ahmedabad,4.45,8
12,NextGen Adhesives Group,Chennai,4.51,14
13,Universal Manufacturing Co Pvt Ltd,Surat,4.59,5
14,United Procurement Services Corporation,Surat,3.83,8
15,Prime Paper Mills Ltd,Kolkata,4.1,4
16,Apex Logistics Supply Group,Chennai,4.48,9
17,United Packaging Solutions Corporation,Delhi,3.87,11
18,Vertex Chemical Industries Enterprises,Nagpur,4.1,6
19,Metro Materials Group Solutions,Pune,4.63,4
20,Metro Polymers Pvt Ltd,Hyderabad,4.39,9
21,Rapid Manufacturing Co Solutions,Surat,3.88,11
22,Global Polymers Limited,Surat,4.63,15
23,NorthStar Raw Materials Corporation,Hyderabad,3.74,3
24,BlueLine Materials Group Pvt Ltd,Surat,4.87,13
25,GreenSource Corrugated Products Industries,Delhi,4.06,5
26,Vertex Print Supplies Ltd,Nagpur,3.99,3
27,Everest Logistics Supply Group,Bangalore,3.86,6
28,Zenith Raw Materials Limited,Ahmedabad,4.72,15
29,Vertex Print Supplies Pvt Ltd,Delhi,4.49,11
30,NextGen Chemical Industries Enterprises,Chennai,4.89,15
31,Apex Packaging Materials Corporation,Hyderabad,4.99,13
32,SilverLine Trading Company Solutions,Pune,3.87,4
33,NorthStar Industrial Supply Industries,Nagpur,3.83,4
34,Prime Paper Mills Limited,Mumbai,4.79,4
35,Frontier Paper Mills Corporation,Ahmedabad,3.82,5
36,Zenith Manufacturing Co Solutions,Chennai,4.68,15
37,Omni Paper Mills Limited,Pune,4.49,8
38,Omni Procurement Services Solutions,Mumbai,4.51,13
39,Everest Industrial Supply Enterprises,Kolkata,4.7,4
40,Summit Paper Mills Industries,Surat,4.17,9
41,NextGen Chemical Industries Solutions,Chennai,4.81,4
42,United Print Supplies Limited,Mumbai,4.48,11
43,Global Raw Materials Industries,Delhi,4.11,10
44,Apex Corrugated Products Enterprises,Mumbai,3.75,3
45,Rapid Chemical Industries Solutions,Bangalore,4.13,14
46,Vertex Polymers Solutions,Delhi,3.78,6
47,Prime Manufacturing Co Ltd,Kolkata,3.59,12
48,Pioneer Materials Group Pvt Ltd,Mumbai,4.94,4
49,NextGen Raw Materials Limited,Chennai,4.11,12
50,Summit Manufacturing Co Ltd,Nagpur,3.62,13
51,Zenith Manufacturing Co Group,Bangalore,3.81,14
52,NorthStar Paper Mills Corporation,Hyderabad,3.7,13
53,GreenSource Trading Company Group,Pune,3.51,12
54,Zenith Raw Materials Limited,Surat,3.82,7
55,Metro Logistics Supply Group,Pune,4.82,8
56,GreenSource Packaging Solutions Solutions,Surat,4.56,12
57,Frontier Industrial Supply Corporation,Pune,4.91,5
58,BlueLine Raw Materials Limited,Surat,3.73,7
59,Atlas Paper Mills Group,Chennai,4.53,7
60,Frontier Trading Company Corporation,Mumbai,3.64,9
61,BlueLine Industrial Supply Ltd,Kolkata,4.66,13
62,BlueLine Packaging Solutions Solutions,Surat,4.56,11
63,Global Raw Materials Limited,Delhi,4.32,8
64,Zenith Materials Group Pvt Ltd,Hyderabad,3.69,7
65,SilverLine Logistics Supply Ltd,Kolkata,3.82,6
66,Everest Adhesives Enterprises,Nagpur,4.62,6
67,NextGen Print Supplies Pvt Ltd,Hyderabad,3.54,14
68,NorthStar Print Supplies Enterprises,Chennai,3.9,15
69,Everest Procurement Services Ltd,Ahmedabad,3.83,10
70,SilverLine Chemical Industries Industries,Chennai,3.54,6
71,Rapid Adhesives Corporation,Pune,4.95,7
72,SilverLine Polymers Enterprises,Surat,4.0,3
73,Everest Logistics Supply Corporation,Delhi,4.37,7
74,Prime Raw Materials Enterprises,Kolkata,4.59,8
75,Omni Manufacturing Co Limited,Hyderabad,4.85,6
76,BlueLine Industrial Supply Enterprises,Mumbai,4.28,15
77,Vertex Polymers Industries,Kolkata,4.15,13
78,NorthStar Manufacturing Co Group,Pune,4.58,7
79,Frontier Chemical Industries Enterprises,Kolkata,4.1,7
80,Vertex Packaging Solutions Industries,Hyderabad,4.5,9
81,NextGen Manufacturing Co Corporation,Hyderabad,4.32,3
82,GreenSource Chemical Industries Industries,Hyderabad,4.68,12
83,NorthStar Trading Company Solutions,Ahmedabad,4.51,11
84,Pioneer Print Supplies Pvt Ltd,Pune,3.93,13
85,Atlas Adhesives Limited,Chennai,4.51,6
86,Apex Packaging Solutions Ltd,Mumbai,3.87,10
87,Atlas Corrugated Products Limited,Ahmedabad,4.12,13
88,Zenith Paper Mills Enterprises,Ahmedabad,4.1,5
89,Global Logistics Supply Limited,Hyderabad,3.83,15
90,Frontier Trading Company Ltd,Surat,3.87,4
91,United Packaging Solutions Solutions,Surat,4.98,12
92,NorthStar Print Supplies Solutions,Nagpur,4.72,11
93,Omni Corrugated Products Solutions,Delhi,4.62,10
94,United Chemical Industries Industries,Bangalore,4.65,11
95,Pioneer Polymers Industries,Bangalore,4.16,14
96,GreenSource Paper Mills Corporation,Kolkata,3.98,11
97,Universal Packaging Solutions Pvt Ltd,Chennai,4.07,5
98,Apex Raw Materials Enterprises,Hyderabad,4.0,10
99,Omni Industrial Supply Industries,Hyderabad,4.08,15
100,Zenith Packaging Materials Ltd,Nagpur,4.07,3
101,SilverLine Chemical Industries Enterprises,Hyderabad,4.31,14
102,Vertex Print Supplies Industries,Ahmedabad,3.83,9
103,Pioneer Industrial Supply Enterprises,Kolkata,4.5,15
104,Rapid Packaging Materials Pvt Ltd,Ahmedabad,4.88,12
105,Vertex Industrial Supply Enterprises,Nagpur,4.35,3
106,Universal Polymers Enterprises,Delhi,4.8,5
107,Prime Chemical Industries Enterprises,Kolkata,3.82,8
108,NorthStar Print Supplies Enterprises,Bangalore,4.63,9
109,BlueLine Corrugated Products Limited,Ahmedabad,3.53,11
110,Prime Adhesives Industries,Pune,4.67,13
111,Prime Print Supplies Ltd,Chennai,3.8,3
112,Atlas Packaging Solutions Industries,Delhi,4.21,4
113,Zenith Paper Mills Solutions,Bangalore,4.65,5
114,Atlas Manufacturing Co Limited,Delhi,4.95,4
115,Zenith Industrial Supply Corporation,Nagpur,4.52,9
116,Rapid Packaging Materials Industries,Pune,4.39,13
117,Summit Raw Materials Corporation,Nagpur,4.71,15
118,Zenith Print Supplies Ltd,Kolkata,4.3,13
119,SilverLine Raw Materials Group,Mumbai,4.77,10
120,Everest Procurement Services Group,Ahmedabad,4.56,9
121,NextGen Packaging Materials Corporation,Nagpur,4.71,11
122,Pioneer Trading Company Enterprises,Nagpur,3.9,6
123,Universal Chemical Industries Solutions,Chennai,4.63,12
124,Atlas Polymers Enterprises,Kolkata,3.54,8
125,NextGen Trading Company Industries,Kolkata,4.7,8
126,BlueLine Logistics Supply Corporation,Surat,3.52,6
127,Universal Paper Mills Enterprises,Ahmedabad,4.33,6
128,Pioneer Polymers Solutions,Ahmedabad,4.69,4
129,GreenSource Paper Mills Enterprises,Chennai,3.96,12
130,SilverLine Trading Company Group,Hyderabad,4.99,11
131,NorthStar Adhesives Solutions,Bangalore,3.96,6
132,Everest Packaging Materials Industries,Kolkata,3.68,11
133,NextGen Paper Mills Industries,Ahmedabad,3.91,12
134,Frontier Manufacturing Co Corporation,Pune,4.75,7
135,Summit Adhesives Pvt Ltd,Bangalore,3.52,11
136,Metro Chemical Industries Ltd,Mumbai,4.33,14
137,Metro Polymers Solutions,Pune,4.81,12
138,GreenSource Trading Company Solutions,Ahmedabad,4.01,3
139,BlueLine Corrugated Products Solutions,Pune,4.73,9
140,Pioneer Raw Materials Ltd,Delhi,3.72,12
141,GreenSource Raw Materials Industries,Pune,4.34,9
142,Atlas Manufacturing Co Industries,Surat,4.07,10
143,GreenSource Corrugated Products Enterprises,Bangalore,4.35,3
144,Atlas Packaging Materials Limited,Chennai,4.44,7
145,Universal Packaging Solutions Industries,Delhi,4.33,5
146,Global Procurement Services Solutions,Nagpur,4.2,3
147,Summit Chemical Industries Corporation,Ahmedabad,3.61,6
148,BlueLine Print Supplies Industries,Hyderabad,3.67,6
149,Metro Logistics Supply Corporation,Delhi,3.61,5
150,GreenSource Manufacturing Co Corporation,Ahmedabad,3.69,14
151,GreenSource Packaging Materials Enterprises,Bangalore,4.25,10
152,United Raw Materials Ltd,Hyderabad,4.6,12
153,BlueLine Industrial Supply Limited,Chennai,4.94,12
154,Zenith Industrial Supply Corporation,Nagpur,3.56,15
155,NextGen Trading Company Solutions,Bangalore,3.77,12
156,Omni Polymers Solutions,Pune,4.21,9
157,NorthStar Adhesives Limited,Delhi,3.99,14
158,Pioneer Chemical Industries Enterprises,Surat,3.56,4
159,NorthStar Chemical Industries Group,Pune,4.96,9
160,Frontier Corrugated Products Ltd,Surat,4.19,3
161,Apex Materials Group Group,Nagpur,4.63,13
162,United Print Supplies Ltd,Chennai,3.9,5
163,GreenSource Trading Company Solutions,Pune,3.54,13
164,Atlas Print Supplies Industries,Delhi,3.97,3
165,Vertex Procurement Services Limited,Chennai,4.99,4
166,United Raw Materials Pvt Ltd,Ahmedabad,4.9,7
167,Frontier Packaging Materials Corporation,Hyderabad,4.75,10
168,Summit Trading Company Pvt Ltd,Hyderabad,3.79,12
169,Frontier Packaging Materials Pvt Ltd,Pune,3.91,15
170,Omni Adhesives Corporation,Mumbai,3.92,7
171,Zenith Manufacturing Co Solutions,Delhi,4.17,10
172,SilverLine Adhesives Enterprises,Ahmedabad,4.9,6
173,Summit Manufacturing Co Enterprises,Chennai,4.78,9
174,Prime Adhesives Solutions,Hyderabad,4.08,13
175,Metro Trading Company Ltd,Delhi,4.25,12
176,NorthStar Corrugated Products Limited,Ahmedabad,3.65,10
177,Global Packaging Materials Pvt Ltd,Hyderabad,4.81,5
178,Universal Trading Company Corporation,Kolkata,4.43,9
179,Universal Corrugated Products Group,Surat,4.07,8
180,Pioneer Corrugated Products Ltd,Nagpur,3.6,13
181,GreenSource Paper Mills Limited,Hyderabad,4.97,15
182,Everest Trading Company Pvt Ltd,Bangalore,4.86,3
183,NorthStar Print Supplies Ltd,Bangalore,4.04,9
184,Metro Paper Mills Enterprises,Nagpur,4.52,5
185,NextGen Packaging Solutions Limited,Nagpur,4.81,12
186,Summit Trading Company Pvt Ltd,Chennai,4.19,7
187,United Chemical Industries Ltd,Ahmedabad,4.85,13
188,Vertex Packaging Solutions Limited,Ahmedabad,4.92,12
189,GreenSource Polymers Enterprises,Bangalore,4.19,7
190,Apex Procurement Services Solutions,Pune,3.86,12
191,SilverLine Manufacturing Co Corporation,Bangalore,3.53,13
192,Rapid Chemical Industries Ltd,Nagpur,4.8,15
193,Prime Logistics Supply Solutions,Bangalore,4.66,6
194,Atlas Print Supplies Group,Chennai,4.45,12
195,BlueLine Polymers Pvt Ltd,Pune,4.86,13
196,Prime Chemical Industries Solutions,Mumbai,4.37,14
197,Metro Raw Materials Corporation,Kolkata,4.62,5
198,Apex Packaging Solutions Group,Surat,4.25,7
199,NextGen Chemical Industries Solutions,Bangalore,4.62,8
200,Everest Trading Company Limited,Delhi,4.63,6
201,Rapid Corrugated Products Group,Pune,4.69,3
202,BlueLine Materials Group Limited,Ahmedabad,4.05,14
203,BlueLine Manufacturing Co Enterprises,Kolkata,3.66,6
204,Pioneer Industrial Supply Group,Nagpur,3.83,4
205,United Logistics Supply Corporation,Hyderabad,3.68,3
206,Prime Chemical Industries Solutions,Pune,3.65,11
207,Metro Procurement Services Solutions,Kolkata,4.51,14
208,Vertex Procurement Services Pvt Ltd,Hyderabad,4.48,10
209,Atlas Procurement Services Corporation,Mumbai,4.54,6
210,United Trading Company Industries,Kolkata,3.65,13
211,SilverLine Materials Group Group,Mumbai,4.1,6
212,Everest Corrugated Products Solutions,Pune,4.49,13
213,Atlas Industrial Supply Ltd,Kolkata,3.87,5
214,Zenith Paper Mills Limited,Surat,3.81,6
215,Summit Adhesives Pvt Ltd,Nagpur,3.5,5
216,Metro Materials Group Corporation,Delhi,3.66,3
217,Metro Industrial Supply Group,Chennai,4.38,3
218,NextGen Chemical Industries Ltd,Delhi,4.61,11
219,Everest Packaging Materials Limited,Ahmedabad,4.17,8
220,Frontier Manufacturing Co Limited,Ahmedabad,4.26,12
221,Prime Packaging Materials Corporation,Ahmedabad,4.47,3
222,Prime Trading Company Enterprises,Hyderabad,4.53,10
223,United Raw Materials Limited,Kolkata,4.41,4
224,Metro Chemical Industries Group,Hyderabad,4.99,11
225,GreenSource Trading Company Enterprises,Pune,4.69,4
226,Vertex Packaging Materials Industries,Hyderabad,4.18,6
227,Omni Adhesives Solutions,Hyderabad,4.12,4
228,NorthStar Procurement Services Group,Bangalore,4.06,5
229,Pioneer Raw Materials Limited,Pune,3.64,4
230,SilverLine Print Supplies Pvt Ltd,Surat,3.59,11
231,Vertex Adhesives Limited,Hyderabad,4.03,13
232,Omni Corrugated Products Ltd,Bangalore,4.4,8
233,Everest Manufacturing Co Industries,Delhi,4.49,6
234,Everest Adhesives Group,Pune,4.64,12
235,Summit Print Supplies Enterprises,Surat,4.96,12
236,Atlas Polymers Ltd,Nagpur,4.89,14
237,BlueLine Industrial Supply Pvt Ltd,Bangalore,4.55,7
238,NorthStar Adhesives Ltd,Delhi,4.8,12
239,Rapid Raw Materials Pvt Ltd,Mumbai,3.64,11
240,Apex Procurement Services Enterprises,Ahmedabad,4.01,8
241,GreenSource Packaging Materials Group,Nagpur,4.39,3
242,Metro Packaging Solutions Ltd,Pune,3.91,13
243,Omni Trading Company Solutions,Hyderabad,3.91,15
244,Frontier Raw Materials Group,Hyderabad,3.67,13
245,Zenith Trading Company Corporation,Mumbai,3.83,12
246,Prime Industrial Supply Industries,Bangalore,4.92,15
247,Metro Print Supplies Corporation,Bangalore,3.99,3
248,Pioneer Packaging Materials Enterprises,Delhi,3.69,11
249,Summit Materials Group Group,Pune,4.1,14
250,Prime Procurement Services Ltd,Ahmedabad,4.88,8
251,Zenith Procurement Services Enterprises,Hyderabad,3.93,9
252,Global Adhesives Pvt Ltd,Nagpur,4.19,14
253,SilverLine Raw Materials Enterprises,Pune,3.86,12
254,Rapid Materials Group Limited,Hyderabad,4.81,14
255,NorthStar Paper Mills Group,Delhi,3.61,13
256,Everest Materials Group Industries,Kolkata,4.03,13
257,Metro Paper Mills Limited,Delhi,3.88,5
258,Atlas Packaging Solutions Limited,Delhi,4.93,13
259,Pioneer Trading Company Solutions,Nagpur,4.46,12
260,NorthStar Corrugated Products Group,Delhi,4.16,10
261,United Polymers Corporation,Bangalore,4.39,8
262,Frontier Raw Materials Corporation,Ahmedabad,4.18,3
263,SilverLine Corrugated Products Corporation,Pune,4.47,4
264,Atlas Manufacturing Co Enterprises,Ahmedabad,4.37,15
265,Prime Trading Company Industries,Kolkata,4.41,11
266,Metro Industrial Supply Solutions,Pune,4.72,8
267,Universal Materials Group Pvt Ltd,Mumbai,3.87,10
268,United Materials Group Pvt Ltd,Kolkata,4.06,7
269,Rapid Procurement Services Group,Nagpur,3.58,13
270,NorthStar Raw Materials Group,Pune,4.34,9
271,GreenSource Chemical Industries Pvt Ltd,Kolkata,3.62,13
272,Metro Logistics Supply Group,Bangalore,4.95,14
273,Rapid Packaging Solutions Limited,Bangalore,4.34,13
274,NorthStar Corrugated Products Pvt Ltd,Surat,3.64,13
275,Omni Materials Group Group,Mumbai,4.04,5
276,Apex Adhesives Solutions,Chennai,3.84,5
277,Metro Raw Materials Corporation,Pune,4.26,11
278,Frontier Industrial Supply Group,Nagpur,3.7,9
279,Metro Packaging Solutions Pvt Ltd,Nagpur,4.71,5
280,United Industrial Supply Enterprises,Kolkata,4.51,6
281,United Manufacturing Co Corporation,Ahmedabad,3.85,6
282,GreenSource Print Supplies Solutions,Chennai,4.05,12
283,United Trading Company Corporation,Hyderabad,4.25,9
284,NextGen Corrugated Products Industries,Nagpur,3.71,7
285,Prime Polymers Solutions,Kolkata,4.33,4
286,Frontier Corrugated Products Limited,Bangalore,3.63,5
287,BlueLine Trading Company Pvt Ltd,Hyderabad,3.64,6
288,United Logistics Supply Group,Mumbai,4.12,9
289,Frontier Adhesives Industries,Hyderabad,4.99,8
290,Summit Industrial Supply Group,Pune,4.76,13
291,NorthStar Print Supplies Pvt Ltd,Delhi,3.56,10
292,Metro Print Supplies Solutions,Ahmedabad,4.42,4
293,Global Chemical Industries Industries,Delhi,4.32,14
294,Atlas Materials Group Enterprises,Pune,4.66,6
295,GreenSource Raw Materials Ltd,Chennai,4.13,15
296,Atlas Trading Company Limited,Pune,4.76,10
297,Atlas Materials Group Ltd,Surat,4.36,14
298,Metro Chemical Industries Enterprises,Mumbai,4.42,6
299,Zenith Procurement Services Pvt Ltd,Pune,4.29,8
300,Universal Materials Group Ltd,Hyderabad,4.81,3
301,Rapid Adhesives Corporation,Mumbai,4.04,4
302,SilverLine Paper Mills Limited,Nagpur,4.6,8
303,Metro Industrial Supply Group,Surat,4.01,13
304,NextGen Corrugated Products Solutions,Ahmedabad,4.45,15
305,Metro Raw Materials Solutions,Mumbai,3.94,3
306,Apex Logistics Supply Ltd,Kolkata,4.9,11
307,Rapid Corrugated Products Solutions,Bangalore,3.55,13
308,Apex Chemical Industries Group,Mumbai,4.8,8
309,BlueLine Raw Materials Group,Hyderabad,4.83,14
310,United Logistics Supply Enterprises,Kolkata,4.96,10
311,Pioneer Adhesives Corporation,Pune,4.59,4
312,Omni Manufacturing Co Pvt Ltd,Surat,3.94,4
313,Universal Adhesives Corporation,Bangalore,4.17,14
314,Omni Packaging Solutions Solutions,Kolkata,4.17,14
315,SilverLine Manufacturing Co Enterprises,Bangalore,4.46,15
316,Prime Raw Materials Enterprises,Kolkata,4.27,14
317,NextGen Industrial Supply Pvt Ltd,Nagpur,4.52,10
318,Prime Packaging Solutions Limited,Chennai,4.67,8
319,SilverLine Procurement Services Ltd,Nagpur,3.73,10
320,SilverLine Adhesives Solutions,Pune,4.36,11
321,SilverLine Procurement Services Group,Bangalore,3.87,4
322,Global Packaging Materials Pvt Ltd,Ahmedabad,4.28,11
323,Everest Chemical Industries Corporation,Ahmedabad,3.82,12
324,GreenSource Packaging Materials Solutions,Chennai,3.68,4
325,United Packaging Solutions Solutions,Pune,4.72,8
326,SilverLine Packaging Materials Limited,Surat,4.31,7
327,NextGen Packaging Materials Pvt Ltd,Kolkata,4.26,4
328,Apex Print Supplies Pvt Ltd,Chennai,4.69,3
329,SilverLine Materials Group Group,Ahmedabad,4.71,11
330,Metro Manufacturing Co Limited,Pune,3.96,14
331,Pioneer Materials Group Enterprises,Hyderabad,4.74,4
332,Metro Adhesives Limited,Ahmedabad,4.2,11
333,SilverLine Packaging Solutions Pvt Ltd,Delhi,4.15,3
334,Everest Materials Group Pvt Ltd,Bangalore,3.75,8
335,Summit Adhesives Corporation,Pune,3.88,13
336,Vertex Chemical Industries Pvt Ltd,Bangalore,4.42,4
337,Frontier Polymers Pvt Ltd,Nagpur,4.91,5
338,NextGen Polymers Group,Nagpur,3.56,3
339,Universal Industrial Supply Corporation,Chennai,4.65,9
340,Atlas Polymers Ltd,Ahmedabad,4.83,11
341,GreenSource Polymers Corporation,Ahmedabad,3.87,15
342,Rapid Chemical Industries Solutions,Pune,4.53,5
343,United Procurement Services Solutions,Ahmedabad,3.81,12
344,Metro Adhesives Group,Kolkata,4.96,5
345,SilverLine Materials Group Limited,Kolkata,3.86,4
346,BlueLine Trading Company Industries,Delhi,3.65,7
347,Rapid Corrugated Products Enterprises,Chennai,4.94,5
348,NorthStar Logistics Supply Group,Chennai,4.64,10
349,Frontier Trading Company Solutions,Bangalore,4.25,4
350,Rapid Materials Group Solutions,Chennai,3.82,8
351,Prime Industrial Supply Corporation,Ahmedabad,4.4,13
352,Pioneer Chemical Industries Ltd,Pune,4.15,7
353,SilverLine Print Supplies Enterprises,Kolkata,3.57,3
354,Zenith Materials Group Industries,Kolkata,4.33,4
355,Rapid Materials Group Solutions,Surat,3.92,12
356,Atlas Raw Materials Pvt Ltd,Pune,4.09,15
357,NorthStar Materials Group Group,Delhi,3.8,11
358,Rapid Materials Group Ltd,Mumbai,3.56,14
359,NorthStar Print Supplies Solutions,Surat,4.19,12
360,Frontier Packaging Solutions Group,Nagpur,3.98,9
361,Atlas Packaging Materials Corporation,Nagpur,4.0,11
362,Vertex Trading Company Corporation,Ahmedabad,4.72,8
363,NorthStar Polymers Limited,Hyderabad,4.38,15
364,Global Manufacturing Co Solutions,Bangalore,4.95,15
365,Zenith Manufacturing Co Industries,Mumbai,4.38,5
366,Frontier Polymers Enterprises,Delhi,4.73,6
367,Prime Manufacturing Co Limited,Chennai,3.53,8
368,Omni Packaging Solutions Enterprises,Chennai,4.12,15
369,Atlas Logistics Supply Solutions,Mumbai,4.56,11
370,Apex Materials Group Group,Ahmedabad,4.29,8
371,NextGen Trading Company Group,Surat,4.03,15
372,BlueLine Manufacturing Co Solutions,Chennai,4.94,7
373,Vertex Chemical Industries Industries,Bangalore,4.66,14
374,Apex Packaging Materials Solutions,Kolkata,4.22,11
375,BlueLine Chemical Industries Limited,Nagpur,4.51,9
376,Rapid Corrugated Products Group,Delhi,3.94,7
377,Universal Adhesives Solutions,Bangalore,4.62,6
378,Apex Corrugated Products Corporation,Surat,4.54,5
379,Everest Manufacturing Co Industries,Chennai,3.58,11
380,Summit Polymers Industries,Mumbai,3.65,8
381,Pioneer Raw Materials Pvt Ltd,Mumbai,4.95,5
382,Omni Polymers Solutions,Ahmedabad,4.48,15
383,GreenSource Adhesives Corporation,Mumbai,4.86,4
384,Zenith Paper Mills Ltd,Delhi,4.13,5
385,Prime Corrugated Products Enterprises,Ahmedabad,3.78,14
386,GreenSource Logistics Supply Ltd,Mumbai,3.95,12
387,Everest Logistics Supply Group,Bangalore,4.18,13
388,Vertex Materials Group Solutions,Delhi,4.78,10
389,BlueLine Paper Mills Limited,Kolkata,3.74,10
390,BlueLine Packaging Materials Pvt Ltd,Mumbai,4.6,15
391,GreenSource Manufacturing Co Industries,Delhi,4.42,13
392,Rapid Corrugated Products Enterprises,Surat,3.99,9
393,Everest Packaging Solutions Pvt Ltd,Ahmedabad,3.99,6
394,Global Chemical Industries Enterprises,Chennai,4.17,7
395,NorthStar Chemical Industries Ltd,Bangalore,4.48,14
396,Summit Industrial Supply Limited,Ahmedabad,3.96,9
397,Frontier Logistics Supply Corporation,Pune,4.46,7
398,SilverLine Manufacturing Co Industries,Chennai,4.94,10
399,Metro Trading Company Group,Hyderabad,4.55,10
400,Vertex Print Supplies Industries,Chennai,4.52,12
401,Universal Materials Group Solutions,Surat,4.56,4
402,Zenith Raw Materials Ltd,Surat,4.85,6
403,Zenith Materials Group Pvt Ltd,Delhi,3.99,11
404,United Raw Materials Industries,Nagpur,4.23,11
405,United Print Supplies Ltd,Ahmedabad,3.7,9
406,United Manufacturing Co Ltd,Surat,4.19,15
407,GreenSource Packaging Materials Ltd,Hyderabad,3.88,3
408,Apex Manufacturing Co Limited,Mumbai,4.14,14
409,Universal Materials Group Ltd,Pune,4.98,10
410,Prime Chemical Industries Enterprises,Delhi,4.65,15
411,Omni Adhesives Enterprises,Ahmedabad,4.8,9
412,Rapid Raw Materials Pvt Ltd,Kolkata,3.68,11
413,Rapid Materials Group Pvt Ltd,Chennai,4.75,15
414,Global Chemical Industries Solutions,Surat,4.14,9
415,Summit Paper Mills Solutions,Kolkata,3.73,6
416,Everest Industrial Supply Enterprises,Nagpur,4.65,3
417,Summit Paper Mills Limited,Pune,4.39,10
418,Atlas Polymers Ltd,Chennai,4.61,9
419,United Paper Mills Industries,Mumbai,3.71,7
420,Summit Corrugated Products Group,Nagpur,4.4,13
421,NorthStar Paper Mills Corporation,Delhi,4.98,11
422,Summit Procurement Services Corporation,Bangalore,3.59,12
423,NextGen Polymers Enterprises,Surat,4.24,8
424,Rapid Print Supplies Group,Hyderabad,4.11,7
425,Rapid Packaging Solutions Solutions,Chennai,4.77,7
426,Metro Print Supplies Solutions,Mumbai,4.34,9
427,Vertex Materials Group Pvt Ltd,Hyderabad,3.86,6
428,NorthStar Polymers Limited,Ahmedabad,4.77,4
429,Vertex Packaging Materials Industries,Mumbai,3.9,13
430,Atlas Manufacturing Co Ltd,Pune,3.78,15
431,Zenith Packaging Materials Industries,Ahmedabad,3.81,8
432,GreenSource Logistics Supply Ltd,Chennai,4.91,14
433,Everest Packaging Materials Solutions,Chennai,4.54,14
434,Apex Procurement Services Industries,Surat,3.98,7
435,Rapid Trading Company Group,Bangalore,3.89,11
436,Pioneer Trading Company Limited,Ahmedabad,4.64,8
437,Apex Adhesives Group,Hyderabad,3.57,6
438,Metro Industrial Supply Corporation,Surat,4.9,12
439,Omni Chemical Industries Pvt Ltd,Chennai,3.99,9
440,Zenith Corrugated Products Industries,Ahmedabad,4.33,13
441,NorthStar Chemical Industries Solutions,Ahmedabad,4.19,14
442,SilverLine Packaging Solutions Pvt Ltd,Surat,4.23,11
443,Prime Materials Group Ltd,Pune,4.92,13
444,Prime Print Supplies Ltd,Hyderabad,3.71,13
445,Summit Raw Materials Pvt Ltd,Mumbai,3.83,10
446,SilverLine Industrial Supply Solutions,Ahmedabad,3.52,11
447,Vertex Procurement Services Ltd,Mumbai,4.29,7
448,Vertex Chemical Industries Ltd,Surat,4.72,13
449,Omni Print Supplies Pvt Ltd,Pune,4.88,11
450,Metro Paper Mills Industries,Nagpur,4.29,8
451,BlueLine Print Supplies Enterprises,Pune,4.06,9
452,United Manufacturing Co Industries,Chennai,3.95,4
453,Prime Raw Materials Enterprises,Hyderabad,4.07,10
454,Prime Polymers Ltd,Delhi,3.62,9
455,NorthStar Manufacturing Co Limited,Surat,4.88,6
456,Apex Logistics Supply Solutions,Bangalore,3.57,4
457,BlueLine Logistics Supply Ltd,Delhi,4.89,8
458,Global Paper Mills Pvt Ltd,Hyderabad,4.89,7
459,NextGen Manufacturing Co Industries,Nagpur,4.75,9
460,Vertex Adhesives Enterprises,Delhi,4.69,14
461,Universal Materials Group Group,Mumbai,3.65,6
462,Universal Adhesives Enterprises,Kolkata,3.54,7
463,United Trading Company Industries,Kolkata,4.33,9
464,Omni Packaging Solutions Enterprises,Pune,4.66,7
465,Summit Packaging Materials Limited,Pune,3.9,9
466,Metro Packaging Materials Enterprises,Kolkata,4.04,4
467,Global Chemical Industries Solutions,Kolkata,4.64,4
468,Metro Raw Materials Pvt Ltd,Hyderabad,4.17,11
469,Frontier Procurement Services Limited,Mumbai,3.63,11
470,Universal Manufacturing Co Group,Hyderabad,3.52,9
471,Rapid Print Supplies Limited,Surat,4.86,6
472,Zenith Materials Group Pvt Ltd,Hyderabad,3.75,7
473,GreenSource Chemical Industries Solutions,Delhi,3.59,9
474,BlueLine Procurement Services Corporation,Ahmedabad,4.67,8
475,BlueLine Paper Mills Solutions,Nagpur,4.43,10
476,Everest Packaging Solutions Corporation,Mumbai,4.92,8
477,Atlas Procurement Services Group,Ahmedabad,4.0,13
478,Atlas Packaging Solutions Corporation,Kolkata,4.4,14
479,Apex Trading Company Group,Delhi,4.95,8
480,GreenSource Packaging Materials Solutions,Nagpur,4.67,8
481,Rapid Chemical Industries Enterprises,Kolkata,3.67,12
482,Apex Manufacturing Co Pvt Ltd,Surat,3.54,14
483,United Packaging Materials Industries,Ahmedabad,4.7,14
484,Universal Corrugated Products Enterprises,Ahmedabad,3.71,7
485,Summit Chemical Industries Pvt Ltd,Hyderabad,4.68,4
486,United Manufacturing Co Solutions,Nagpur,4.1,11
487,Omni Materials Group Ltd,Kolkata,4.55,15
488,Vertex Manufacturing Co Limited,Pune,4.65,13
489,SilverLine Packaging Solutions Ltd,Nagpur,4.98,13
490,Rapid Print Supplies Group,Hyderabad,3.66,4
491,BlueLine Paper Mills Industries,Ahmedabad,4.06,10
492,Zenith Packaging Materials Pvt Ltd,Kolkata,5.0,10
493,Everest Chemical Industries Enterprises,Pune,3.67,14
494,Metro Adhesives Corporation,Kolkata,4.18,6
495,Frontier Trading Company Group,Ahmedabad,3.65,14
496,United Adhesives Limited,Bangalore,3.57,14
497,Everest Industrial Supply Group,Pune,4.52,5
498,Summit Materials Group Pvt Ltd,Surat,3.74,11
499,Omni Trading Company Industries,Hyderabad,4.44,5
500,Omni Procurement Services Ltd,Nagpur,4.82,10
501,Zenith Procurement Services Enterprises,Mumbai,4.56,6
502,BlueLine Print Supplies Limited,Nagpur,3.65,11
503,NextGen Adhesives Group,Chennai,4.19,7
504,Pioneer Materials Group Group,Nagpur,4.08,9
505,Zenith Raw Materials Group,Kolkata,4.77,12
506,NextGen Corrugated Products Corporation,Nagpur,4.39,13
507,Metro Adhesives Limited,Chennai,3.96,5
508,SilverLine Packaging Materials Pvt Ltd,Surat,4.08,12
509,Metro Manufacturing Co Enterprises,Hyderabad,3.78,13
510,Vertex Packaging Materials Pvt Ltd,Surat,3.75,7
511,Metro Packaging Solutions Group,Ahmedabad,4.43,8
512,Global Trading Company Pvt Ltd,Chennai,4.72,11
513,Frontier Polymers Solutions,Hyderabad,4.53,9
514,United Trading Company Pvt Ltd,Pune,4.35,15
515,Summit Chemical Industries Ltd,Bangalore,3.84,7
516,NextGen Print Supplies Solutions,Nagpur,4.61,15
517,Pioneer Materials Group Limited,Nagpur,3.67,15
518,Vertex Corrugated Products Group,Surat,4.73,3
519,United Materials Group Industries,Hyderabad,3.65,13
520,Summit Chemical Industries Ltd,Ahmedabad,3.89,4
521,United Corrugated Products Limited,Chennai,3.81,14
522,Zenith Packaging Materials Group,Nagpur,4.45,5
523,Atlas Packaging Solutions Industries,Chennai,4.71,12
524,SilverLine Materials Group Corporation,Nagpur,4.31,8
525,GreenSource Chemical Industries Corporation,Surat,4.98,13
526,Everest Packaging Solutions Enterprises,Mumbai,4.99,13
527,Metro Packaging Materials Pvt Ltd,Chennai,3.72,8
528,Summit Print Supplies Enterprises,Ahmedabad,3.71,13
529,BlueLine Polymers Enterprises,Hyderabad,4.18,13
530,Universal Procurement Services Corporation,Kolkata,4.18,10
531,NorthStar Manufacturing Co Ltd,Pune,4.6,10
532,SilverLine Corrugated Products Limited,Surat,4.1,9
533,Apex Trading Company Corporation,Kolkata,4.74,8
534,Vertex Manufacturing Co Pvt Ltd,Nagpur,4.78,15
535,NorthStar Logistics Supply Ltd,Mumbai,3.65,15
536,United Industrial Supply Limited,Delhi,4.16,3
537,Omni Paper Mills Pvt Ltd,Bangalore,3.74,7
538,Universal Polymers Group,Bangalore,3.62,13
539,NextGen Industrial Supply Enterprises,Bangalore,4.59,15
540,Summit Procurement Services Limited,Pune,3.5,10
541,Universal Packaging Solutions Industries,Surat,4.52,3
542,Global Packaging Materials Group,Pune,4.98,9
543,Metro Trading Company Limited,Chennai,4.07,14
544,Everest Raw Materials Group,Kolkata,4.82,5
545,Rapid Print Supplies Pvt Ltd,Delhi,3.6,12
546,Global Manufacturing Co Pvt Ltd,Ahmedabad,4.03,6
547,Metro Logistics Supply Enterprises,Nagpur,4.53,6
548,Universal Logistics Supply Limited,Delhi,4.63,12
549,Rapid Adhesives Enterprises,Kolkata,4.69,6
550,BlueLine Polymers Limited,Chennai,4.33,12
551,Atlas Chemical Industries Ltd,Bangalore,3.81,12
552,Frontier Paper Mills Enterprises,Bangalore,4.47,15
553,Summit Trading Company Enterprises,Pune,3.86,13
554,Atlas Raw Materials Ltd,Kolkata,4.9,5
555,Rapid Corrugated Products Enterprises,Kolkata,4.32,5
556,Pioneer Print Supplies Limited,Mumbai,4.38,3
557,BlueLine Paper Mills Ltd,Mumbai,4.92,9
558,Frontier Chemical Industries Enterprises,Hyderabad,4.55,4
559,Vertex Materials Group Pvt Ltd,Bangalore,3.63,4
560,Frontier Logistics Supply Industries,Delhi,4.3,9
561,Zenith Polymers Limited,Bangalore,4.55,14
562,Summit Industrial Supply Industries,Pune,4.89,4
563,United Manufacturing Co Ltd,Bangalore,4.5,13
564,NextGen Raw Materials Ltd,Delhi,4.55,5
565,Pioneer Adhesives Corporation,Delhi,4.06,14
566,BlueLine Packaging Materials Limited,Mumbai,4.0,9
567,BlueLine Materials Group Limited,Bangalore,4.57,12
568,Universal Trading Company Solutions,Surat,4.04,10
569,Zenith Packaging Solutions Group,Delhi,3.88,4
570,Zenith Polymers Limited,Chennai,4.61,3
571,Prime Corrugated Products Ltd,Chennai,3.57,8
572,Rapid Logistics Supply Pvt Ltd,Delhi,4.9,3
573,Vertex Print Supplies Enterprises,Chennai,3.98,9
574,NorthStar Chemical Industries Limited,Nagpur,4.06,11
575,Prime Packaging Solutions Industries,Surat,4.97,9
576,Universal Logistics Supply Solutions,Bangalore,4.66,7
577,NorthStar Raw Materials Solutions,Mumbai,4.05,7
578,Zenith Print Supplies Corporation,Nagpur,3.86,8
579,Zenith Trading Company Industries,Surat,4.64,6
580,Metro Industrial Supply Enterprises,Mumbai,3.85,8
581,Global Adhesives Ltd,Hyderabad,4.77,14
582,GreenSource Raw Materials Industries,Surat,4.97,9
583,Pioneer Industrial Supply Pvt Ltd,Bangalore,3.64,6
584,Frontier Procurement Services Group,Ahmedabad,4.96,4
585,Zenith Raw Materials Pvt Ltd,Hyderabad,3.61,12
586,Prime Procurement Services Pvt Ltd,Chennai,3.94,8
587,Rapid Packaging Materials Group,Kolkata,4.18,6
588,Universal Paper Mills Pvt Ltd,Nagpur,3.66,4
589,NextGen Trading Company Solutions,Kolkata,4.11,11
590,SilverLine Print Supplies Industries,Ahmedabad,3.96,7
591,Everest Raw Materials Pvt Ltd,Bangalore,4.74,14
592,Atlas Industrial Supply Industries,Kolkata,3.72,14
593,Summit Adhesives Enterprises,Surat,3.57,7
594,BlueLine Corrugated Products Pvt Ltd,Mumbai,4.93,10
595,Vertex Packaging Materials Industries,Pune,4.19,15
596,Metro Raw Materials Ltd,Mumbai,4.75,6
597,Metro Paper Mills Enterprises,Kolkata,4.53,13
598,Universal Manufacturing Co Corporation,Pune,3.53,4
599,Apex Logistics Supply Solutions,Delhi,3.64,15
600,NorthStar Raw Materials Ltd,Ahmedabad,3.58,12
601,Omni Corrugated Products Enterprises,Ahmedabad,3.54,13
602,Omni Packaging Solutions Group,Chennai,4.86,7
603,BlueLine Trading Company Pvt Ltd,Mumbai,4.42,12
604,Summit Polymers Corporation,Ahmedabad,4.12,11
605,Pioneer Industrial Supply Limited,Bangalore,4.07,9
606,Apex Polymers Industries,Surat,4.69,9
607,SilverLine Trading Company Solutions,Kolkata,4.87,11
608,NorthStar Procurement Services Corporation,Delhi,3.54,12
609,Summit Industrial Supply Corporation,Mumbai,4.71,10
610,Frontier Adhesives Industries,Delhi,3.65,13
611,Summit Chemical Industries Ltd,Chennai,4.36,15
612,Rapid Adhesives Pvt Ltd,Delhi,3.85,8
613,SilverLine Logistics Supply Ltd,Kolkata,4.92,12
614,Metro Manufacturing Co Industries,Ahmedabad,4.31,5
615,Pioneer Industrial Supply Limited,Mumbai,3.85,6
616,Global Materials Group Solutions,Mumbai,4.0,12
617,Apex Print Supplies Pvt Ltd,Kolkata,4.58,15
618,NorthStar Industrial Supply Ltd,Delhi,4.38,5
619,Everest Corrugated Products Group,Pune,4.06,13
620,Rapid Manufacturing Co Limited,Kolkata,3.95,5
621,NextGen Packaging Materials Enterprises,Ahmedabad,4.47,5
622,Vertex Packaging Materials Group,Chennai,4.5,5
623,Rapid Chemical Industries Corporation,Delhi,3.77,3
624,Zenith Procurement Services Ltd,Delhi,4.4,15
625,Atlas Paper Mills Limited,Ahmedabad,3.71,14
626,Universal Paper Mills Group,Kolkata,3.75,4
627,NorthStar Trading Company Ltd,Bangalore,3.81,14
628,Universal Adhesives Corporation,Pune,4.58,3
629,Rapid Trading Company Enterprises,Delhi,4.83,10
630,Rapid Adhesives Enterprises,Pune,4.74,15
631,Zenith Polymers Industries,Delhi,4.18,15
632,Prime Chemical Industries Ltd,Kolkata,3.89,4
633,Universal Adhesives Pvt Ltd,Hyderabad,3.74,4
634,Vertex Logistics Supply Limited,Kolkata,4.39,12
635,Pioneer Packaging Materials Ltd,Hyderabad,4.91,5
636,Atlas Logistics Supply Enterprises,Delhi,3.58,8
637,Apex Paper Mills Enterprises,Surat,4.58,14
638,Vertex Chemical Industries Corporation,Bangalore,3.86,3
639,Rapid Manufacturing Co Solutions,Delhi,3.58,3
640,Omni Raw Materials Corporation,Nagpur,4.22,4
641,Global Paper Mills Pvt Ltd,Bangalore,4.97,10
642,Everest Chemical Industries Enterprises,Ahmedabad,4.23,13
643,BlueLine Raw Materials Enterprises,Delhi,4.06,9
644,SilverLine Packaging Solutions Solutions,Mumbai,3.89,10
645,BlueLine Paper Mills Corporation,Nagpur,3.59,15
646,Everest Raw Materials Group,Surat,4.12,15
647,Zenith Paper Mills Ltd,Hyderabad,4.73,9
648,Vertex Polymers Solutions,Nagpur,4.82,10
649,GreenSource Raw Materials Enterprises,Mumbai,4.25,11
650,Zenith Polymers Pvt Ltd,Pune,4.92,10
651,NextGen Packaging Solutions Industries,Chennai,3.69,9
652,Universal Polymers Enterprises,Chennai,5.0,13
653,Metro Corrugated Products Corporation,Kolkata,4.87,15
654,Universal Raw Materials Enterprises,Surat,4.1,8
655,BlueLine Materials Group Solutions,Mumbai,4.68,12
656,Zenith Materials Group Enterprises,Pune,4.12,5
657,Zenith Manufacturing Co Limited,Pune,4.34,4
658,GreenSource Corrugated Products Group,Hyderabad,3.9,13
659,Pioneer Manufacturing Co Solutions,Mumbai,3.76,9
660,Metro Manufacturing Co Enterprises,Mumbai,4.09,8
661,Summit Industrial Supply Solutions,Bangalore,4.85,3
662,NorthStar Corrugated Products Corporation,Bangalore,3.92,10
663,Everest Corrugated Products Industries,Delhi,3.95,14
664,United Print Supplies Group,Bangalore,4.59,12
665,Universal Paper Mills Solutions,Chennai,4.87,9
666,Pioneer Print Supplies Group,Mumbai,4.27,5
667,Universal Chemical Industries Enterprises,Delhi,4.67,11
668,Zenith Industrial Supply Pvt Ltd,Chennai,4.81,6
669,Prime Paper Mills Ltd,Ahmedabad,3.58,8
670,Apex Chemical Industries Group,Ahmedabad,4.26,13
671,Everest Polymers Ltd,Chennai,4.06,12
672,United Packaging Solutions Solutions,Nagpur,4.33,8
673,NextGen Corrugated Products Corporation,Pune,3.93,9
674,Prime Packaging Solutions Industries,Chennai,4.47,13
675,Apex Chemical Industries Enterprises,Surat,3.53,15
676,Global Trading Company Pvt Ltd,Delhi,4.4,3
677,Summit Chemical Industries Corporation,Bangalore,4.14,9
678,SilverLine Trading Company Corporation,Chennai,4.2,13
679,Frontier Corrugated Products Enterprises,Nagpur,3.65,11
680,SilverLine Materials Group Corporation,Bangalore,4.53,10
681,Universal Adhesives Corporation,Kolkata,4.79,7
682,GreenSource Paper Mills Pvt Ltd,Surat,4.65,3
683,Atlas Procurement Services Group,Delhi,4.58,13
684,Pioneer Chemical Industries Corporation,Hyderabad,4.11,14
685,Prime Manufacturing Co Industries,Kolkata,4.59,6
686,Vertex Polymers Solutions,Kolkata,4.26,5
687,Vertex Packaging Solutions Corporation,Pune,4.21,14
688,BlueLine Packaging Materials Pvt Ltd,Kolkata,4.48,6
689,SilverLine Paper Mills Corporation,Hyderabad,4.68,8
690,SilverLine Chemical Industries Corporation,Ahmedabad,4.78,10
691,Prime Corrugated Products Limited,Ahmedabad,4.83,11
692,Everest Corrugated Products Enterprises,Surat,3.95,3
693,Metro Packaging Solutions Industries,Kolkata,4.11,12
694,United Packaging Solutions Group,Delhi,4.67,10
695,NorthStar Polymers Pvt Ltd,Kolkata,4.45,3
696,United Chemical Industries Industries,Delhi,4.36,5
697,Pioneer Print Supplies Limited,Delhi,4.42,13
698,Omni Procurement Services Enterprises,Ahmedabad,4.07,3
699,Vertex Paper Mills Group,Mumbai,4.84,15
700,Frontier Paper Mills Ltd,Mumbai,4.44,6
701,Summit Packaging Materials Group,Bangalore,3.69,9
702,Frontier Manufacturing Co Corporation,Delhi,3.6,3
703,GreenSource Chemical Industries Solutions,Surat,4.39,8
704,Omni Logistics Supply Pvt Ltd,Kolkata,4.99,10
705,SilverLine Print Supplies Industries,Delhi,4.92,15
706,Rapid Industrial Supply Industries,Chennai,4.59,5
707,Apex Packaging Materials Ltd,Nagpur,4.26,4
708,SilverLine Packaging Materials Ltd,Hyderabad,4.81,7
709,Vertex Manufacturing Co Ltd,Nagpur,4.99,13
710,Everest Polymers Ltd,Mumbai,4.53,9
711,United Procurement Services Limited,Surat,3.88,14
712,Metro Paper Mills Ltd,Bangalore,4.13,4
713,Frontier Chemical Industries Pvt Ltd,Hyderabad,4.75,4
714,Frontier Packaging Materials Limited,Bangalore,3.67,4
715,Pioneer Paper Mills Industries,Bangalore,4.75,6
716,SilverLine Packaging Materials Enterprises,Bangalore,3.74,11
717,Pioneer Logistics Supply Industries,Ahmedabad,4.0,3
718,Global Polymers Limited,Pune,4.75,13
719,Pioneer Packaging Solutions Limited,Surat,3.61,14
720,Everest Logistics Supply Corporation,Chennai,4.19,7
721,BlueLine Trading Company Ltd,Pune,4.72,3
722,GreenSource Adhesives Group,Hyderabad,4.61,4
723,Prime Industrial Supply Pvt Ltd,Delhi,3.99,10
724,Atlas Chemical Industries Limited,Kolkata,4.72,5
725,Everest Procurement Services Enterprises,Ahmedabad,3.91,9
726,Pioneer Print Supplies Enterprises,Delhi,3.67,14
727,Prime Corrugated Products Pvt Ltd,Pune,4.12,12
728,Pioneer Print Supplies Solutions,Delhi,4.42,15
729,SilverLine Manufacturing Co Ltd,Delhi,4.22,10
730,Everest Logistics Supply Enterprises,Ahmedabad,3.57,7
731,NorthStar Industrial Supply Industries,Kolkata,4.28,14
732,Atlas Raw Materials Enterprises,Chennai,4.22,13
733,Rapid Packaging Solutions Ltd,Mumbai,4.47,5
734,Frontier Corrugated Products Solutions,Ahmedabad,4.8,4
735,Pioneer Adhesives Industries,Kolkata,4.96,3
736,Frontier Paper Mills Enterprises,Hyderabad,4.73,4
737,United Trading Company Solutions,Pune,4.78,10
738,NorthStar Raw Materials Solutions,Mumbai,3.65,9
739,Prime Materials Group Ltd,Pune,4.69,12
740,GreenSource Logistics Supply Industries,Ahmedabad,4.93,8
741,Prime Corrugated Products Industries,Ahmedabad,4.0,15
742,Atlas Manufacturing Co Solutions,Kolkata,4.57,4
743,Everest Print Supplies Industries,Mumbai,4.01,13
744,GreenSource Materials Group Group,Pune,3.57,5
745,Pioneer Packaging Solutions Enterprises,Pune,3.88,6
746,Apex Raw Materials Enterprises,Chennai,4.19,15
747,Apex Packaging Materials Group,Pune,4.64,3
748,Zenith Raw Materials Solutions,Ahmedabad,4.49,11
749,Metro Trading Company Ltd,Surat,4.6,11
750,Omni Corrugated Products Solutions,Surat,4.67,5
751,Zenith Packaging Solutions Pvt Ltd,Pune,4.08,12
752,Atlas Logistics Supply Group,Surat,4.82,9
753,Atlas Logistics Supply Industries,Bangalore,4.1,8
754,GreenSource Trading Company Pvt Ltd,Delhi,4.12,14
755,Frontier Chemical Industries Group,Surat,4.45,6
756,Apex Manufacturing Co Corporation,Kolkata,4.88,5
757,NextGen Materials Group Group,Pune,4.64,11
758,Pioneer Manufacturing Co Enterprises,Surat,3.93,9
759,Global Materials Group Limited,Mumbai,4.07,3
760,Prime Paper Mills Corporation,Delhi,4.98,13
761,BlueLine Packaging Solutions Ltd,Bangalore,3.81,11
762,Prime Adhesives Solutions,Pune,4.42,13
763,Vertex Corrugated Products Industries,Surat,4.08,11
764,GreenSource Packaging Materials Ltd,Hyderabad,4.08,15
765,NorthStar Materials Group Ltd,Mumbai,4.62,6
766,Atlas Corrugated Products Solutions,Chennai,4.87,14
767,SilverLine Print Supplies Industries,Chennai,3.94,5
768,Universal Packaging Solutions Pvt Ltd,Surat,3.68,3
769,Omni Chemical Industries Corporation,Delhi,3.74,7
770,Global Adhesives Solutions,Delhi,3.56,8
771,Atlas Industrial Supply Corporation,Ahmedabad,4.68,11
772,SilverLine Raw Materials Group,Surat,3.83,5
773,Frontier Raw Materials Pvt Ltd,Hyderabad,4.31,9
774,Universal Adhesives Industries,Chennai,4.5,8
775,SilverLine Chemical Industries Industries,Nagpur,4.3,11
776,Global Raw Materials Group,Ahmedabad,3.86,13
777,Atlas Logistics Supply Industries,Mumbai,4.52,8
778,Rapid Logistics Supply Limited,Hyderabad,3.88,14
779,GreenSource Industrial Supply Group,Surat,4.7,10
780,Pioneer Industrial Supply Corporation,Chennai,3.98,4
781,Everest Packaging Solutions Ltd,Pune,3.82,13
782,Apex Corrugated Products Enterprises,Pune,3.81,14
783,Omni Polymers Limited,Delhi,3.54,14
784,NorthStar Industrial Supply Limited,Pune,3.58,15
785,BlueLine Materials Group Limited,Nagpur,4.73,7
786,Omni Procurement Services Solutions,Hyderabad,4.15,3
787,Rapid Polymers Limited,Surat,3.51,14
788,Atlas Raw Materials Ltd,Pune,4.04,11
789,Everest Chemical Industries Corporation,Nagpur,3.63,15
790,United Procurement Services Enterprises,Mumbai,4.21,11
791,Summit Packaging Solutions Enterprises,Surat,3.94,13
792,Metro Chemical Industries Group,Mumbai,4.33,11
793,Metro Raw Materials Ltd,Mumbai,4.36,9
794,Vertex Materials Group Limited,Bangalore,3.82,14
795,SilverLine Paper Mills Enterprises,Surat,3.71,5
796,Summit Manufacturing Co Corporation,Chennai,3.67,13
797,Zenith Corrugated Products Ltd,Surat,4.19,11
798,Universal Chemical Industries Limited,Bangalore,3.65,14
799,Zenith Trading Company Group,Kolkata,3.69,13
800,Summit Raw Materials Corporation,Nagpur,3.6,6
801,NorthStar Trading Company Solutions,Kolkata,4.42,7
802,Zenith Packaging Solutions Group,Kolkata,4.94,5
803,Global Adhesives Industries,Chennai,4.57,13
804,Omni Chemical Industries Group,Delhi,4.52,8
805,Pioneer Trading Company Solutions,Kolkata,4.66,10
806,Vertex Raw Materials Pvt Ltd,Nagpur,3.62,7
807,Metro Logistics Supply Industries,Bangalore,4.6,13
808,Universal Packaging Materials Limited,Mumbai,4.77,13
809,Global Corrugated Products Enterprises,Nagpur,3.82,3
810,Vertex Chemical Industries Solutions,Delhi,4.05,6
811,Zenith Packaging Materials Corporation,Delhi,4.2,11
812,Universal Procurement Services Group,Surat,3.52,6
813,Atlas Polymers Pvt Ltd,Surat,3.71,5
814,NextGen Manufacturing Co Pvt Ltd,Ahmedabad,4.91,3
815,Summit Print Supplies Solutions,Chennai,3.59,8
816,Summit Industrial Supply Industries,Surat,4.86,8
817,Rapid Trading Company Solutions,Mumbai,3.56,13
818,NorthStar Raw Materials Corporation,Bangalore,4.37,12
819,NextGen Procurement Services Enterprises,Kolkata,4.38,4
820,Frontier Chemical Industries Enterprises,Chennai,4.27,8
821,SilverLine Trading Company Solutions,Nagpur,3.51,5
822,United Packaging Solutions Industries,Pune,4.27,7
823,Apex Packaging Solutions Pvt Ltd,Delhi,4.04,14
824,Everest Polymers Industries,Hyderabad,4.72,14
825,Everest Trading Company Solutions,Ahmedabad,3.82,5
826,Omni Industrial Supply Industries,Mumbai,3.69,12
827,NextGen Packaging Solutions Ltd,Nagpur,3.72,5
828,BlueLine Logistics Supply Pvt Ltd,Surat,4.94,12
829,Zenith Polymers Ltd,Bangalore,4.92,6
830,United Manufacturing Co Solutions,Ahmedabad,3.76,9
831,Atlas Packaging Solutions Pvt Ltd,Nagpur,4.49,7
832,NextGen Packaging Materials Group,Ahmedabad,4.39,4
833,Summit Procurement Services Enterprises,Delhi,3.66,6
834,Frontier Corrugated Products Enterprises,Delhi,4.41,5
835,Pioneer Logistics Supply Ltd,Surat,4.25,4
836,Universal Trading Company Pvt Ltd,Nagpur,4.31,3
837,Omni Materials Group Enterprises,Kolkata,4.81,14
838,Frontier Procurement Services Industries,Ahmedabad,4.68,9
839,SilverLine Manufacturing Co Limited,Hyderabad,3.7,10
840,Summit Logistics Supply Limited,Bangalore,4.4,11
841,Omni Chemical Industries Industries,Mumbai,4.56,15
842,Global Manufacturing Co Limited,Surat,3.51,13
843,Apex Packaging Materials Group,Hyderabad,4.04,5
844,Omni Polymers Corporation,Bangalore,4.78,9
845,Zenith Adhesives Corporation,Hyderabad,4.63,9
846,Vertex Print Supplies Solutions,Delhi,4.06,11
847,Pioneer Chemical Industries Corporation,Nagpur,4.02,14
848,Rapid Packaging Materials Pvt Ltd,Pune,4.62,10
849,NextGen Raw Materials Industries,Surat,4.1,8
850,Vertex Manufacturing Co Ltd,Delhi,4.08,13
851,Global Print Supplies Limited,Delhi,4.21,12
852,Omni Raw Materials Limited,Bangalore,3.83,4
853,Atlas Industrial Supply Enterprises,Hyderabad,4.42,11
854,GreenSource Packaging Materials Ltd,Delhi,4.46,10
855,Global Paper Mills Corporation,Chennai,3.55,12
856,Frontier Materials Group Industries,Nagpur,3.75,3
857,SilverLine Paper Mills Ltd,Delhi,3.63,7
858,Rapid Adhesives Enterprises,Hyderabad,4.38,11
859,Global Packaging Materials Limited,Pune,4.32,14
860,Vertex Logistics Supply Group,Kolkata,4.94,7
861,Summit Manufacturing Co Industries,Ahmedabad,4.89,12
862,Global Chemical Industries Pvt Ltd,Hyderabad,4.26,11
863,Universal Materials Group Corporation,Kolkata,4.92,15
864,Frontier Chemical Industries Corporation,Ahmedabad,4.95,12
865,Pioneer Print Supplies Industries,Kolkata,4.94,10
866,United Logistics Supply Ltd,Ahmedabad,3.67,4
867,Rapid Polymers Industries,Chennai,4.7,9
868,SilverLine Materials Group Ltd,Bangalore,3.87,4
869,Rapid Polymers Group,Pune,4.33,5
870,Pioneer Adhesives Group,Chennai,4.84,7
871,NextGen Packaging Materials Industries,Ahmedabad,4.61,6
872,Summit Corrugated Products Corporation,Chennai,3.84,6
873,Atlas Adhesives Pvt Ltd,Pune,3.68,4
874,Pioneer Manufacturing Co Ltd,Surat,4.94,10
875,SilverLine Manufacturing Co Group,Ahmedabad,4.85,12
876,BlueLine Trading Company Pvt Ltd,Surat,3.92,6
877,Zenith Packaging Solutions Ltd,Surat,4.7,10
878,Vertex Industrial Supply Group,Hyderabad,4.79,15
879,NextGen Trading Company Limited,Surat,4.19,14
880,Global Industrial Supply Industries,Hyderabad,4.37,8
881,SilverLine Manufacturing Co Corporation,Delhi,4.32,6
882,BlueLine Trading Company Group,Kolkata,3.78,9
883,Apex Procurement Services Group,Kolkata,4.78,7
884,United Packaging Solutions Pvt Ltd,Nagpur,4.53,4
885,BlueLine Print Supplies Industries,Surat,4.15,9
886,Apex Packaging Solutions Pvt Ltd,Ahmedabad,4.71,5
887,Omni Trading Company Pvt Ltd,Surat,4.3,8
888,Pioneer Chemical Industries Corporation,Surat,4.79,3
889,Rapid Raw Materials Pvt Ltd,Mumbai,3.82,7
890,Pioneer Corrugated Products Limited,Ahmedabad,4.62,7
891,SilverLine Adhesives Corporation,Kolkata,3.53,4
892,SilverLine Corrugated Products Industries,Nagpur,4.36,13
893,Vertex Packaging Solutions Corporation,Kolkata,3.99,11
894,Pioneer Print Supplies Solutions,Pune,4.07,7
895,United Polymers Pvt Ltd,Delhi,4.46,8
896,Omni Polymers Enterprises,Pune,3.62,8
897,Summit Adhesives Group,Bangalore,4.57,12
898,Rapid Chemical Industries Solutions,Kolkata,4.62,11
899,United Procurement Services Pvt Ltd,Delhi,4.78,5
900,Summit Polymers Corporation,Pune,3.82,9
901,Everest Raw Materials Limited,Ahmedabad,4.32,3
902,Rapid Materials Group Limited,Pune,3.89,5
903,Universal Polymers Enterprises,Bangalore,3.84,14
904,GreenSource Trading Company Pvt Ltd,Delhi,4.29,5
905,Global Industrial Supply Group,Kolkata,4.8,10
906,Vertex Logistics Supply Corporation,Surat,4.17,14
907,Vertex Packaging Solutions Solutions,Nagpur,4.15,13
908,Vertex Chemical Industries Group,Ahmedabad,4.31,15
909,Universal Trading Company Corporation,Kolkata,4.12,5
910,GreenSource Industrial Supply Ltd,Surat,4.72,5
911,SilverLine Chemical Industries Solutions,Surat,3.51,10
912,Pioneer Chemical Industries Ltd,Hyderabad,4.7,12
913,Summit Print Supplies Ltd,Surat,4.06,9
914,Vertex Procurement Services Enterprises,Chennai,3.74,14
915,Rapid Corrugated Products Enterprises,Chennai,3.89,9
916,Summit Materials Group Corporation,Bangalore,4.47,11
917,BlueLine Procurement Services Industries,Pune,3.77,7
918,Everest Polymers Solutions,Nagpur,4.18,14
919,Atlas Trading Company Industries,Kolkata,3.53,3
920,Vertex Industrial Supply Pvt Ltd,Pune,3.92,5
921,United Packaging Materials Ltd,Chennai,3.64,3
922,Pioneer Paper Mills Group,Hyderabad,3.97,15
923,Pioneer Adhesives Solutions,Mumbai,4.0,15
924,Metro Industrial Supply Corporation,Hyderabad,3.61,10
925,NextGen Paper Mills Corporation,Hyderabad,4.74,4
926,Summit Procurement Services Solutions,Chennai,4.61,3
927,Apex Trading Company Limited,Surat,4.5,6
928,Pioneer Procurement Services Corporation,Kolkata,3.74,14
929,Prime Packaging Materials Limited,Bangalore,4.22,7
930,Apex Adhesives Ltd,Chennai,4.96,6
931,Omni Adhesives Ltd,Delhi,4.69,12
932,Everest Procurement Services Industries,Mumbai,4.95,12
933,Pioneer Packaging Materials Pvt Ltd,Kolkata,4.66,6
934,NextGen Trading Company Limited,Nagpur,4.01,15
935,Prime Industrial Supply Group,Delhi,4.55,15
936,Everest Packaging Solutions Solutions,Chennai,3.98,11
937,SilverLine Print Supplies Solutions,Chennai,3.53,9
938,SilverLine Packaging Materials Pvt Ltd,Bangalore,4.85,10
939,United Materials Group Corporation,Surat,4.55,6
940,Zenith Packaging Solutions Group,Kolkata,4.6,7
941,Atlas Logistics Supply Pvt Ltd,Pune,4.3,10
942,GreenSource Corrugated Products Corporation,Surat,4.05,3
943,Frontier Procurement Services Pvt Ltd,Mumbai,4.43,8
944,Atlas Paper Mills Group,Pune,4.49,11
945,Rapid Paper Mills Solutions,Surat,3.73,7
946,NorthStar Procurement Services Group,Pune,3.64,13
947,Universal Industrial Supply Pvt Ltd,Delhi,4.81,6
948,Everest Trading Company Industries,Pune,3.55,13
949,Rapid Polymers Solutions,Surat,4.44,12
950,BlueLine Industrial Supply Group,Chennai,4.41,4
951,Global Logistics Supply Industries,Ahmedabad,4.89,4
952,United Print Supplies Ltd,Kolkata,4.34,9
953,SilverLine Print Supplies Ltd,Nagpur,3.9,3
954,Universal Corrugated Products Corporation,Pune,4.92,11
955,Everest Raw Materials Industries,Surat,4.08,6
956,Frontier Polymers Industries,Nagpur,4.44,5
957,Vertex Packaging Materials Enterprises,Pune,4.65,12
958,SilverLine Polymers Solutions,Hyderabad,4.82,5
959,NextGen Materials Group Enterprises,Surat,4.01,5
960,Vertex Manufacturing Co Solutions,Kolkata,4.85,11
961,NorthStar Corrugated Products Group,Hyderabad,4.65,9
962,NorthStar Manufacturing Co Industries,Nagpur,4.32,9
963,Vertex Logistics Supply Corporation,Kolkata,4.94,10
964,Rapid Industrial Supply Ltd,Bangalore,4.39,11
965,Metro Logistics Supply Corporation,Mumbai,3.95,6
966,Apex Corrugated Products Group,Mumbai,4.66,14
967,BlueLine Logistics Supply Pvt Ltd,Pune,3.56,8
968,Metro Packaging Solutions Corporation,Kolkata,4.83,6
969,Summit Chemical Industries Corporation,Pune,4.36,12
970,Apex Packaging Materials Limited,Kolkata,4.69,5
971,Pioneer Corrugated Products Limited,Nagpur,4.46,3
972,Zenith Procurement Services Limited,Mumbai,4.88,8
973,SilverLine Logistics Supply Enterprises,Hyderabad,4.9,4
974,Summit Packaging Materials Ltd,Hyderabad,3.58,11
975,Prime Adhesives Pvt Ltd,Kolkata,4.25,6
976,Metro Industrial Supply Enterprises,Ahmedabad,4.63,12
977,Frontier Raw Materials Industries,Hyderabad,3.93,9
978,Metro Packaging Solutions Group,Pune,4.21,14
979,Prime Materials Group Enterprises,Bangalore,3.63,11
980,Omni Print Supplies Pvt Ltd,Delhi,4.22,6
981,Pioneer Procurement Services Industries,Surat,4.42,14
982,Frontier Paper Mills Industries,Pune,3.9,9
983,NorthStar Polymers Limited,Pune,4.51,9
984,SilverLine Adhesives Industries,Kolkata,4.02,13
985,Global Print Supplies Corporation,Delhi,4.98,12
986,United Manufacturing Co Pvt Ltd,Ahmedabad,3.57,6
987,Apex Polymers Group,Delhi,4.64,4
988,Everest Packaging Materials Ltd,Chennai,4.92,5
989,GreenSource Industrial Supply Group,Pune,3.96,10
990,Global Adhesives Industries,Surat,3.82,11
991,Frontier Print Supplies Corporation,Surat,4.22,14
992,Metro Packaging Materials Ltd,Hyderabad,4.37,13
993,Frontier Industrial Supply Corporation,Delhi,3.59,6
994,Atlas Chemical Industries Ltd,Ahmedabad,4.48,3
995,Universal Procurement Services Corporation,Kolkata,4.8,3
996,GreenSource Corrugated Products Enterprises,Chennai,4.97,11
997,Everest Logistics Supply Group,Ahmedabad,4.8,11
998,Universal Packaging Solutions Industries,Surat,4.95,11
999,Global Industrial Supply Industries,Surat,3.96,10
1000,Rapid Packaging Materials Pvt Ltd,Mumbai,4.02,8
1001,SilverLine Polymers Corporation,Chennai,4.99,11
1002,BlueLine Print Supplies Ltd,Bangalore,4.82,3
1003,Vertex Chemical Industries Industries,Delhi,4.01,9
1004,Metro Raw Materials Enterprises,Surat,4.94,12
1005,Summit Procurement Services Industries,Nagpur,3.73,7
1006,Atlas Adhesives Solutions,Surat,3.7,13
1007,Metro Manufacturing Co Industries,Delhi,3.96,14
1008,Frontier Logistics Supply Pvt Ltd,Hyderabad,4.99,15
1009,Metro Polymers Pvt Ltd,Kolkata,3.6,11
1010,Everest Packaging Solutions Group,Delhi,4.59,15
1011,NorthStar Logistics Supply Enterprises,Hyderabad,3.96,14
1012,BlueLine Packaging Solutions Industries,Pune,3.7,3
1013,Atlas Manufacturing Co Corporation,Nagpur,4.35,6
1014,Atlas Paper Mills Industries,Mumbai,4.04,14
1015,Pioneer Packaging Solutions Solutions,Kolkata,3.78,9
1016,Pioneer Trading Company Pvt Ltd,Delhi,3.79,3
1017,Omni Print Supplies Ltd,Bangalore,4.93,6
1018,Apex Print Supplies Industries,Pune,3.77,10
1019,Atlas Trading Company Group,Ahmedabad,4.83,9
1020,Rapid Print Supplies Ltd,Nagpur,4.6,9
1021,NorthStar Procurement Services Ltd,Surat,3.66,10
1022,Prime Logistics Supply Industries,Surat,4.31,14
1023,Prime Materials Group Enterprises,Surat,4.65,3
1024,Apex Chemical Industries Solutions,Hyderabad,4.83,15
1025,GreenSource Trading Company Pvt Ltd,Hyderabad,3.94,3
1026,Frontier Logistics Supply Pvt Ltd,Ahmedabad,4.74,10
1027,Universal Packaging Materials Limited,Delhi,4.67,14
1028,Vertex Packaging Solutions Enterprises,Hyderabad,3.99,3
1029,NextGen Trading Company Industries,Ahmedabad,3.64,8
1030,NextGen Packaging Materials Limited,Pune,3.67,10
1031,SilverLine Raw Materials Enterprises,Surat,4.42,5
1032,Rapid Materials Group Enterprises,Mumbai,4.65,8
1033,Zenith Corrugated Products Pvt Ltd,Delhi,4.8,5
1034,Prime Procurement Services Corporation,Bangalore,4.6,10
1035,GreenSource Polymers Pvt Ltd,Pune,4.85,6
1036,Global Manufacturing Co Corporation,Mumbai,4.19,10
1037,Vertex Print Supplies Ltd,Nagpur,4.82,6
1038,Apex Manufacturing Co Solutions,Ahmedabad,4.12,4
1039,Atlas Manufacturing Co Ltd,Chennai,4.82,7
1040,Atlas Polymers Industries,Mumbai,3.78,3
1041,SilverLine Industrial Supply Pvt Ltd,Mumbai,4.5,12
1042,GreenSource Adhesives Limited,Mumbai,3.66,5
1043,NextGen Polymers Corporation,Nagpur,4.49,14
1044,Atlas Manufacturing Co Pvt Ltd,Ahmedabad,4.62,8
1045,Prime Raw Materials Corporation,Kolkata,4.05,9
1046,Universal Print Supplies Enterprises,Surat,3.6,10
1047,Metro Raw Materials Corporation,Kolkata,4.29,11
1048,Apex Packaging Materials Industries,Nagpur,3.59,12
1049,Frontier Raw Materials Solutions,Nagpur,4.9,14
1050,GreenSource Procurement Services Group,Bangalore,4.29,12
1051,SilverLine Logistics Supply Pvt Ltd,Nagpur,4.34,11
1052,Pioneer Trading Company Pvt Ltd,Nagpur,3.85,7
1053,Apex Industrial Supply Limited,Mumbai,4.2,15
1054,Everest Packaging Materials Industries,Nagpur,5.0,9
1055,Prime Adhesives Group,Surat,4.71,6
1056,Global Polymers Industries,Bangalore,3.88,4
1057,GreenSource Chemical Industries Group,Mumbai,3.67,8
1058,NorthStar Procurement Services Ltd,Delhi,3.79,8
1059,Pioneer Logistics Supply Solutions,Mumbai,4.47,10
1060,Metro Polymers Solutions,Surat,4.84,10
1061,Omni Logistics Supply Ltd,Surat,3.95,14
1062,NorthStar Materials Group Ltd,Chennai,4.37,8
1063,SilverLine Raw Materials Pvt Ltd,Bangalore,4.76,8
1064,Rapid Polymers Pvt Ltd,Nagpur,4.41,5
1065,Atlas Raw Materials Corporation,Kolkata,4.56,7
1066,Omni Raw Materials Solutions,Chennai,4.06,7
1067,Apex Materials Group Corporation,Delhi,3.67,15
1068,Prime Print Supplies Industries,Pune,4.17,3
1069,Pioneer Logistics Supply Pvt Ltd,Chennai,4.01,10
1070,Frontier Chemical Industries Group,Delhi,4.65,4
1071,Frontier Polymers Pvt Ltd,Chennai,4.59,10
1072,Rapid Packaging Materials Limited,Mumbai,3.97,3
1073,Atlas Corrugated Products Limited,Kolkata,4.2,3
1074,Everest Materials Group Corporation,Mumbai,4.37,7
1075,Apex Adhesives Industries,Chennai,3.93,11
1076,NorthStar Print Supplies Solutions,Pune,3.91,5
1077,BlueLine Raw Materials Ltd,Nagpur,4.34,4
1078,Apex Materials Group Group,Surat,3.98,5
1079,GreenSource Manufacturing Co Industries,Delhi,3.61,12
1080,NorthStar Materials Group Solutions,Mumbai,3.7,10
1081,Prime Raw Materials Enterprises,Mumbai,3.63,9
1082,NextGen Packaging Materials Solutions,Nagpur,4.03,8
1083,Apex Packaging Materials Limited,Ahmedabad,4.35,4
1084,United Raw Materials Solutions,Bangalore,4.53,14
1085,United Trading Company Industries,Chennai,3.72,12
1086,BlueLine Logistics Supply Group,Hyderabad,3.78,13
1087,NorthStar Print Supplies Group,Ahmedabad,4.23,4
1088,Pioneer Raw Materials Group,Ahmedabad,4.19,5
1089,GreenSource Print Supplies Group,Nagpur,4.36,11
1090,Everest Procurement Services Limited,Kolkata,4.33,4
1091,GreenSource Materials Group Solutions,Hyderabad,4.39,6
1092,Atlas Paper Mills Pvt Ltd,Ahmedabad,4.08,8
1093,Apex Corrugated Products Enterprises,Hyderabad,4.35,8
1094,Vertex Packaging Materials Industries,Delhi,4.49,4
1095,Zenith Corrugated Products Solutions,Pune,4.39,10
1096,NorthStar Materials Group Limited,Ahmedabad,3.76,9
1097,Universal Manufacturing Co Limited,Nagpur,4.66,9
1098,NorthStar Trading Company Ltd,Pune,3.83,5
1099,Zenith Logistics Supply Ltd,Delhi,4.49,10
1100,Vertex Chemical Industries Enterprises,Nagpur,4.37,6
1101,Apex Polymers Group,Bangalore,4.36,13
1102,GreenSource Logistics Supply Enterprises,Kolkata,4.99,12
1103,Global Manufacturing Co Enterprises,Delhi,4.78,3
1104,SilverLine Logistics Supply Ltd,Mumbai,4.56,8
1105,Everest Corrugated Products Corporation,Mumbai,3.85,14
1106,Zenith Procurement Services Group,Hyderabad,4.11,9
1107,Vertex Paper Mills Pvt Ltd,Ahmedabad,3.71,11
1108,Rapid Corrugated Products Group,Hyderabad,3.73,13
1109,Metro Packaging Solutions Ltd,Pune,4.47,5
1110,Pioneer Polymers Enterprises,Delhi,3.63,13
1111,Omni Corrugated Products Solutions,Nagpur,4.9,12
1112,NextGen Trading Company Enterprises,Surat,4.73,9
1113,SilverLine Paper Mills Pvt Ltd,Hyderabad,4.41,12
1114,Pioneer Corrugated Products Industries,Surat,3.9,11
1115,Zenith Adhesives Ltd,Mumbai,4.35,14
1116,SilverLine Raw Materials Solutions,Pune,3.71,14
1117,Frontier Corrugated Products Corporation,Ahmedabad,4.28,11
1118,Atlas Raw Materials Industries,Ahmedabad,4.45,13
1119,Universal Polymers Corporation,Nagpur,3.58,8
1120,Vertex Print Supplies Ltd,Ahmedabad,4.18,10
1121,Zenith Packaging Materials Group,Hyderabad,4.03,15
1122,GreenSource Chemical Industries Pvt Ltd,Mumbai,4.54,12
1123,GreenSource Packaging Materials Corporation,Mumbai,4.44,12
1124,NextGen Manufacturing Co Ltd,Bangalore,4.71,12
1125,Global Chemical Industries Solutions,Pune,3.69,4
1126,BlueLine Chemical Industries Pvt Ltd,Nagpur,3.92,7
1127,Global Packaging Materials Limited,Nagpur,3.76,12
1128,Metro Polymers Solutions,Kolkata,4.71,7
1129,Summit Trading Company Pvt Ltd,Surat,4.79,8
1130,Universal Packaging Solutions Pvt Ltd,Ahmedabad,4.63,9
1131,Rapid Paper Mills Solutions,Delhi,3.82,14
1132,SilverLine Industrial Supply Corporation,Pune,3.58,10
1133,Rapid Trading Company Corporation,Ahmedabad,4.62,15
1134,Vertex Paper Mills Enterprises,Hyderabad,4.21,5
1135,Frontier Corrugated Products Enterprises,Mumbai,3.93,15
1136,United Procurement Services Group,Surat,4.52,3
1137,Everest Logistics Supply Group,Hyderabad,4.42,13
1138,BlueLine Adhesives Corporation,Bangalore,4.7,7
1139,Zenith Procurement Services Solutions,Chennai,4.6,12
1140,Apex Materials Group Group,Delhi,3.97,3
1141,Global Corrugated Products Limited,Mumbai,4.12,11
1142,Everest Polymers Solutions,Kolkata,3.83,7
1143,BlueLine Paper Mills Ltd,Mumbai,4.43,3
1144,Atlas Polymers Industries,Nagpur,4.46,14
1145,Everest Raw Materials Pvt Ltd,Hyderabad,4.48,13
1146,Zenith Print Supplies Pvt Ltd,Pune,4.54,7
1147,GreenSource Trading Company Limited,Ahmedabad,4.88,7
1148,Omni Packaging Materials Group,Bangalore,3.74,4
1149,BlueLine Print Supplies Ltd,Hyderabad,4.08,3
1150,BlueLine Corrugated Products Corporation,Delhi,4.16,10
1151,Apex Manufacturing Co Enterprises,Delhi,4.47,4
1152,Metro Materials Group Enterprises,Chennai,4.42,4
1153,United Packaging Materials Corporation,Pune,3.55,4
1154,Zenith Packaging Materials Corporation,Ahmedabad,3.53,10
1155,Metro Polymers Ltd,Mumbai,4.5,7
1156,Metro Packaging Materials Group,Hyderabad,4.36,11
1157,Pioneer Trading Company Enterprises,Hyderabad,4.77,15
1158,Universal Materials Group Industries,Mumbai,4.08,14
1159,Pioneer Raw Materials Group,Kolkata,4.52,9
1160,Prime Polymers Limited,Kolkata,4.3,8
1161,Universal Corrugated Products Solutions,Bangalore,4.47,5
1162,Vertex Industrial Supply Enterprises,Chennai,3.95,9
1163,Everest Polymers Group,Ahmedabad,3.63,13
1164,United Packaging Materials Industries,Delhi,3.55,3
1165,Zenith Paper Mills Solutions,Hyderabad,3.59,11
1166,GreenSource Trading Company Solutions,Mumbai,3.56,3
1167,NorthStar Print Supplies Ltd,Hyderabad,3.68,15
1168,Frontier Trading Company Pvt Ltd,Nagpur,3.85,4
1169,Prime Packaging Materials Pvt Ltd,Ahmedabad,4.48,10
1170,Atlas Industrial Supply Industries,Delhi,3.52,13
1171,Prime Logistics Supply Corporation,Pune,4.18,5
1172,Zenith Raw Materials Limited,Pune,4.25,15
1173,Atlas Paper Mills Limited,Chennai,4.14,15
1174,Rapid Adhesives Limited,Nagpur,4.32,8
1175,Apex Print Supplies Ltd,Nagpur,3.76,4
1176,Everest Chemical Industries Pvt Ltd,Hyderabad,3.75,8
1177,Vertex Packaging Solutions Solutions,Chennai,4.89,3
1178,Metro Raw Materials Enterprises,Delhi,3.52,10
1179,Universal Industrial Supply Ltd,Delhi,4.89,14
1180,Zenith Logistics Supply Corporation,Hyderabad,4.54,15
1181,Pioneer Packaging Materials Pvt Ltd,Chennai,3.71,7
1182,Frontier Trading Company Enterprises,Chennai,4.91,12
1183,Prime Manufacturing Co Pvt Ltd,Ahmedabad,4.42,4
1184,GreenSource Adhesives Enterprises,Mumbai,4.34,6
1185,Everest Materials Group Limited,Nagpur,4.04,15
1186,Vertex Materials Group Industries,Ahmedabad,4.66,13
1187,Apex Chemical Industries Ltd,Chennai,3.67,5
1188,Pioneer Trading Company Pvt Ltd,Delhi,4.51,3
1189,Prime Polymers Group,Bangalore,3.81,7
1190,NorthStar Manufacturing Co Solutions,Mumbai,3.66,3
1191,Vertex Packaging Solutions Pvt Ltd,Mumbai,4.23,4
1192,Universal Logistics Supply Industries,Ahmedabad,4.39,8
1193,Omni Paper Mills Group,Chennai,4.67,8
1194,Summit Raw Materials Industries,Hyderabad,4.8,9
1195,Summit Raw Materials Solutions,Nagpur,4.23,9
1196,Metro Paper Mills Solutions,Delhi,4.08,5
1197,United Packaging Materials Industries,Kolkata,4.96,6
1198,NorthStar Packaging Solutions Ltd,Nagpur,3.59,5
1199,Everest Corrugated Products Solutions,Ahmedabad,4.13,15
1200,NorthStar Paper Mills Corporation,Nagpur,3.74,15
1201,Atlas Logistics Supply Pvt Ltd,Nagpur,4.96,6
1202,Universal Procurement Services Solutions,Chennai,4.39,10
1203,BlueLine Industrial Supply Enterprises,Chennai,3.87,9
1204,Zenith Paper Mills Pvt Ltd,Nagpur,4.85,9
1205,Prime Industrial Supply Solutions,Surat,3.55,11
1206,Rapid Trading Company Limited,Ahmedabad,4.24,4
1207,Vertex Print Supplies Ltd,Hyderabad,4.92,5
1208,SilverLine Chemical Industries Industries,Pune,3.52,13
1209,GreenSource Packaging Solutions Solutions,Nagpur,4.62,3
1210,United Trading Company Pvt Ltd,Hyderabad,3.78,8
1211,United Packaging Materials Ltd,Pune,4.08,14
1212,NorthStar Materials Group Ltd,Bangalore,4.14,7
1213,Atlas Materials Group Industries,Pune,4.43,8
1214,Prime Materials Group Group,Mumbai,3.67,8
1215,United Manufacturing Co Ltd,Kolkata,4.05,13
1216,Vertex Packaging Materials Limited,Surat,4.56,6
1217,Metro Adhesives Industries,Surat,3.67,10
1218,Zenith Corrugated Products Industries,Chennai,3.98,7
1219,Frontier Polymers Enterprises,Bangalore,3.58,8
1220,SilverLine Trading Company Solutions,Surat,4.29,4
1221,Pioneer Packaging Materials Corporation,Ahmedabad,4.43,15
1222,Universal Paper Mills Solutions,Pune,3.62,5
1223,GreenSource Raw Materials Limited,Delhi,3.91,14
1224,Metro Trading Company Pvt Ltd,Chennai,4.28,13
1225,Global Chemical Industries Enterprises,Surat,4.9,10
1226,SilverLine Procurement Services Solutions,Mumbai,3.94,4
1227,Global Corrugated Products Industries,Surat,4.47,9
1228,Zenith Adhesives Group,Ahmedabad,4.39,14
1229,Frontier Corrugated Products Solutions,Ahmedabad,3.96,5
1230,GreenSource Packaging Solutions Corporation,Chennai,4.23,7
1231,Prime Packaging Solutions Group,Bangalore,4.18,5
1232,Atlas Logistics Supply Pvt Ltd,Surat,3.93,5
1233,Metro Packaging Solutions Industries,Pune,3.56,8
1234,Zenith Packaging Solutions Solutions,Bangalore,4.05,6
1235,Vertex Packaging Materials Ltd,Kolkata,4.97,5
1236,SilverLine Trading Company Pvt Ltd,Surat,3.95,3
1237,Rapid Logistics Supply Solutions,Delhi,4.92,8
1238,Metro Industrial Supply Group,Bangalore,4.21,7
1239,Zenith Polymers Pvt Ltd,Nagpur,4.59,10
1240,NorthStar Packaging Materials Limited,Ahmedabad,4.85,5
1241,Vertex Raw Materials Corporation,Mumbai,4.1,6
1242,United Adhesives Limited,Kolkata,3.58,13
1243,Apex Manufacturing Co Industries,Bangalore,3.79,4
1244,Vertex Corrugated Products Solutions,Pune,4.96,9
1245,Apex Trading Company Group,Nagpur,4.41,3
1246,SilverLine Procurement Services Pvt Ltd,Hyderabad,4.05,8
1247,Global Chemical Industries Group,Kolkata,3.96,10
1248,Vertex Raw Materials Industries,Ahmedabad,4.61,9
1249,United Chemical Industries Pvt Ltd,Hyderabad,4.59,9
1250,Metro Corrugated Products Limited,Delhi,3.81,10
1251,Frontier Adhesives Limited,Nagpur,4.63,4
1252,Global Procurement Services Corporation,Hyderabad,3.76,10
1253,Zenith Print Supplies Pvt Ltd,Chennai,3.78,9
1254,GreenSource Materials Group Solutions,Mumbai,4.73,7
1255,Zenith Chemical Industries Solutions,Surat,4.61,6
1256,Global Print Supplies Ltd,Delhi,3.89,13
1257,Pioneer Raw Materials Corporation,Hyderabad,3.77,14
1258,Summit Industrial Supply Limited,Bangalore,4.24,4
1259,Atlas Packaging Materials Group,Nagpur,4.22,9
1260,BlueLine Polymers Solutions,Pune,4.06,14
1261,Zenith Industrial Supply Corporation,Delhi,4.37,5
1262,NorthStar Trading Company Pvt Ltd,Kolkata,3.74,7
1263,SilverLine Procurement Services Group,Mumbai,3.93,11
1264,Universal Materials Group Industries,Delhi,4.65,12
1265,NextGen Materials Group Group,Kolkata,4.74,13
1266,GreenSource Chemical Industries Group,Pune,4.3,8
1267,Metro Industrial Supply Pvt Ltd,Surat,3.92,15
1268,Pioneer Procurement Services Group,Delhi,3.65,5
1269,Frontier Paper Mills Industries,Surat,4.42,11
1270,Vertex Packaging Materials Limited,Hyderabad,4.19,4
1271,Everest Corrugated Products Pvt Ltd,Mumbai,4.22,7
1272,SilverLine Packaging Solutions Solutions,Nagpur,4.28,8
1273,NextGen Packaging Materials Corporation,Mumbai,4.62,4
1274,Summit Packaging Solutions Pvt Ltd,Chennai,3.96,6
1275,Metro Raw Materials Enterprises,Pune,3.62,15
1276,Pioneer Print Supplies Enterprises,Mumbai,3.79,3
1277,Frontier Manufacturing Co Ltd,Ahmedabad,3.68,7
1278,Prime Raw Materials Corporation,Mumbai,4.63,15
1279,Everest Logistics Supply Industries,Nagpur,4.85,5
1280,SilverLine Industrial Supply Limited,Delhi,4.77,7
1281,Zenith Adhesives Group,Delhi,4.78,15
1282,Atlas Paper Mills Limited,Pune,4.73,15
1283,Global Materials Group Industries,Chennai,4.95,5
1284,Vertex Industrial Supply Limited,Chennai,4.88,14
1285,Pioneer Adhesives Pvt Ltd,Ahmedabad,4.51,4
1286,NextGen Corrugated Products Group,Hyderabad,4.14,11
1287,Summit Procurement Services Limited,Kolkata,3.69,4
1288,Frontier Packaging Solutions Solutions,Kolkata,4.56,11
1289,Prime Raw Materials Group,Ahmedabad,3.67,7
1290,United Manufacturing Co Corporation,Ahmedabad,3.84,9
1291,GreenSource Corrugated Products Enterprises,Chennai,4.79,15
1292,Pioneer Polymers Group,Delhi,3.52,13
1293,Pioneer Polymers Limited,Hyderabad,4.16,13
1294,Universal Raw Materials Pvt Ltd,Hyderabad,4.1,12
1295,Everest Packaging Materials Pvt Ltd,Pune,4.05,6
1296,NorthStar Paper Mills Enterprises,Pune,3.85,9
1297,Pioneer Chemical Industries Corporation,Hyderabad,4.03,13
1298,Atlas Procurement Services Solutions,Surat,3.92,15
1299,United Raw Materials Limited,Bangalore,4.23,6
1300,Metro Industrial Supply Limited,Mumbai,4.75,10
1301,Global Packaging Solutions Enterprises,Nagpur,4.52,5
1302,GreenSource Manufacturing Co Limited,Pune,4.49,11
1303,Pioneer Print Supplies Solutions,Chennai,3.94,10
1304,Pioneer Materials Group Corporation,Surat,4.02,11
1305,Vertex Industrial Supply Ltd,Hyderabad,4.82,4
1306,Rapid Trading Company Group,Hyderabad,4.16,3
1307,Prime Packaging Solutions Corporation,Delhi,4.24,5
1308,GreenSource Packaging Materials Enterprises,Ahmedabad,4.65,12
1309,Pioneer Polymers Solutions,Ahmedabad,4.34,5
1310,Frontier Industrial Supply Enterprises,Bangalore,4.24,9
1311,Atlas Polymers Group,Bangalore,3.98,3
1312,Zenith Industrial Supply Pvt Ltd,Kolkata,4.02,14
1313,Zenith Industrial Supply Group,Hyderabad,3.65,8
1314,SilverLine Procurement Services Group,Mumbai,4.49,6
1315,Summit Polymers Corporation,Nagpur,3.63,14
1316,Universal Corrugated Products Corporation,Pune,4.01,3
1317,Vertex Adhesives Ltd,Ahmedabad,4.49,9
1318,Zenith Materials Group Enterprises,Bangalore,3.53,10
1319,Zenith Industrial Supply Group,Hyderabad,4.36,8
1320,Zenith Raw Materials Solutions,Pune,4.54,6
1321,NorthStar Trading Company Group,Delhi,4.42,8
1322,Omni Paper Mills Solutions,Pune,4.76,11
1323,Apex Chemical Industries Corporation,Mumbai,3.95,12
1324,Rapid Print Supplies Industries,Nagpur,4.61,4
1325,Zenith Raw Materials Group,Bangalore,3.6,15
1326,Frontier Trading Company Enterprises,Chennai,4.02,4
1327,GreenSource Materials Group Corporation,Hyderabad,4.5,8
1328,Apex Procurement Services Enterprises,Bangalore,4.44,10
1329,Vertex Packaging Solutions Ltd,Surat,4.79,12
1330,Pioneer Paper Mills Solutions,Bangalore,4.91,11
1331,Atlas Corrugated Products Enterprises,Nagpur,4.59,3
1332,Frontier Paper Mills Group,Ahmedabad,3.72,5
1333,GreenSource Corrugated Products Enterprises,Hyderabad,3.98,4
1334,Apex Corrugated Products Enterprises,Bangalore,4.74,13
1335,NextGen Chemical Industries Industries,Hyderabad,3.86,5
1336,Apex Industrial Supply Industries,Bangalore,4.2,11
1337,Omni Procurement Services Ltd,Chennai,3.74,5
1338,Global Chemical Industries Corporation,Surat,3.76,3
1339,Pioneer Print Supplies Ltd,Mumbai,4.79,4
1340,NorthStar Manufacturing Co Corporation,Pune,4.85,9
1341,SilverLine Polymers Limited,Hyderabad,4.91,14
1342,Metro Paper Mills Limited,Nagpur,4.6,4
1343,Frontier Polymers Corporation,Ahmedabad,4.83,6
1344,Atlas Raw Materials Group,Kolkata,4.75,14
1345,Rapid Print Supplies Industries,Hyderabad,3.83,4
1346,NextGen Paper Mills Corporation,Ahmedabad,4.11,12
1347,Prime Trading Company Group,Pune,3.97,9
1348,Pioneer Polymers Industries,Bangalore,4.82,5
1349,SilverLine Trading Company Group,Bangalore,3.53,12
1350,Prime Corrugated Products Ltd,Chennai,3.88,9
1351,GreenSource Polymers Group,Pune,4.3,6
1352,United Procurement Services Ltd,Hyderabad,4.89,7
1353,GreenSource Raw Materials Industries,Bangalore,3.82,5
1354,United Polymers Group,Hyderabad,4.68,7
1355,Universal Corrugated Products Solutions,Ahmedabad,4.61,8
1356,Omni Logistics Supply Limited,Delhi,4.55,11
1357,Universal Adhesives Enterprises,Nagpur,4.59,11
1358,NorthStar Trading Company Ltd,Mumbai,4.46,5
1359,United Print Supplies Pvt Ltd,Mumbai,4.1,13
1360,GreenSource Adhesives Limited,Pune,3.74,11
1361,Metro Corrugated Products Enterprises,Kolkata,4.18,14
1362,Metro Chemical Industries Pvt Ltd,Nagpur,4.74,15
1363,GreenSource Paper Mills Limited,Hyderabad,4.05,9
1364,Rapid Corrugated Products Industries,Mumbai,4.92,11
1365,Atlas Polymers Industries,Pune,4.96,6
1366,BlueLine Packaging Materials Pvt Ltd,Mumbai,4.1,9
1367,Atlas Chemical Industries Pvt Ltd,Pune,4.94,5
1368,Zenith Raw Materials Ltd,Surat,4.15,10
1369,Pioneer Raw Materials Industries,Chennai,3.79,15
1370,BlueLine Chemical Industries Solutions,Hyderabad,3.7,6
1371,Atlas Paper Mills Corporation,Chennai,4.13,9
1372,Metro Industrial Supply Corporation,Bangalore,3.85,10
1373,Summit Adhesives Solutions,Pune,3.52,5
1374,NorthStar Packaging Materials Enterprises,Chennai,4.57,14
1375,Omni Packaging Materials Corporation,Pune,3.64,3
1376,Prime Adhesives Industries,Ahmedabad,4.86,12
1377,Atlas Packaging Materials Ltd,Mumbai,3.88,12
1378,Rapid Chemical Industries Enterprises,Kolkata,3.7,11
1379,Prime Manufacturing Co Pvt Ltd,Bangalore,3.75,10
1380,NorthStar Logistics Supply Solutions,Delhi,3.63,14
1381,Frontier Procurement Services Pvt Ltd,Bangalore,3.68,3
1382,Metro Trading Company Corporation,Kolkata,4.89,7
1383,BlueLine Manufacturing Co Corporation,Surat,3.97,5
1384,NorthStar Packaging Materials Solutions,Delhi,4.33,13
1385,United Industrial Supply Industries,Delhi,3.58,5
1386,Prime Trading Company Corporation,Delhi,4.56,9
1387,Everest Logistics Supply Solutions,Mumbai,4.16,14
1388,Vertex Trading Company Solutions,Ahmedabad,3.67,14
1389,Metro Raw Materials Group,Pune,3.81,7
1390,NextGen Corrugated Products Pvt Ltd,Surat,4.73,12
1391,Zenith Paper Mills Ltd,Surat,4.65,5
1392,Omni Logistics Supply Limited,Chennai,4.65,13
1393,Everest Logistics Supply Group,Mumbai,3.93,13
1394,Everest Procurement Services Group,Nagpur,4.89,4
1395,NorthStar Packaging Solutions Ltd,Pune,4.19,14
1396,Pioneer Trading Company Corporation,Nagpur,4.49,8
1397,Prime Polymers Solutions,Kolkata,4.92,14
1398,Zenith Packaging Solutions Industries,Mumbai,4.7,7
1399,NorthStar Print Supplies Ltd,Pune,4.32,12
1400,Rapid Raw Materials Enterprises,Bangalore,3.77,15
1401,Rapid Raw Materials Ltd,Chennai,3.74,15
1402,Rapid Chemical Industries Pvt Ltd,Pune,3.95,15
1403,Omni Packaging Materials Corporation,Nagpur,3.7,13
1404,Everest Corrugated Products Group,Surat,3.8,10
1405,Rapid Trading Company Corporation,Nagpur,4.4,4
1406,Omni Print Supplies Group,Nagpur,3.78,13
1407,Omni Raw Materials Ltd,Surat,4.01,10
1408,Summit Polymers Pvt Ltd,Ahmedabad,4.29,13
1409,Frontier Raw Materials Corporation,Ahmedabad,4.16,15
1410,Pioneer Chemical Industries Pvt Ltd,Delhi,4.53,7
1411,Summit Materials Group Enterprises,Bangalore,4.35,11
1412,Universal Logistics Supply Ltd,Surat,3.66,9
1413,Omni Raw Materials Solutions,Nagpur,4.72,8
1414,BlueLine Manufacturing Co Limited,Surat,3.52,14
1415,United Packaging Solutions Pvt Ltd,Hyderabad,3.57,9
1416,GreenSource Adhesives Solutions,Ahmedabad,4.44,7
1417,NorthStar Logistics Supply Pvt Ltd,Chennai,3.78,14
1418,Atlas Chemical Industries Limited,Hyderabad,4.3,3
1419,Rapid Raw Materials Ltd,Delhi,4.48,10
1420,Rapid Corrugated Products Solutions,Bangalore,4.43,12
1421,SilverLine Packaging Materials Enterprises,Bangalore,3.63,5
1422,Global Paper Mills Limited,Mumbai,4.54,6
1423,Global Paper Mills Solutions,Delhi,4.47,9
1424,Vertex Paper Mills Limited,Bangalore,4.65,5
1425,Pioneer Procurement Services Ltd,Pune,3.75,5
1426,United Trading Company Solutions,Mumbai,4.79,12
1427,Summit Paper Mills Corporation,Nagpur,4.74,9
1428,Prime Adhesives Ltd,Pune,4.45,14
1429,Omni Procurement Services Solutions,Nagpur,4.39,11
1430,GreenSource Industrial Supply Solutions,Hyderabad,4.23,12
1431,Atlas Logistics Supply Solutions,Chennai,4.57,11
1432,Global Procurement Services Group,Surat,3.6,13
1433,Omni Logistics Supply Solutions,Pune,4.24,13
1434,SilverLine Trading Company Enterprises,Mumbai,3.74,14
1435,Apex Trading Company Group,Ahmedabad,3.85,6
1436,Zenith Logistics Supply Group,Nagpur,4.78,14
1437,United Packaging Solutions Corporation,Hyderabad,4.94,13
1438,SilverLine Print Supplies Solutions,Delhi,4.43,7
1439,Universal Polymers Solutions,Delhi,3.76,5
1440,Atlas Trading Company Limited,Hyderabad,4.91,10
1441,GreenSource Paper Mills Industries,Surat,3.57,3
1442,SilverLine Logistics Supply Corporation,Kolkata,4.52,5
1443,Frontier Industrial Supply Limited,Kolkata,4.15,12
1444,Summit Raw Materials Industries,Ahmedabad,3.89,8
1445,SilverLine Print Supplies Ltd,Surat,3.9,5
1446,Frontier Manufacturing Co Limited,Mumbai,4.89,10
1447,United Corrugated Products Limited,Pune,4.67,12
1448,Everest Corrugated Products Ltd,Surat,3.66,13
1449,Everest Corrugated Products Industries,Kolkata,3.74,7
1450,United Print Supplies Solutions,Pune,3.73,8
1451,NorthStar Corrugated Products Pvt Ltd,Pune,4.77,10
1452,Omni Print Supplies Ltd,Chennai,4.75,10
1453,NorthStar Chemical Industries Pvt Ltd,Pune,3.9,14
1454,Omni Adhesives Industries,Delhi,4.63,11
1455,Omni Print Supplies Industries,Delhi,4.7,9
1456,Omni Logistics Supply Solutions,Surat,4.69,8
1457,Global Trading Company Pvt Ltd,Mumbai,4.58,11
1458,Universal Raw Materials Group,Kolkata,4.1,15
1459,NextGen Procurement Services Ltd,Hyderabad,4.64,13
1460,Metro Logistics Supply Ltd,Surat,4.96,9
1461,Rapid Logistics Supply Corporation,Kolkata,4.86,3
1462,BlueLine Logistics Supply Pvt Ltd,Hyderabad,4.17,6
1463,Vertex Manufacturing Co Solutions,Kolkata,4.83,15
1464,Rapid Print Supplies Industries,Bangalore,3.63,11
1465,NorthStar Procurement Services Pvt Ltd,Surat,4.99,7
1466,Apex Raw Materials Corporation,Surat,4.01,13
1467,NextGen Industrial Supply Ltd,Surat,4.39,6
1468,GreenSource Packaging Materials Enterprises,Surat,3.67,3
1469,SilverLine Chemical Industries Group,Pune,3.57,13
1470,Everest Trading Company Corporation,Nagpur,4.61,10
1471,NorthStar Paper Mills Industries,Kolkata,3.95,13
1472,Zenith Polymers Pvt Ltd,Hyderabad,4.28,6
1473,Everest Adhesives Industries,Kolkata,4.18,5
1474,Omni Corrugated Products Enterprises,Pune,3.64,9
1475,Metro Trading Company Industries,Ahmedabad,3.62,13
1476,Frontier Procurement Services Enterprises,Bangalore,4.38,13
1477,Omni Trading Company Solutions,Hyderabad,4.74,5
1478,Frontier Packaging Solutions Solutions,Ahmedabad,3.69,14
1479,Frontier Corrugated Products Limited,Chennai,4.18,3
1480,NextGen Materials Group Group,Pune,4.4,9
1481,Everest Raw Materials Group,Nagpur,3.93,11
1482,Metro Raw Materials Group,Bangalore,4.99,7
1483,GreenSource Trading Company Ltd,Delhi,3.71,12
1484,Omni Industrial Supply Corporation,Bangalore,3.82,14
1485,Pioneer Industrial Supply Limited,Surat,4.02,3
1486,Omni Trading Company Corporation,Nagpur,4.18,8
1487,Rapid Trading Company Pvt Ltd,Delhi,4.26,10
1488,United Polymers Solutions,Delhi,4.8,8
1489,Universal Print Supplies Enterprises,Hyderabad,3.85,9
1490,NorthStar Materials Group Ltd,Ahmedabad,4.6,13
1491,Universal Corrugated Products Pvt Ltd,Mumbai,4.36,15
1492,GreenSource Materials Group Limited,Surat,3.63,12
1493,Vertex Manufacturing Co Ltd,Nagpur,4.28,15
1494,Pioneer Materials Group Ltd,Pune,4.49,11
1495,NextGen Industrial Supply Corporation,Chennai,3.87,14
1496,Zenith Trading Company Limited,Surat,4.41,9
1497,Zenith Industrial Supply Solutions,Mumbai,4.01,5
1498,Omni Industrial Supply Group,Hyderabad,3.89,4
1499,Everest Materials Group Pvt Ltd,Bangalore,3.72,7
1500,Universal Packaging Solutions Corporation,Hyderabad,4.52,3
1501,Atlas Adhesives Pvt Ltd,Mumbai,4.57,7
1502,Rapid Raw Materials Group,Delhi,4.12,8
1503,BlueLine Procurement Services Limited,Mumbai,3.8,15
1504,Atlas Manufacturing Co Industries,Ahmedabad,4.26,11
1505,Rapid Raw Materials Corporation,Mumbai,3.98,11
1506,Omni Raw Materials Solutions,Mumbai,4.11,6
1507,Global Chemical Industries Limited,Chennai,4.64,13
1508,Metro Chemical Industries Enterprises,Ahmedabad,3.63,13
1509,Frontier Paper Mills Pvt Ltd,Kolkata,4.31,5
1510,Summit Materials Group Enterprises,Surat,4.18,3
1511,United Corrugated Products Corporation,Delhi,3.5,10
1512,BlueLine Manufacturing Co Corporation,Hyderabad,5.0,13
1513,Apex Manufacturing Co Corporation,Mumbai,3.74,11
1514,Zenith Raw Materials Corporation,Pune,4.09,4
1515,Metro Packaging Materials Corporation,Hyderabad,3.82,11
1516,NorthStar Logistics Supply Group,Bangalore,4.97,14
1517,United Chemical Industries Industries,Kolkata,4.01,10
1518,Atlas Adhesives Ltd,Delhi,4.47,3
1519,Atlas Trading Company Ltd,Mumbai,4.51,9
1520,Vertex Logistics Supply Solutions,Hyderabad,4.31,15
1521,Universal Materials Group Ltd,Ahmedabad,4.51,8
1522,Rapid Corrugated Products Group,Hyderabad,3.77,15
1523,Global Raw Materials Solutions,Kolkata,4.9,10
1524,Global Paper Mills Ltd,Bangalore,4.52,14
1525,SilverLine Paper Mills Limited,Nagpur,4.44,15
1526,Summit Paper Mills Solutions,Kolkata,3.56,10
1527,Atlas Paper Mills Ltd,Chennai,4.98,13
1528,Rapid Raw Materials Corporation,Nagpur,4.25,5
1529,Vertex Paper Mills Pvt Ltd,Pune,4.38,14
1530,Universal Packaging Solutions Corporation,Nagpur,4.78,11
1531,BlueLine Paper Mills Ltd,Surat,4.42,13
1532,Vertex Logistics Supply Solutions,Mumbai,4.91,13
1533,Prime Corrugated Products Group,Hyderabad,4.77,9
1534,BlueLine Raw Materials Solutions,Ahmedabad,4.04,15
1535,Prime Logistics Supply Industries,Mumbai,3.92,9
1536,Vertex Trading Company Group,Mumbai,4.09,8
1537,Universal Logistics Supply Ltd,Chennai,4.97,9
1538,Universal Logistics Supply Industries,Chennai,3.75,7
1539,Universal Polymers Limited,Mumbai,4.22,15
1540,Global Manufacturing Co Group,Bangalore,3.87,10
1541,Summit Adhesives Ltd,Kolkata,4.28,6
1542,Universal Print Supplies Solutions,Pune,4.44,12
1543,Everest Raw Materials Ltd,Mumbai,4.07,14
1544,Universal Print Supplies Pvt Ltd,Mumbai,4.88,10
1545,Prime Chemical Industries Enterprises,Pune,3.65,3
1546,Vertex Industrial Supply Corporation,Hyderabad,4.1,12
1547,Omni Paper Mills Ltd,Ahmedabad,4.08,15
1548,Omni Logistics Supply Limited,Kolkata,4.48,13
1549,Global Trading Company Group,Nagpur,3.79,4
1550,Global Manufacturing Co Limited,Nagpur,4.68,6
1551,Zenith Packaging Solutions Corporation,Kolkata,4.13,14
1552,Atlas Trading Company Pvt Ltd,Chennai,3.71,3
1553,Prime Packaging Solutions Corporation,Nagpur,4.15,13
1554,SilverLine Chemical Industries Pvt Ltd,Delhi,4.2,12
1555,NorthStar Chemical Industries Group,Mumbai,4.28,13
1556,Metro Industrial Supply Industries,Surat,4.73,11
1557,Prime Procurement Services Group,Chennai,4.96,13
1558,Apex Print Supplies Limited,Kolkata,3.78,10
1559,United Manufacturing Co Group,Nagpur,4.35,8
1560,Atlas Chemical Industries Enterprises,Kolkata,3.74,10
1561,Prime Trading Company Industries,Mumbai,4.46,14
1562,Summit Trading Company Industries,Chennai,4.22,15
1563,NorthStar Print Supplies Enterprises,Chennai,4.1,3
1564,SilverLine Industrial Supply Limited,Kolkata,3.55,4
1565,Metro Chemical Industries Solutions,Chennai,4.45,15
1566,SilverLine Industrial Supply Ltd,Chennai,3.8,5
1567,Summit Logistics Supply Corporation,Delhi,4.01,11
1568,Summit Packaging Solutions Industries,Mumbai,3.76,7
1569,Everest Industrial Supply Pvt Ltd,Hyderabad,4.48,4
1570,NorthStar Logistics Supply Industries,Bangalore,4.18,8
1571,SilverLine Polymers Pvt Ltd,Surat,4.97,12
1572,Omni Logistics Supply Limited,Pune,3.72,5
1573,Apex Paper Mills Enterprises,Kolkata,3.98,9
1574,Summit Logistics Supply Ltd,Nagpur,4.38,11
1575,GreenSource Print Supplies Pvt Ltd,Kolkata,3.87,13
1576,BlueLine Corrugated Products Pvt Ltd,Surat,4.95,10
1577,Apex Packaging Materials Limited,Ahmedabad,4.69,12
1578,Universal Packaging Solutions Enterprises,Surat,4.06,11
1579,United Packaging Solutions Group,Kolkata,4.29,10
1580,Pioneer Trading Company Corporation,Nagpur,4.1,15
1581,Zenith Polymers Ltd,Chennai,3.83,6
1582,United Corrugated Products Industries,Hyderabad,3.83,9
1583,Rapid Manufacturing Co Pvt Ltd,Kolkata,3.88,4
1584,Metro Print Supplies Limited,Bangalore,4.17,8
1585,Summit Manufacturing Co Ltd,Ahmedabad,4.27,8
1586,Omni Trading Company Solutions,Hyderabad,4.11,15
1587,Pioneer Adhesives Corporation,Hyderabad,3.54,10
1588,Summit Chemical Industries Limited,Kolkata,4.85,7
1589,Frontier Materials Group Limited,Bangalore,4.89,4
1590,Everest Raw Materials Group,Mumbai,4.32,8
1591,Apex Polymers Group,Bangalore,3.95,15
1592,BlueLine Paper Mills Pvt Ltd,Surat,4.87,3
1593,GreenSource Chemical Industries Group,Hyderabad,4.92,12
1594,Global Trading Company Pvt Ltd,Hyderabad,3.84,14
1595,Apex Trading Company Industries,Surat,4.38,11
1596,United Packaging Materials Solutions,Kolkata,4.69,8
1597,Apex Procurement Services Enterprises,Chennai,4.16,11
1598,Global Adhesives Pvt Ltd,Nagpur,4.81,7
1599,Global Trading Company Group,Kolkata,3.84,9
1600,Rapid Print Supplies Corporation,Kolkata,4.38,12
1601,Prime Logistics Supply Pvt Ltd,Delhi,4.97,8
1602,Zenith Polymers Enterprises,Hyderabad,3.81,9
1603,Universal Materials Group Enterprises,Chennai,4.21,8
1604,Zenith Trading Company Corporation,Pune,3.76,13
1605,Vertex Packaging Solutions Ltd,Nagpur,4.23,5
1606,Apex Raw Materials Enterprises,Bangalore,3.81,7
1607,Frontier Raw Materials Solutions,Mumbai,4.05,3
1608,NextGen Adhesives Enterprises,Hyderabad,3.74,4
1609,Metro Materials Group Enterprises,Ahmedabad,4.61,9
1610,Apex Packaging Solutions Industries,Bangalore,4.15,14
1611,Pioneer Packaging Solutions Corporation,Nagpur,3.8,14
1612,United Chemical Industries Industries,Mumbai,4.99,10
1613,Universal Corrugated Products Enterprises,Nagpur,4.71,11
1614,NorthStar Logistics Supply Solutions,Ahmedabad,4.19,3
1615,Universal Chemical Industries Solutions,Kolkata,4.55,14
1616,GreenSource Procurement Services Pvt Ltd,Hyderabad,3.87,12
1617,Omni Trading Company Enterprises,Delhi,4.55,4
1618,Rapid Packaging Materials Ltd,Chennai,4.83,5
1619,BlueLine Logistics Supply Corporation,Pune,4.55,14
1620,Apex Logistics Supply Solutions,Hyderabad,4.99,11
1621,Everest Adhesives Limited,Pune,4.26,15
1622,NorthStar Procurement Services Solutions,Delhi,3.88,11
1623,Prime Trading Company Ltd,Pune,4.46,13
1624,United Procurement Services Group,Hyderabad,4.78,9
1625,Prime Industrial Supply Corporation,Pune,4.56,5
1626,NorthStar Polymers Solutions,Ahmedabad,4.19,4
1627,Vertex Polymers Industries,Ahmedabad,3.71,7
1628,NextGen Packaging Solutions Ltd,Nagpur,3.65,7
1629,Everest Materials Group Enterprises,Delhi,3.62,15
1630,Global Polymers Corporation,Delhi,4.16,5
1631,Apex Packaging Materials Ltd,Surat,3.82,14
1632,Prime Corrugated Products Limited,Hyderabad,4.54,10
1633,Prime Manufacturing Co Ltd,Mumbai,4.66,15
1634,Apex Logistics Supply Industries,Kolkata,4.86,6
1635,Universal Industrial Supply Enterprises,Mumbai,4.98,8
1636,Apex Polymers Limited,Chennai,4.94,4
1637,NextGen Packaging Materials Pvt Ltd,Mumbai,4.12,4
1638,NorthStar Adhesives Industries,Nagpur,3.81,11
1639,Rapid Procurement Services Limited,Chennai,3.82,8
1640,NorthStar Packaging Solutions Ltd,Hyderabad,4.48,3
1641,Rapid Paper Mills Solutions,Chennai,3.6,7
1642,Atlas Adhesives Ltd,Pune,4.83,9
1643,GreenSource Print Supplies Solutions,Pune,4.57,15
1644,Zenith Packaging Solutions Corporation,Pune,4.4,13
1645,Rapid Polymers Pvt Ltd,Kolkata,3.76,15
1646,NorthStar Corrugated Products Solutions,Pune,4.0,12
1647,Zenith Trading Company Enterprises,Surat,4.46,6
1648,Frontier Manufacturing Co Ltd,Chennai,3.53,15
1649,Everest Chemical Industries Industries,Hyderabad,4.64,12
1650,Universal Industrial Supply Pvt Ltd,Kolkata,4.25,6
1651,Metro Procurement Services Industries,Mumbai,3.86,14
1652,Atlas Trading Company Group,Delhi,3.92,13
1653,Prime Materials Group Enterprises,Bangalore,4.63,6
1654,NorthStar Adhesives Industries,Chennai,4.31,13
1655,Summit Print Supplies Industries,Nagpur,4.81,11
1656,NorthStar Packaging Solutions Solutions,Mumbai,3.6,10
1657,Universal Paper Mills Ltd,Delhi,4.91,5
1658,Universal Packaging Solutions Industries,Chennai,4.26,9
1659,United Chemical Industries Pvt Ltd,Chennai,3.87,5
1660,Atlas Paper Mills Corporation,Bangalore,4.36,13
1661,Apex Chemical Industries Solutions,Pune,4.93,8
1662,Rapid Procurement Services Pvt Ltd,Ahmedabad,4.16,11
1663,Atlas Packaging Materials Enterprises,Delhi,4.73,15
1664,Pioneer Industrial Supply Enterprises,Hyderabad,4.78,15
1665,GreenSource Manufacturing Co Pvt Ltd,Surat,4.59,7
1666,Rapid Trading Company Corporation,Ahmedabad,3.92,11
1667,Atlas Trading Company Limited,Kolkata,3.7,10
1668,Apex Packaging Solutions Industries,Mumbai,3.52,11
1669,SilverLine Trading Company Enterprises,Hyderabad,4.91,14
1670,SilverLine Procurement Services Solutions,Bangalore,4.46,12
1671,Universal Procurement Services Ltd,Pune,4.08,12
1672,NextGen Paper Mills Enterprises,Bangalore,4.66,15
1673,SilverLine Materials Group Solutions,Kolkata,4.54,13
1674,Rapid Logistics Supply Enterprises,Chennai,3.86,3
1675,SilverLine Polymers Ltd,Delhi,3.89,10
1676,Metro Chemical Industries Industries,Nagpur,4.37,13
1677,NextGen Industrial Supply Limited,Pune,4.47,9
1678,Rapid Packaging Materials Limited,Surat,4.86,9
1679,NextGen Corrugated Products Enterprises,Bangalore,4.54,11
1680,Vertex Polymers Enterprises,Nagpur,3.96,9
1681,Universal Raw Materials Group,Delhi,3.9,6
1682,Rapid Packaging Materials Corporation,Mumbai,4.98,10
1683,Global Raw Materials Limited,Hyderabad,4.29,13
1684,GreenSource Packaging Materials Enterprises,Delhi,3.76,5
1685,Metro Paper Mills Solutions,Delhi,4.25,4
1686,United Manufacturing Co Industries,Delhi,3.8,14
1687,NextGen Print Supplies Industries,Bangalore,4.97,9
1688,United Polymers Limited,Delhi,3.62,4
1689,Rapid Raw Materials Corporation,Pune,4.01,12
1690,Summit Trading Company Solutions,Pune,3.51,7
1691,Global Polymers Ltd,Pune,3.82,15
1692,Global Procurement Services Corporation,Ahmedabad,4.21,8
1693,Atlas Procurement Services Group,Kolkata,4.52,8
1694,NorthStar Corrugated Products Industries,Kolkata,4.5,9
1695,Atlas Industrial Supply Group,Kolkata,4.71,3
1696,United Corrugated Products Enterprises,Delhi,3.54,4
1697,Frontier Chemical Industries Industries,Kolkata,4.18,13
1698,Pioneer Materials Group Enterprises,Chennai,3.5,13
1699,NorthStar Industrial Supply Group,Mumbai,4.95,14
1700,NorthStar Polymers Solutions,Chennai,4.41,9
1701,Atlas Print Supplies Limited,Kolkata,4.14,10
1702,Everest Packaging Materials Enterprises,Bangalore,4.41,14
1703,Metro Corrugated Products Ltd,Delhi,4.25,4
1704,GreenSource Corrugated Products Solutions,Delhi,4.84,4
1705,Pioneer Polymers Industries,Chennai,3.82,15
1706,Universal Raw Materials Enterprises,Mumbai,3.74,8
1707,Rapid Print Supplies Corporation,Chennai,4.58,13
1708,Pioneer Logistics Supply Limited,Delhi,4.88,13
1709,Pioneer Raw Materials Group,Chennai,4.9,15
1710,Atlas Raw Materials Group,Hyderabad,4.87,14
1711,Rapid Polymers Enterprises,Chennai,3.84,4
1712,GreenSource Raw Materials Limited,Pune,4.01,12
1713,Apex Packaging Materials Limited,Nagpur,4.05,8
1714,Rapid Manufacturing Co Ltd,Bangalore,3.59,11
1715,Apex Corrugated Products Enterprises,Hyderabad,3.98,8
1716,Metro Materials Group Industries,Pune,4.09,11
1717,United Adhesives Pvt Ltd,Bangalore,4.76,10
1718,United Packaging Solutions Corporation,Delhi,4.62,15
1719,Prime Manufacturing Co Group,Bangalore,4.25,14
1720,Everest Chemical Industries Solutions,Chennai,4.24,14
1721,Rapid Industrial Supply Group,Delhi,4.74,6
1722,Summit Packaging Materials Ltd,Delhi,4.79,14
1723,Rapid Chemical Industries Pvt Ltd,Mumbai,4.32,8
1724,Omni Polymers Solutions,Kolkata,4.64,9
1725,Universal Materials Group Corporation,Bangalore,4.54,6
1726,Vertex Procurement Services Limited,Delhi,3.99,15
1727,Zenith Corrugated Products Ltd,Bangalore,4.19,5
1728,Zenith Packaging Solutions Solutions,Ahmedabad,3.94,5
1729,Apex Paper Mills Industries,Mumbai,4.04,12
1730,Everest Polymers Pvt Ltd,Hyderabad,4.93,9
1731,NextGen Logistics Supply Ltd,Pune,4.03,10
1732,NextGen Industrial Supply Limited,Surat,4.48,12
1733,Omni Packaging Solutions Enterprises,Chennai,3.55,6
1734,Rapid Trading Company Corporation,Nagpur,4.93,13
1735,Rapid Print Supplies Limited,Ahmedabad,4.8,13
1736,Rapid Chemical Industries Solutions,Kolkata,3.52,4
1737,Universal Raw Materials Solutions,Surat,3.84,12
1738,Zenith Manufacturing Co Solutions,Bangalore,4.54,4
1739,Zenith Packaging Solutions Enterprises,Ahmedabad,5.0,14
1740,Omni Chemical Industries Pvt Ltd,Pune,3.99,14
1741,Vertex Packaging Solutions Enterprises,Mumbai,4.09,11
1742,Frontier Trading Company Limited,Surat,4.76,11
1743,Everest Print Supplies Industries,Pune,3.77,12
1744,NextGen Industrial Supply Solutions,Kolkata,3.68,5
1745,Zenith Paper Mills Pvt Ltd,Pune,4.34,15
1746,Prime Raw Materials Limited,Surat,3.95,11
1747,NextGen Procurement Services Ltd,Chennai,3.95,11
1748,GreenSource Polymers Solutions,Delhi,4.37,14
1749,NorthStar Materials Group Group,Nagpur,4.31,6
1750,Everest Polymers Ltd,Chennai,3.56,5
1751,GreenSource Corrugated Products Industries,Delhi,4.4,6
1752,Zenith Adhesives Corporation,Delhi,4.59,9
1753,Universal Materials Group Corporation,Bangalore,4.07,5
1754,Rapid Trading Company Limited,Bangalore,4.51,14
1755,Metro Materials Group Industries,Pune,4.44,7
1756,Apex Packaging Materials Group,Nagpur,4.49,11
1757,Atlas Packaging Solutions Enterprises,Delhi,3.97,15
1758,Omni Procurement Services Ltd,Nagpur,3.87,7
1759,Everest Materials Group Limited,Surat,4.11,8
1760,Universal Adhesives Group,Bangalore,3.72,15
1761,Summit Chemical Industries Ltd,Pune,4.07,6
1762,Rapid Raw Materials Limited,Delhi,4.29,7
1763,Zenith Corrugated Products Solutions,Pune,4.29,14
1764,Zenith Corrugated Products Corporation,Surat,3.91,4
1765,Prime Packaging Solutions Group,Hyderabad,3.77,15
1766,Vertex Materials Group Enterprises,Ahmedabad,4.39,7
1767,Global Polymers Pvt Ltd,Delhi,3.71,12
1768,BlueLine Industrial Supply Group,Chennai,4.52,9
1769,United Packaging Solutions Solutions,Kolkata,4.7,11
1770,GreenSource Chemical Industries Enterprises,Surat,4.91,6
1771,GreenSource Polymers Limited,Bangalore,4.11,8
1772,Universal Polymers Limited,Pune,4.59,4
1773,NextGen Manufacturing Co Ltd,Pune,4.62,11
1774,Pioneer Print Supplies Ltd,Hyderabad,4.52,14
1775,Metro Trading Company Solutions,Surat,4.53,13
1776,Vertex Packaging Materials Limited,Hyderabad,3.52,6
1777,Global Packaging Materials Enterprises,Surat,4.62,6
1778,Frontier Polymers Ltd,Nagpur,4.17,5
1779,Frontier Logistics Supply Industries,Delhi,3.61,5
1780,Frontier Adhesives Ltd,Hyderabad,4.24,5
1781,SilverLine Raw Materials Group,Chennai,4.75,15
1782,Everest Chemical Industries Corporation,Ahmedabad,3.94,6
1783,Global Packaging Materials Enterprises,Chennai,4.88,13
1784,Frontier Corrugated Products Ltd,Ahmedabad,4.84,10
1785,Prime Adhesives Ltd,Nagpur,4.19,7
1786,SilverLine Raw Materials Ltd,Kolkata,4.84,5
1787,Rapid Adhesives Ltd,Pune,4.15,6
1788,Universal Materials Group Pvt Ltd,Hyderabad,3.69,10
1789,Global Packaging Solutions Corporation,Chennai,4.21,8
1790,GreenSource Adhesives Enterprises,Delhi,4.3,7
1791,Everest Trading Company Solutions,Delhi,3.71,14
1792,Omni Industrial Supply Group,Chennai,3.67,7
1793,Prime Packaging Solutions Enterprises,Hyderabad,4.62,3
1794,NextGen Polymers Industries,Ahmedabad,4.94,7
1795,Everest Procurement Services Solutions,Surat,4.24,13
1796,Metro Adhesives Enterprises,Surat,4.59,14
1797,Rapid Packaging Solutions Limited,Pune,4.69,5
1798,Metro Adhesives Ltd,Chennai,3.58,8
1799,Omni Manufacturing Co Ltd,Hyderabad,4.22,7
1800,Pioneer Raw Materials Enterprises,Chennai,4.43,14
1801,Frontier Packaging Solutions Industries,Bangalore,4.65,7
1802,Summit Polymers Enterprises,Chennai,4.21,15
1803,Everest Packaging Materials Pvt Ltd,Chennai,4.99,12
1804,Metro Paper Mills Limited,Delhi,4.1,7
1805,Apex Logistics Supply Pvt Ltd,Hyderabad,3.53,6
1806,Universal Corrugated Products Ltd,Hyderabad,4.11,7
1807,Summit Paper Mills Group,Hyderabad,4.22,11
1808,Omni Polymers Ltd,Bangalore,3.67,8
1809,BlueLine Adhesives Enterprises,Chennai,3.98,3
1810,NextGen Industrial Supply Ltd,Mumbai,4.49,8
1811,Apex Chemical Industries Solutions,Bangalore,4.86,4
1812,Omni Packaging Solutions Corporation,Ahmedabad,4.05,7
1813,Everest Raw Materials Ltd,Surat,4.66,5
1814,NorthStar Adhesives Group,Nagpur,4.29,8
1815,Summit Polymers Corporation,Chennai,4.38,4
1816,Everest Packaging Solutions Limited,Mumbai,4.38,13
1817,Apex Paper Mills Solutions,Pune,3.61,11
1818,Atlas Adhesives Corporation,Ahmedabad,4.98,6
1819,Vertex Packaging Materials Pvt Ltd,Mumbai,3.69,9
1820,Vertex Packaging Materials Corporation,Surat,4.96,8
1821,United Polymers Limited,Hyderabad,3.6,9
1822,Frontier Logistics Supply Ltd,Delhi,4.4,14
1823,Metro Chemical Industries Ltd,Nagpur,3.59,14
1824,Apex Packaging Materials Enterprises,Ahmedabad,4.53,11
1825,Universal Packaging Solutions Solutions,Surat,4.08,15
1826,Rapid Procurement Services Corporation,Chennai,3.78,5
1827,Zenith Paper Mills Ltd,Surat,4.18,14
1828,Frontier Chemical Industries Corporation,Chennai,3.94,7
1829,Vertex Raw Materials Pvt Ltd,Chennai,3.57,6
1830,GreenSource Industrial Supply Pvt Ltd,Bangalore,4.89,7
1831,Prime Polymers Industries,Chennai,4.3,3
1832,SilverLine Polymers Group,Kolkata,3.62,14
1833,Vertex Chemical Industries Pvt Ltd,Hyderabad,4.85,7
1834,NorthStar Industrial Supply Ltd,Kolkata,3.83,7
1835,NextGen Chemical Industries Ltd,Surat,4.49,15
1836,Zenith Raw Materials Enterprises,Bangalore,4.81,13
1837,Atlas Materials Group Industries,Ahmedabad,3.83,7
1838,Apex Manufacturing Co Enterprises,Delhi,4.17,14
1839,Omni Adhesives Pvt Ltd,Ahmedabad,3.64,5
1840,United Packaging Solutions Pvt Ltd,Chennai,4.35,14
1841,NextGen Polymers Corporation,Mumbai,3.97,5
1842,Rapid Polymers Industries,Pune,3.72,9
1843,Summit Trading Company Enterprises,Pune,4.59,5
1844,Global Manufacturing Co Limited,Hyderabad,4.08,4
1845,Global Print Supplies Ltd,Delhi,3.87,4
1846,BlueLine Packaging Solutions Ltd,Mumbai,4.94,4
1847,Vertex Packaging Materials Group,Pune,3.8,10
1848,Zenith Logistics Supply Solutions,Delhi,3.96,10
1849,Metro Paper Mills Ltd,Surat,4.54,13
1850,Vertex Raw Materials Ltd,Mumbai,3.65,7
1851,Everest Materials Group Enterprises,Delhi,3.5,6
1852,Global Paper Mills Enterprises,Hyderabad,3.72,13
1853,GreenSource Paper Mills Enterprises,Pune,4.24,4
1854,Summit Raw Materials Corporation,Kolkata,3.61,8
1855,Everest Adhesives Limited,Mumbai,4.41,5
1856,Omni Materials Group Group,Nagpur,3.77,9
1857,Metro Logistics Supply Corporation,Nagpur,4.73,8
1858,Everest Chemical Industries Solutions,Kolkata,4.9,15
1859,Universal Print Supplies Ltd,Delhi,4.67,5
1860,NorthStar Packaging Solutions Enterprises,Ahmedabad,4.58,15
1861,Pioneer Corrugated Products Limited,Pune,4.37,14
1862,BlueLine Packaging Solutions Limited,Kolkata,4.99,5
1863,Rapid Adhesives Group,Ahmedabad,4.14,14
1864,Omni Manufacturing Co Group,Delhi,4.7,13
1865,Summit Procurement Services Enterprises,Surat,4.25,11
1866,Pioneer Materials Group Industries,Hyderabad,3.63,14
1867,Omni Materials Group Industries,Pune,3.85,3
1868,Apex Corrugated Products Ltd,Kolkata,4.34,5
1869,Everest Industrial Supply Group,Kolkata,4.77,15
1870,Metro Chemical Industries Solutions,Delhi,4.75,11
1871,Omni Paper Mills Industries,Chennai,3.58,5
1872,Everest Packaging Materials Pvt Ltd,Hyderabad,4.6,14
1873,Omni Adhesives Ltd,Pune,4.49,4
1874,Pioneer Corrugated Products Pvt Ltd,Mumbai,3.72,5
1875,Universal Paper Mills Limited,Mumbai,4.35,9
1876,Metro Print Supplies Pvt Ltd,Ahmedabad,4.62,14
1877,Frontier Packaging Materials Corporation,Ahmedabad,4.12,8
1878,United Print Supplies Ltd,Bangalore,3.67,3
1879,Prime Manufacturing Co Pvt Ltd,Surat,3.74,9
1880,Omni Polymers Solutions,Surat,4.57,7
1881,Zenith Materials Group Corporation,Chennai,4.14,5
1882,BlueLine Raw Materials Enterprises,Delhi,4.61,9
1883,Atlas Industrial Supply Industries,Hyderabad,3.78,14
1884,Vertex Manufacturing Co Limited,Ahmedabad,4.22,13
1885,Rapid Corrugated Products Enterprises,Delhi,3.58,8
1886,Omni Paper Mills Corporation,Pune,3.66,8
1887,Atlas Print Supplies Group,Mumbai,3.86,5
1888,Vertex Raw Materials Limited,Chennai,4.4,15
1889,GreenSource Paper Mills Industries,Mumbai,3.86,4
1890,Zenith Manufacturing Co Ltd,Nagpur,4.98,10
1891,Prime Industrial Supply Group,Pune,4.92,3
1892,SilverLine Print Supplies Corporation,Hyderabad,4.25,8
1893,Rapid Packaging Materials Group,Delhi,4.55,4
1894,NorthStar Procurement Services Limited,Surat,4.71,5
1895,Global Manufacturing Co Enterprises,Ahmedabad,4.38,3
1896,GreenSource Packaging Solutions Pvt Ltd,Ahmedabad,3.62,13
1897,Universal Packaging Materials Industries,Chennai,4.71,13
1898,Metro Print Supplies Pvt Ltd,Surat,4.27,14
1899,Atlas Polymers Group,Ahmedabad,4.68,8
1900,GreenSource Adhesives Enterprises,Mumbai,4.84,15
1901,Rapid Paper Mills Industries,Nagpur,4.41,5
1902,Zenith Polymers Solutions,Pune,4.71,5
1903,GreenSource Materials Group Limited,Ahmedabad,3.64,8
1904,NextGen Logistics Supply Corporation,Delhi,3.6,12
1905,SilverLine Adhesives Limited,Pune,3.77,15
1906,United Chemical Industries Solutions,Bangalore,4.64,10
1907,Metro Raw Materials Solutions,Mumbai,4.05,7
1908,Rapid Procurement Services Pvt Ltd,Ahmedabad,4.05,12
1909,NorthStar Adhesives Limited,Hyderabad,4.26,7
1910,Prime Manufacturing Co Ltd,Chennai,4.55,11
1911,Global Packaging Solutions Limited,Bangalore,4.06,12
1912,Rapid Corrugated Products Limited,Chennai,4.08,10
1913,Universal Adhesives Solutions,Ahmedabad,4.46,10
1914,Everest Raw Materials Pvt Ltd,Pune,4.88,9
1915,Omni Paper Mills Enterprises,Kolkata,3.6,8
1916,Atlas Trading Company Industries,Ahmedabad,3.67,10
1917,Prime Materials Group Pvt Ltd,Ahmedabad,3.72,6
1918,NorthStar Manufacturing Co Ltd,Nagpur,4.66,3
1919,SilverLine Print Supplies Enterprises,Ahmedabad,3.82,6
1920,Global Print Supplies Enterprises,Bangalore,3.88,5
1921,Universal Packaging Solutions Limited,Bangalore,4.11,7
1922,United Corrugated Products Enterprises,Surat,3.82,7
1923,NextGen Corrugated Products Ltd,Pune,4.84,9
1924,NorthStar Print Supplies Corporation,Delhi,3.8,9
1925,Pioneer Trading Company Pvt Ltd,Hyderabad,4.03,14
1926,Zenith Procurement Services Ltd,Surat,4.67,12
1927,Apex Raw Materials Pvt Ltd,Kolkata,4.5,14
1928,NorthStar Industrial Supply Pvt Ltd,Ahmedabad,4.9,10
1929,NorthStar Raw Materials Enterprises,Bangalore,4.28,3
1930,United Corrugated Products Pvt Ltd,Ahmedabad,4.46,12
1931,Everest Industrial Supply Industries,Chennai,4.13,11
1932,NextGen Manufacturing Co Enterprises,Chennai,4.02,6
1933,Zenith Industrial Supply Group,Kolkata,3.52,7
1934,Frontier Corrugated Products Limited,Ahmedabad,4.47,10
1935,Omni Procurement Services Group,Kolkata,4.74,9
1936,Frontier Print Supplies Group,Pune,4.89,10
1937,Omni Adhesives Pvt Ltd,Surat,4.39,11
1938,Omni Procurement Services Corporation,Hyderabad,4.45,14
1939,Atlas Logistics Supply Limited,Pune,4.71,4
1940,Universal Polymers Ltd,Nagpur,4.9,4
1941,Pioneer Packaging Materials Limited,Ahmedabad,4.26,15
1942,Prime Polymers Corporation,Hyderabad,3.82,15
1943,United Materials Group Enterprises,Pune,3.79,10
1944,Everest Adhesives Solutions,Hyderabad,4.86,13
1945,Rapid Industrial Supply Group,Chennai,4.26,7
1946,BlueLine Chemical Industries Enterprises,Chennai,3.51,9
1947,Prime Industrial Supply Ltd,Delhi,4.69,11
1948,Atlas Adhesives Group,Delhi,4.94,9
1949,Summit Materials Group Enterprises,Chennai,4.42,9
1950,Prime Print Supplies Enterprises,Delhi,4.91,9
1951,NextGen Procurement Services Group,Surat,3.74,6
1952,Everest Packaging Materials Pvt Ltd,Surat,3.68,12
1953,Rapid Corrugated Products Corporation,Surat,3.74,8
1954,Apex Raw Materials Limited,Mumbai,4.16,13
1955,Zenith Packaging Solutions Ltd,Nagpur,4.56,4
1956,Zenith Procurement Services Ltd,Delhi,4.98,13
1957,SilverLine Packaging Solutions Industries,Chennai,3.95,11
1958,Summit Packaging Materials Enterprises,Bangalore,4.49,7
1959,Universal Logistics Supply Pvt Ltd,Mumbai,4.46,12
1960,Everest Raw Materials Solutions,Nagpur,3.68,5
1961,GreenSource Chemical Industries Pvt Ltd,Pune,3.62,8
1962,Apex Procurement Services Limited,Ahmedabad,4.69,9
1963,Universal Trading Company Limited,Chennai,4.53,9
1964,NorthStar Polymers Solutions,Delhi,3.77,3
1965,NextGen Polymers Ltd,Pune,4.96,8
1966,Pioneer Manufacturing Co Ltd,Delhi,4.28,7
1967,Everest Paper Mills Ltd,Surat,3.53,11
1968,Metro Paper Mills Group,Pune,4.85,3
1969,NorthStar Packaging Solutions Industries,Pune,4.59,5
1970,BlueLine Chemical Industries Solutions,Chennai,4.93,8
1971,Vertex Polymers Corporation,Ahmedabad,4.62,10
1972,Omni Materials Group Enterprises,Chennai,3.88,6
1973,BlueLine Procurement Services Limited,Nagpur,4.69,12
1974,GreenSource Packaging Solutions Industries,Ahmedabad,4.15,10
1975,Omni Manufacturing Co Corporation,Kolkata,4.43,12
1976,Rapid Procurement Services Industries,Nagpur,4.03,13
1977,Universal Trading Company Pvt Ltd,Mumbai,4.94,7
1978,Zenith Procurement Services Corporation,Nagpur,4.74,13
1979,Frontier Adhesives Enterprises,Mumbai,3.67,15
1980,NorthStar Procurement Services Pvt Ltd,Kolkata,3.87,6
1981,SilverLine Adhesives Pvt Ltd,Kolkata,3.68,8
1982,Global Packaging Materials Group,Chennai,4.2,15
1983,NorthStar Logistics Supply Industries,Surat,3.6,7
1984,Atlas Paper Mills Industries,Pune,4.34,14
1985,Atlas Logistics Supply Limited,Nagpur,4.84,9
1986,Omni Adhesives Group,Chennai,3.8,15
1987,Pioneer Trading Company Ltd,Bangalore,4.13,4
1988,United Packaging Solutions Group,Nagpur,4.07,12
1989,Global Chemical Industries Ltd,Nagpur,4.98,10
1990,GreenSource Packaging Solutions Enterprises,Mumbai,4.84,11
1991,Prime Adhesives Ltd,Pune,4.2,15
1992,Omni Packaging Materials Corporation,Bangalore,3.98,8
1993,Rapid Raw Materials Group,Ahmedabad,4.42,9
1994,GreenSource Packaging Materials Solutions,Ahmedabad,4.77,4
1995,SilverLine Manufacturing Co Limited,Mumbai,3.84,3
1996,Metro Raw Materials Group,Hyderabad,3.84,4
1997,Apex Packaging Materials Group,Surat,4.98,14
1998,Prime Chemical Industries Ltd,Pune,3.57,7
1999,Universal Chemical Industries Group,Nagpur,4.69,9
2000,BlueLine Packaging Materials Pvt Ltd,Delhi,4.38,4
2001,Metro Adhesives Pvt Ltd,Nagpur,4.83,9
2002,United Polymers Limited,Surat,4.29,12
2003,Pioneer Polymers Solutions,Bangalore,3.98,14
2004,Pioneer Paper Mills Limited,Bangalore,4.65,14
2005,Universal Adhesives Industries,Chennai,4.54,4
2006,Pioneer Industrial Supply Industries,Mumbai,4.51,10
2007,Rapid Paper Mills Solutions,Pune,4.01,12
2008,Frontier Materials Group Group,Bangalore,4.56,13
2009,Metro Corrugated Products Limited,Delhi,3.83,8
2010,Rapid Trading Company Industries,Hyderabad,3.78,7
2011,Omni Packaging Solutions Corporation,Nagpur,4.47,5
2012,United Logistics Supply Limited,Pune,3.86,10
2013,NextGen Chemical Industries Ltd,Ahmedabad,4.49,10
2014,SilverLine Chemical Industries Limited,Surat,3.63,9
2015,Apex Packaging Solutions Enterprises,Surat,4.15,8
2016,Prime Trading Company Corporation,Kolkata,3.65,13
2017,Rapid Packaging Materials Enterprises,Chennai,3.94,9
2018,NextGen Manufacturing Co Corporation,Surat,4.41,11
2019,Omni Raw Materials Ltd,Chennai,4.94,6
2020,Everest Industrial Supply Ltd,Nagpur,3.9,4
2021,Vertex Raw Materials Corporation,Chennai,4.82,14
2022,Rapid Procurement Services Enterprises,Pune,3.83,14
2023,BlueLine Trading Company Industries,Delhi,4.68,8
2024,GreenSource Packaging Materials Corporation,Mumbai,3.64,11
2025,Atlas Trading Company Corporation,Chennai,3.76,13
2026,Universal Packaging Solutions Pvt Ltd,Kolkata,4.85,5
2027,Global Polymers Solutions,Hyderabad,4.0,5
2028,BlueLine Logistics Supply Limited,Delhi,4.52,3
2029,Atlas Adhesives Solutions,Nagpur,3.5,6
2030,Pioneer Raw Materials Ltd,Mumbai,4.35,7
2031,Summit Materials Group Pvt Ltd,Delhi,4.66,4
2032,GreenSource Print Supplies Group,Ahmedabad,4.24,8
2033,Vertex Chemical Industries Solutions,Bangalore,4.05,3
2034,SilverLine Chemical Industries Group,Surat,4.66,12
2035,Pioneer Raw Materials Corporation,Surat,4.59,3
2036,Metro Procurement Services Industries,Delhi,4.04,3
2037,Summit Manufacturing Co Enterprises,Kolkata,3.81,4
2038,Apex Logistics Supply Enterprises,Pune,4.95,13
2039,Vertex Logistics Supply Solutions,Surat,3.76,13
2040,SilverLine Logistics Supply Group,Hyderabad,4.38,7
2041,GreenSource Paper Mills Ltd,Nagpur,4.28,8
2042,Atlas Raw Materials Enterprises,Ahmedabad,4.35,15
2043,SilverLine Chemical Industries Limited,Mumbai,4.25,13
2044,Metro Trading Company Pvt Ltd,Surat,4.95,12
2045,Vertex Polymers Pvt Ltd,Bangalore,4.23,4
2046,GreenSource Industrial Supply Solutions,Mumbai,3.83,12
2047,Everest Industrial Supply Solutions,Bangalore,3.51,8
2048,Global Industrial Supply Corporation,Delhi,4.03,7
2049,Frontier Polymers Pvt Ltd,Pune,4.57,5
2050,Apex Procurement Services Limited,Bangalore,3.83,10
2051,SilverLine Paper Mills Enterprises,Hyderabad,4.1,4
2052,BlueLine Logistics Supply Corporation,Nagpur,3.97,12
2053,Omni Polymers Group,Nagpur,3.71,15
2054,Apex Chemical Industries Pvt Ltd,Hyderabad,4.33,7
2055,GreenSource Raw Materials Corporation,Nagpur,4.89,10
2056,Vertex Packaging Solutions Enterprises,Hyderabad,3.64,11
2057,United Packaging Materials Group,Surat,4.9,14
2058,SilverLine Trading Company Group,Hyderabad,4.2,9
2059,United Industrial Supply Ltd,Hyderabad,3.63,5
2060,Atlas Logistics Supply Corporation,Chennai,4.37,8
2061,Metro Manufacturing Co Corporation,Mumbai,4.63,9
2062,Metro Procurement Services Ltd,Ahmedabad,4.71,11
2063,United Corrugated Products Ltd,Pune,3.58,13
2064,Everest Adhesives Limited,Bangalore,4.35,14
2065,NorthStar Corrugated Products Ltd,Pune,4.61,13
2066,Frontier Packaging Materials Ltd,Chennai,4.27,11
2067,Pioneer Packaging Solutions Industries,Delhi,3.95,7
2068,Global Print Supplies Solutions,Nagpur,4.53,4
2069,Universal Industrial Supply Pvt Ltd,Nagpur,4.82,11
2070,Everest Paper Mills Industries,Pune,4.21,11
2071,United Procurement Services Ltd,Pune,3.95,10
2072,NextGen Corrugated Products Industries,Surat,3.89,12
2073,United Corrugated Products Limited,Hyderabad,3.72,3
2074,NextGen Packaging Solutions Industries,Delhi,4.27,14
2075,Vertex Paper Mills Solutions,Ahmedabad,3.94,13
2076,Everest Manufacturing Co Solutions,Kolkata,4.5,9
2077,Rapid Packaging Materials Limited,Ahmedabad,4.13,9
2078,Metro Industrial Supply Corporation,Ahmedabad,3.68,9
2079,Global Manufacturing Co Corporation,Mumbai,4.47,13
2080,Atlas Trading Company Ltd,Kolkata,4.94,10
2081,United Chemical Industries Ltd,Delhi,4.04,11
2082,Apex Adhesives Enterprises,Surat,3.59,13
2083,Metro Adhesives Group,Ahmedabad,4.57,15
2084,Metro Chemical Industries Corporation,Hyderabad,3.6,13
2085,Pioneer Procurement Services Solutions,Nagpur,4.49,12
2086,Frontier Print Supplies Corporation,Delhi,4.55,12
2087,Zenith Adhesives Enterprises,Pune,3.57,14
2088,NextGen Paper Mills Limited,Pune,4.25,13
2089,Pioneer Adhesives Industries,Chennai,3.66,5
2090,Rapid Print Supplies Enterprises,Pune,3.59,7
2091,Everest Industrial Supply Limited,Ahmedabad,4.65,12
2092,Global Logistics Supply Pvt Ltd,Kolkata,3.66,10
2093,Rapid Packaging Solutions Industries,Chennai,3.88,10
2094,GreenSource Paper Mills Industries,Delhi,4.15,11
2095,Apex Raw Materials Ltd,Pune,3.81,15
2096,Metro Logistics Supply Ltd,Kolkata,4.66,12
2097,Vertex Corrugated Products Limited,Kolkata,3.78,14
2098,Frontier Trading Company Industries,Chennai,4.36,10
2099,Frontier Adhesives Group,Nagpur,4.85,5
2100,Universal Trading Company Enterprises,Hyderabad,4.81,12
2101,Universal Packaging Solutions Corporation,Pune,3.68,6
2102,Prime Manufacturing Co Group,Mumbai,3.84,7
2103,BlueLine Procurement Services Group,Pune,4.81,5
2104,GreenSource Raw Materials Industries,Surat,4.9,11
2105,GreenSource Procurement Services Ltd,Surat,4.55,4
2106,Zenith Trading Company Corporation,Mumbai,3.55,9
2107,BlueLine Paper Mills Group,Mumbai,3.71,11
2108,NorthStar Logistics Supply Ltd,Chennai,4.24,15
2109,Zenith Logistics Supply Ltd,Kolkata,4.97,9
2110,Atlas Packaging Materials Limited,Surat,4.22,5
2111,BlueLine Packaging Materials Ltd,Pune,3.55,11
2112,Summit Polymers Group,Hyderabad,4.22,15
2113,Summit Industrial Supply Ltd,Mumbai,4.66,15
2114,Apex Materials Group Enterprises,Mumbai,4.33,3
2115,Rapid Print Supplies Enterprises,Delhi,4.14,9
2116,Vertex Packaging Solutions Limited,Ahmedabad,3.68,12
2117,SilverLine Adhesives Industries,Kolkata,4.15,3
2118,Summit Paper Mills Limited,Nagpur,3.52,9
2119,Vertex Manufacturing Co Ltd,Mumbai,4.81,6
2120,Prime Raw Materials Ltd,Delhi,4.16,7
2121,Prime Adhesives Group,Nagpur,4.48,6
2122,GreenSource Packaging Solutions Enterprises,Ahmedabad,4.49,13
2123,Universal Raw Materials Corporation,Surat,3.81,14
2124,SilverLine Logistics Supply Industries,Ahmedabad,4.57,8
2125,Vertex Chemical Industries Industries,Surat,4.84,8
2126,Vertex Materials Group Limited,Mumbai,4.02,9
2127,Atlas Trading Company Corporation,Pune,3.81,5
2128,Frontier Paper Mills Corporation,Surat,3.82,8
2129,Metro Industrial Supply Industries,Ahmedabad,4.47,10
2130,Everest Industrial Supply Solutions,Mumbai,3.91,12
2131,Rapid Chemical Industries Limited,Mumbai,3.92,12
2132,Rapid Trading Company Ltd,Hyderabad,4.08,3
2133,Summit Paper Mills Enterprises,Delhi,4.49,11
2134,Prime Polymers Corporation,Mumbai,4.31,8
2135,Global Logistics Supply Group,Bangalore,4.72,12
2136,Apex Print Supplies Ltd,Kolkata,4.59,12
2137,Omni Corrugated Products Enterprises,Mumbai,4.71,11
2138,Rapid Packaging Materials Corporation,Surat,4.2,12
2139,Zenith Print Supplies Corporation,Delhi,4.94,10
2140,Summit Packaging Solutions Ltd,Bangalore,4.7,7
2141,Universal Paper Mills Corporation,Kolkata,4.36,3
2142,Atlas Chemical Industries Group,Bangalore,4.49,15
2143,Atlas Industrial Supply Limited,Bangalore,4.35,8
2144,BlueLine Corrugated Products Pvt Ltd,Ahmedabad,4.19,10
2145,Global Trading Company Ltd,Kolkata,4.22,11
2146,Apex Procurement Services Ltd,Nagpur,4.91,7
2147,Atlas Materials Group Group,Pune,4.16,7
2148,BlueLine Chemical Industries Solutions,Delhi,3.84,5
2149,Metro Corrugated Products Ltd,Chennai,3.67,3
2150,NextGen Polymers Solutions,Nagpur,3.98,11
2151,Summit Industrial Supply Corporation,Bangalore,3.52,8
2152,Vertex Packaging Materials Ltd,Nagpur,3.85,4
2153,Universal Materials Group Solutions,Pune,4.27,6
2154,Apex Adhesives Group,Hyderabad,3.61,9
2155,GreenSource Packaging Solutions Ltd,Kolkata,4.41,8
2156,NorthStar Procurement Services Group,Ahmedabad,4.91,7
2157,Atlas Industrial Supply Pvt Ltd,Kolkata,3.57,5
2158,Zenith Industrial Supply Limited,Nagpur,3.82,8
2159,Frontier Packaging Materials Group,Chennai,4.07,12
2160,Prime Polymers Pvt Ltd,Hyderabad,4.64,13
2161,Universal Raw Materials Industries,Nagpur,4.26,12
2162,Vertex Packaging Materials Enterprises,Surat,4.6,11
2163,Prime Manufacturing Co Solutions,Surat,4.28,8
2164,BlueLine Paper Mills Corporation,Chennai,3.99,15
2165,SilverLine Paper Mills Solutions,Kolkata,4.62,4
2166,Summit Trading Company Enterprises,Kolkata,3.62,11
2167,Frontier Raw Materials Group,Ahmedabad,4.41,10
2168,Omni Paper Mills Pvt Ltd,Surat,3.87,9
2169,Zenith Polymers Pvt Ltd,Nagpur,3.89,7
2170,NorthStar Adhesives Limited,Pune,4.11,11
2171,Metro Manufacturing Co Solutions,Chennai,4.85,10
2172,Global Packaging Solutions Limited,Hyderabad,3.9,11
2173,Pioneer Packaging Materials Limited,Delhi,4.8,9
2174,Global Packaging Materials Pvt Ltd,Pune,3.7,11
2175,Rapid Logistics Supply Enterprises,Kolkata,3.69,14
2176,Vertex Paper Mills Corporation,Pune,4.01,8
2177,Zenith Manufacturing Co Limited,Mumbai,3.61,8
2178,United Logistics Supply Enterprises,Ahmedabad,4.61,9
2179,GreenSource Print Supplies Solutions,Delhi,4.6,14
2180,Zenith Logistics Supply Limited,Delhi,4.84,12
2181,Zenith Adhesives Solutions,Hyderabad,3.98,5
2182,Frontier Packaging Materials Corporation,Pune,3.85,10
2183,NorthStar Industrial Supply Enterprises,Bangalore,3.98,8
2184,NextGen Packaging Solutions Ltd,Chennai,4.15,7
2185,Zenith Logistics Supply Group,Pune,4.02,5
2186,Everest Chemical Industries Corporation,Ahmedabad,4.16,5
2187,GreenSource Logistics Supply Corporation,Nagpur,4.63,6
2188,BlueLine Packaging Solutions Limited,Chennai,4.33,11
2189,NextGen Industrial Supply Ltd,Surat,4.31,6
2190,Global Trading Company Ltd,Kolkata,3.8,12
2191,Omni Packaging Materials Solutions,Surat,3.69,10
2192,GreenSource Logistics Supply Limited,Pune,4.17,9
2193,Pioneer Chemical Industries Limited,Delhi,4.99,14
2194,Everest Adhesives Limited,Chennai,4.59,8
2195,NextGen Materials Group Group,Bangalore,4.18,14
2196,Frontier Polymers Limited,Kolkata,4.84,3
2197,Omni Raw Materials Group,Chennai,4.76,13
2198,Prime Polymers Ltd,Chennai,3.71,9
2199,Summit Polymers Industries,Bangalore,4.21,10
2200,NextGen Packaging Materials Solutions,Bangalore,3.7,13
2201,Universal Materials Group Industries,Mumbai,4.15,10
2202,Vertex Manufacturing Co Industries,Delhi,3.56,14
2203,BlueLine Manufacturing Co Enterprises,Nagpur,3.85,8
2204,Pioneer Materials Group Pvt Ltd,Bangalore,4.76,7
2205,Pioneer Trading Company Enterprises,Nagpur,4.04,10
2206,GreenSource Raw Materials Industries,Pune,4.94,15
2207,GreenSource Procurement Services Solutions,Kolkata,3.87,9
2208,Everest Packaging Solutions Solutions,Kolkata,4.49,8
2209,Rapid Packaging Materials Pvt Ltd,Ahmedabad,4.76,10
2210,Atlas Procurement Services Industries,Mumbai,3.94,11
2211,Apex Logistics Supply Enterprises,Mumbai,4.34,8
2212,BlueLine Polymers Group,Hyderabad,4.09,10
2213,Omni Procurement Services Corporation,Mumbai,3.9,14
2214,Summit Adhesives Ltd,Bangalore,4.17,6
2215,Zenith Logistics Supply Pvt Ltd,Surat,3.81,13
2216,Everest Manufacturing Co Group,Delhi,4.41,3
2217,Global Print Supplies Enterprises,Pune,4.67,8
2218,SilverLine Print Supplies Limited,Mumbai,4.28,8
2219,Vertex Paper Mills Pvt Ltd,Surat,4.09,14
2220,Summit Chemical Industries Pvt Ltd,Kolkata,4.0,6
2221,Vertex Packaging Materials Industries,Mumbai,3.55,3
2222,Frontier Raw Materials Enterprises,Ahmedabad,3.56,7
2223,GreenSource Industrial Supply Industries,Chennai,3.55,14
2224,Everest Corrugated Products Enterprises,Hyderabad,3.7,14
2225,BlueLine Corrugated Products Limited,Pune,3.61,14
2226,Omni Industrial Supply Ltd,Surat,4.41,5
2227,Everest Packaging Materials Enterprises,Chennai,4.75,7
2228,NorthStar Procurement Services Ltd,Bangalore,3.91,6
2229,Everest Chemical Industries Solutions,Hyderabad,3.94,4
2230,Summit Procurement Services Corporation,Ahmedabad,3.93,14
2231,Vertex Materials Group Industries,Hyderabad,3.53,10
2232,Rapid Adhesives Limited,Ahmedabad,3.84,3
2233,Rapid Print Supplies Industries,Ahmedabad,4.05,12
2234,Everest Polymers Corporation,Kolkata,3.72,13
2235,Universal Raw Materials Pvt Ltd,Chennai,4.8,10
2236,Zenith Paper Mills Limited,Delhi,4.1,10
2237,Frontier Packaging Materials Industries,Mumbai,4.65,7
2238,Omni Chemical Industries Group,Delhi,3.55,14
2239,Zenith Manufacturing Co Enterprises,Mumbai,3.9,6
2240,Vertex Print Supplies Solutions,Surat,4.25,13
2241,Summit Adhesives Solutions,Ahmedabad,4.27,14
2242,Universal Logistics Supply Limited,Hyderabad,4.55,9
2243,Metro Print Supplies Ltd,Delhi,4.28,4
2244,NextGen Paper Mills Solutions,Pune,3.56,9
2245,Pioneer Packaging Solutions Solutions,Delhi,4.62,11
2246,Omni Procurement Services Ltd,Bangalore,3.68,7
2247,BlueLine Materials Group Group,Nagpur,4.83,12
2248,NextGen Packaging Solutions Corporation,Surat,4.53,15
2249,Atlas Packaging Materials Group,Surat,4.41,10
2250,United Paper Mills Group,Delhi,3.75,14
2251,Pioneer Industrial Supply Group,Hyderabad,3.77,10
2252,Universal Industrial Supply Corporation,Chennai,3.8,4
2253,Vertex Trading Company Group,Pune,3.59,10
2254,Atlas Packaging Solutions Limited,Kolkata,4.45,6
2255,SilverLine Polymers Ltd,Chennai,3.91,9
2256,Zenith Packaging Materials Corporation,Kolkata,4.44,9
2257,BlueLine Materials Group Industries,Pune,4.39,4
2258,Apex Chemical Industries Pvt Ltd,Bangalore,4.35,5
2259,Frontier Manufacturing Co Enterprises,Kolkata,4.36,12
2260,Atlas Chemical Industries Solutions,Chennai,3.75,15
2261,Summit Paper Mills Limited,Nagpur,3.72,5
2262,Pioneer Corrugated Products Ltd,Kolkata,3.62,3
2263,Metro Materials Group Solutions,Hyderabad,4.5,8
2264,GreenSource Materials Group Limited,Chennai,4.34,9
2265,Rapid Packaging Materials Solutions,Kolkata,3.97,11
2266,NorthStar Materials Group Limited,Nagpur,4.76,5
2267,BlueLine Packaging Materials Pvt Ltd,Hyderabad,4.34,10
2268,BlueLine Polymers Limited,Surat,4.85,13
2269,SilverLine Packaging Solutions Ltd,Kolkata,4.78,15
2270,SilverLine Packaging Materials Enterprises,Chennai,4.43,6
2271,Rapid Adhesives Pvt Ltd,Mumbai,3.79,8
2272,Frontier Paper Mills Ltd,Nagpur,3.97,4
2273,SilverLine Logistics Supply Corporation,Surat,4.88,12
2274,BlueLine Industrial Supply Corporation,Ahmedabad,4.1,14
2275,BlueLine Chemical Industries Ltd,Nagpur,4.73,14
2276,Pioneer Manufacturing Co Solutions,Ahmedabad,3.76,14
2277,Vertex Print Supplies Limited,Mumbai,4.05,12
2278,Metro Packaging Materials Pvt Ltd,Delhi,3.62,4
2279,Prime Trading Company Ltd,Kolkata,3.65,11
2280,BlueLine Corrugated Products Industries,Nagpur,4.61,8
2281,NorthStar Logistics Supply Pvt Ltd,Nagpur,4.58,8
2282,Frontier Industrial Supply Enterprises,Hyderabad,4.76,13
2283,Prime Raw Materials Industries,Surat,3.72,7
2284,Universal Packaging Solutions Solutions,Mumbai,3.91,6
2285,Frontier Procurement Services Pvt Ltd,Mumbai,3.97,11
2286,SilverLine Raw Materials Group,Ahmedabad,4.35,14
2287,Universal Manufacturing Co Solutions,Pune,3.67,4
2288,NextGen Packaging Materials Limited,Delhi,3.98,13
2289,Global Print Supplies Pvt Ltd,Mumbai,3.83,8
2290,United Raw Materials Industries,Bangalore,4.76,13
2291,Apex Packaging Materials Pvt Ltd,Bangalore,3.58,14
2292,GreenSource Packaging Solutions Corporation,Delhi,4.35,9
2293,Summit Corrugated Products Industries,Bangalore,4.83,5
2294,GreenSource Chemical Industries Solutions,Bangalore,3.64,8
2295,Zenith Adhesives Group,Surat,4.17,13
2296,NextGen Industrial Supply Enterprises,Delhi,4.31,6
2297,Omni Adhesives Corporation,Chennai,4.01,11
2298,Vertex Corrugated Products Corporation,Pune,4.27,6
2299,BlueLine Paper Mills Solutions,Bangalore,3.55,4
2300,Frontier Polymers Pvt Ltd,Ahmedabad,3.71,12
2301,NorthStar Adhesives Enterprises,Nagpur,4.85,8
2302,Everest Polymers Group,Mumbai,3.74,10
2303,NorthStar Adhesives Limited,Delhi,4.87,7
2304,NextGen Trading Company Pvt Ltd,Mumbai,4.16,12
2305,United Manufacturing Co Enterprises,Hyderabad,4.21,6
2306,BlueLine Packaging Materials Group,Nagpur,4.01,13
2307,Rapid Chemical Industries Ltd,Chennai,4.64,11
2308,Everest Procurement Services Enterprises,Bangalore,4.93,9
2309,Zenith Industrial Supply Pvt Ltd,Surat,3.75,7
2310,Atlas Packaging Materials Industries,Nagpur,4.63,5
2311,NorthStar Print Supplies Ltd,Pune,3.96,15
2312,Metro Print Supplies Group,Ahmedabad,4.09,10
2313,Global Polymers Pvt Ltd,Chennai,4.82,7
2314,GreenSource Raw Materials Pvt Ltd,Chennai,4.79,9
2315,Universal Packaging Materials Industries,Delhi,4.53,15
2316,SilverLine Industrial Supply Solutions,Delhi,4.02,10
2317,Vertex Polymers Enterprises,Chennai,4.87,13
2318,Rapid Corrugated Products Solutions,Chennai,4.64,4
2319,Rapid Packaging Solutions Group,Delhi,4.1,8
2320,GreenSource Corrugated Products Enterprises,Nagpur,4.09,4
2321,SilverLine Trading Company Ltd,Chennai,4.83,5
2322,Summit Adhesives Group,Kolkata,4.25,3
2323,Atlas Manufacturing Co Enterprises,Pune,4.47,5
2324,Pioneer Paper Mills Ltd,Chennai,3.95,4
2325,NorthStar Procurement Services Pvt Ltd,Hyderabad,3.73,7
2326,Rapid Polymers Solutions,Mumbai,3.89,9
2327,NextGen Packaging Solutions Enterprises,Surat,4.75,10
2328,Universal Adhesives Limited,Hyderabad,4.71,3
2329,NextGen Adhesives Pvt Ltd,Nagpur,4.26,13
2330,United Industrial Supply Solutions,Hyderabad,4.13,3
2331,GreenSource Procurement Services Corporation,Pune,4.41,15
2332,United Materials Group Group,Ahmedabad,4.57,11
2333,SilverLine Raw Materials Pvt Ltd,Hyderabad,4.3,9
2334,Universal Packaging Solutions Ltd,Kolkata,4.92,14
2335,Zenith Chemical Industries Industries,Surat,4.72,14
2336,United Procurement Services Ltd,Ahmedabad,3.92,4
2337,Pioneer Trading Company Group,Mumbai,4.83,13
2338,SilverLine Chemical Industries Enterprises,Kolkata,4.51,15
2339,Global Materials Group Corporation,Delhi,3.94,9
2340,Global Trading Company Group,Bangalore,4.45,12
2341,Everest Adhesives Ltd,Surat,4.61,6
2342,NextGen Raw Materials Limited,Delhi,4.59,13
2343,Pioneer Procurement Services Corporation,Kolkata,4.96,14
2344,Atlas Paper Mills Solutions,Mumbai,3.61,8
2345,Prime Packaging Solutions Limited,Hyderabad,4.27,14
2346,Universal Adhesives Corporation,Hyderabad,4.1,5
2347,BlueLine Packaging Materials Limited,Hyderabad,4.95,15
2348,Apex Manufacturing Co Corporation,Bangalore,4.42,11
2349,Summit Packaging Materials Ltd,Kolkata,4.36,6
2350,Omni Chemical Industries Pvt Ltd,Bangalore,4.25,3
2351,Atlas Procurement Services Pvt Ltd,Bangalore,3.91,9
2352,Apex Industrial Supply Enterprises,Delhi,3.91,10
2353,Atlas Print Supplies Group,Pune,3.83,3
2354,NorthStar Paper Mills Limited,Nagpur,3.93,14
2355,Atlas Corrugated Products Solutions,Nagpur,4.13,12
2356,NorthStar Materials Group Enterprises,Ahmedabad,4.89,3
2357,NorthStar Adhesives Group,Kolkata,4.73,5
2358,United Corrugated Products Solutions,Chennai,4.3,5
2359,Rapid Chemical Industries Enterprises,Mumbai,4.49,12
2360,Universal Polymers Solutions,Surat,4.98,4
2361,Apex Packaging Materials Group,Bangalore,3.94,8
2362,United Polymers Solutions,Mumbai,3.73,12
2363,NextGen Manufacturing Co Group,Nagpur,4.15,15
2364,Global Print Supplies Corporation,Surat,4.62,6
2365,Rapid Logistics Supply Pvt Ltd,Hyderabad,4.41,4
2366,Everest Procurement Services Industries,Chennai,4.99,12
2367,GreenSource Packaging Solutions Pvt Ltd,Hyderabad,4.33,8
2368,Apex Procurement Services Corporation,Kolkata,4.66,13
2369,Everest Polymers Group,Surat,4.3,9
2370,Summit Corrugated Products Enterprises,Ahmedabad,4.64,7
2371,United Packaging Solutions Pvt Ltd,Hyderabad,3.93,11
2372,NorthStar Print Supplies Solutions,Delhi,4.53,4
2373,Rapid Manufacturing Co Enterprises,Hyderabad,4.12,13
2374,Global Manufacturing Co Industries,Delhi,4.41,11
2375,Universal Manufacturing Co Enterprises,Mumbai,3.99,6
2376,NextGen Manufacturing Co Solutions,Pune,4.93,3
2377,Atlas Logistics Supply Enterprises,Surat,4.27,6
2378,NextGen Trading Company Group,Chennai,3.76,14
2379,Apex Adhesives Pvt Ltd,Bangalore,3.6,3
2380,Apex Manufacturing Co Solutions,Ahmedabad,3.87,12
2381,United Paper Mills Pvt Ltd,Ahmedabad,4.25,4
2382,Atlas Corrugated Products Group,Delhi,3.87,14
2383,Universal Industrial Supply Ltd,Hyderabad,4.8,10
2384,Rapid Raw Materials Enterprises,Bangalore,4.83,11
2385,Everest Packaging Materials Ltd,Ahmedabad,4.22,14
2386,Prime Chemical Industries Enterprises,Mumbai,4.05,14
2387,Frontier Polymers Solutions,Hyderabad,4.68,4
2388,Metro Corrugated Products Corporation,Nagpur,4.63,4
2389,NextGen Adhesives Enterprises,Kolkata,3.71,6
2390,Pioneer Paper Mills Corporation,Pune,4.0,14
2391,Universal Trading Company Solutions,Chennai,4.64,8
2392,GreenSource Packaging Materials Solutions,Kolkata,4.68,14
2393,BlueLine Manufacturing Co Corporation,Nagpur,3.55,5
2394,Metro Materials Group Corporation,Mumbai,3.83,8
2395,Zenith Adhesives Corporation,Bangalore,4.92,5
2396,Zenith Polymers Corporation,Ahmedabad,4.57,13
2397,GreenSource Packaging Solutions Pvt Ltd,Delhi,4.41,9
2398,BlueLine Polymers Industries,Mumbai,4.78,12
2399,GreenSource Packaging Solutions Ltd,Bangalore,4.05,11
2400,Frontier Procurement Services Solutions,Nagpur,4.85,8
2401,Metro Manufacturing Co Group,Surat,4.06,10
2402,NextGen Corrugated Products Solutions,Delhi,4.23,9
2403,Global Polymers Limited,Kolkata,3.84,6
2404,Summit Packaging Solutions Corporation,Nagpur,4.67,15
2405,Everest Polymers Industries,Kolkata,4.25,12
2406,Global Corrugated Products Industries,Chennai,4.05,3
2407,Rapid Polymers Limited,Kolkata,4.26,7
2408,Vertex Materials Group Limited,Mumbai,4.17,11
2409,Summit Paper Mills Corporation,Delhi,4.53,13
2410,Summit Paper Mills Solutions,Delhi,3.56,12
2411,BlueLine Materials Group Corporation,Pune,4.61,14
2412,Universal Logistics Supply Pvt Ltd,Surat,3.95,6
2413,Summit Paper Mills Solutions,Ahmedabad,3.65,15
2414,Prime Adhesives Limited,Chennai,4.22,10
2415,Universal Trading Company Industries,Pune,4.31,6
2416,Atlas Trading Company Corporation,Nagpur,3.51,9
2417,Everest Packaging Materials Solutions,Chennai,4.38,13
2418,Atlas Print Supplies Solutions,Mumbai,3.88,9
2419,Atlas Chemical Industries Solutions,Delhi,3.99,10
2420,Frontier Chemical Industries Corporation,Bangalore,4.8,6
2421,NorthStar Chemical Industries Corporation,Ahmedabad,3.67,15
2422,NextGen Trading Company Ltd,Kolkata,4.84,11
2423,Pioneer Trading Company Pvt Ltd,Delhi,3.6,9
2424,GreenSource Raw Materials Solutions,Kolkata,4.46,11
2425,NextGen Paper Mills Limited,Chennai,3.82,11
2426,GreenSource Adhesives Solutions,Pune,4.53,12
2427,Apex Manufacturing Co Pvt Ltd,Kolkata,3.73,15
2428,Rapid Print Supplies Pvt Ltd,Delhi,4.42,5
2429,NorthStar Materials Group Solutions,Nagpur,4.68,15
2430,BlueLine Paper Mills Corporation,Ahmedabad,4.9,7
2431,SilverLine Packaging Solutions Corporation,Kolkata,4.59,14
2432,NorthStar Trading Company Corporation,Hyderabad,4.34,15
2433,Omni Industrial Supply Enterprises,Mumbai,4.95,8
2434,Metro Trading Company Corporation,Mumbai,4.73,6
2435,Apex Polymers Corporation,Bangalore,4.75,3
2436,NorthStar Procurement Services Enterprises,Kolkata,4.34,14
2437,Apex Print Supplies Industries,Nagpur,4.25,7
2438,Everest Raw Materials Industries,Delhi,3.99,10
2439,Zenith Trading Company Ltd,Hyderabad,4.53,14
2440,Pioneer Paper Mills Corporation,Nagpur,4.38,3
2441,Everest Industrial Supply Group,Bangalore,4.31,10
2442,GreenSource Raw Materials Solutions,Delhi,4.82,4
2443,NorthStar Print Supplies Enterprises,Delhi,4.81,12
2444,GreenSource Manufacturing Co Industries,Surat,3.63,6
2445,NorthStar Manufacturing Co Corporation,Surat,4.3,7
2446,Global Packaging Solutions Limited,Kolkata,4.94,8
2447,United Packaging Materials Industries,Delhi,3.98,6
2448,United Adhesives Group,Chennai,4.52,14
2449,BlueLine Chemical Industries Ltd,Delhi,3.68,9
2450,Omni Procurement Services Solutions,Mumbai,4.75,3
2451,Frontier Adhesives Ltd,Nagpur,4.16,3
2452,Frontier Corrugated Products Group,Surat,4.24,12
2453,NorthStar Polymers Limited,Pune,4.35,11
2454,Everest Materials Group Pvt Ltd,Surat,4.77,4
2455,Zenith Logistics Supply Solutions,Nagpur,4.48,6
2456,Universal Print Supplies Enterprises,Bangalore,4.2,14
2457,Metro Polymers Group,Pune,3.77,12
2458,NorthStar Trading Company Enterprises,Mumbai,4.1,7
2459,Global Manufacturing Co Enterprises,Mumbai,3.51,8
2460,Omni Packaging Solutions Corporation,Chennai,4.38,15
2461,NorthStar Materials Group Solutions,Chennai,4.65,12
2462,SilverLine Logistics Supply Pvt Ltd,Chennai,4.66,6
2463,GreenSource Packaging Solutions Limited,Mumbai,4.3,3
2464,Metro Materials Group Group,Pune,3.99,8
2465,Summit Polymers Industries,Chennai,3.95,9
2466,BlueLine Paper Mills Industries,Kolkata,3.54,10
2467,Everest Corrugated Products Enterprises,Mumbai,4.17,14
2468,Apex Procurement Services Ltd,Ahmedabad,4.16,6
2469,Apex Print Supplies Enterprises,Nagpur,4.72,4
2470,NextGen Materials Group Limited,Delhi,4.63,4
2471,Pioneer Packaging Materials Group,Kolkata,4.12,6
2472,Universal Print Supplies Group,Ahmedabad,3.88,4
2473,United Industrial Supply Ltd,Hyderabad,4.71,9
2474,Everest Adhesives Group,Bangalore,4.75,9
2475,GreenSource Paper Mills Limited,Hyderabad,4.81,3
2476,BlueLine Packaging Materials Group,Mumbai,3.71,6
2477,NextGen Manufacturing Co Ltd,Delhi,4.28,5
2478,Pioneer Print Supplies Ltd,Mumbai,4.39,6
2479,GreenSource Adhesives Enterprises,Delhi,4.13,5
2480,Frontier Packaging Solutions Pvt Ltd,Kolkata,4.82,4
2481,NextGen Industrial Supply Solutions,Chennai,3.96,13
2482,SilverLine Logistics Supply Corporation,Nagpur,3.98,15
2483,Global Adhesives Ltd,Ahmedabad,3.55,5
2484,Omni Industrial Supply Enterprises,Nagpur,4.58,5
2485,NextGen Raw Materials Ltd,Kolkata,4.85,4
2486,Omni Raw Materials Limited,Ahmedabad,4.2,9
2487,Vertex Trading Company Pvt Ltd,Nagpur,4.71,3
2488,GreenSource Trading Company Solutions,Bangalore,3.69,13
2489,Vertex Adhesives Limited,Ahmedabad,4.24,12
2490,Apex Packaging Solutions Industries,Surat,3.69,5
2491,Summit Polymers Limited,Pune,4.58,7
2492,Atlas Raw Materials Industries,Chennai,3.88,14
2493,GreenSource Adhesives Solutions,Nagpur,4.28,12
2494,BlueLine Print Supplies Pvt Ltd,Kolkata,4.13,13
2495,Metro Manufacturing Co Ltd,Hyderabad,4.45,15
2496,Apex Packaging Solutions Ltd,Delhi,4.45,15
2497,Summit Packaging Solutions Enterprises,Kolkata,3.52,10
2498,Pioneer Corrugated Products Group,Chennai,4.44,12
2499,Rapid Trading Company Industries,Ahmedabad,4.43,11
2500,United Raw Materials Corporation,Surat,4.89,8
2501,NextGen Chemical Industries Group,Ahmedabad,4.66,10
2502,Everest Polymers Group,Surat,3.89,15
2503,SilverLine Procurement Services Ltd,Surat,3.69,6
2504,United Corrugated Products Limited,Pune,4.33,7
2505,Metro Corrugated Products Group,Bangalore,4.18,11
2506,Universal Corrugated Products Pvt Ltd,Hyderabad,4.73,11
2507,Apex Packaging Solutions Industries,Mumbai,3.8,14
2508,SilverLine Materials Group Pvt Ltd,Nagpur,4.79,11
2509,Prime Print Supplies Group,Surat,3.85,11
2510,NextGen Adhesives Pvt Ltd,Pune,4.52,13
2511,Atlas Paper Mills Pvt Ltd,Surat,4.91,12
2512,Omni Corrugated Products Industries,Bangalore,3.57,9
2513,GreenSource Procurement Services Enterprises,Ahmedabad,4.2,5
2514,GreenSource Industrial Supply Limited,Bangalore,4.56,13
2515,GreenSource Paper Mills Limited,Mumbai,4.63,5
2516,Metro Trading Company Pvt Ltd,Chennai,4.09,5
2517,Omni Procurement Services Industries,Chennai,4.75,4
2518,Summit Chemical Industries Pvt Ltd,Hyderabad,3.69,14
2519,Zenith Polymers Pvt Ltd,Chennai,4.17,13
2520,BlueLine Print Supplies Group,Mumbai,4.46,11
2521,GreenSource Materials Group Limited,Nagpur,4.21,13
2522,United Chemical Industries Limited,Surat,4.61,10
2523,Metro Raw Materials Group,Bangalore,4.92,3
2524,Rapid Corrugated Products Corporation,Pune,4.44,9
2525,Zenith Packaging Solutions Solutions,Bangalore,3.84,4
2526,Universal Packaging Materials Group,Chennai,4.8,13
2527,Pioneer Corrugated Products Enterprises,Hyderabad,3.58,4
2528,BlueLine Corrugated Products Corporation,Bangalore,4.46,8
2529,Omni Polymers Corporation,Kolkata,3.62,4
2530,Pioneer Paper Mills Solutions,Chennai,4.39,13
2531,BlueLine Raw Materials Solutions,Surat,4.41,12
2532,Rapid Manufacturing Co Enterprises,Mumbai,4.4,12
2533,Everest Manufacturing Co Limited,Pune,4.95,6
2534,SilverLine Manufacturing Co Enterprises,Hyderabad,4.58,3
2535,SilverLine Polymers Solutions,Ahmedabad,4.36,11
2536,Prime Procurement Services Enterprises,Mumbai,3.82,5
2537,Global Polymers Group,Pune,3.94,9
2538,Global Packaging Materials Solutions,Bangalore,4.04,13
2539,SilverLine Adhesives Industries,Bangalore,4.17,3
2540,NorthStar Trading Company Corporation,Delhi,3.81,15
2541,Vertex Polymers Group,Hyderabad,4.63,15
2542,NextGen Corrugated Products Solutions,Pune,4.0,12
2543,Vertex Packaging Materials Industries,Kolkata,4.74,4
2544,Universal Polymers Enterprises,Kolkata,4.43,13
2545,NextGen Print Supplies Enterprises,Chennai,3.9,14
2546,Pioneer Adhesives Group,Ahmedabad,4.84,15
2547,NextGen Packaging Solutions Group,Mumbai,3.67,12
2548,GreenSource Logistics Supply Corporation,Surat,4.31,9
2549,Atlas Packaging Materials Limited,Chennai,3.64,14
2550,Atlas Logistics Supply Enterprises,Bangalore,3.72,8
2551,Vertex Adhesives Enterprises,Delhi,4.88,4
2552,GreenSource Manufacturing Co Limited,Kolkata,5.0,10
2553,Prime Paper Mills Pvt Ltd,Bangalore,3.54,6
2554,Summit Paper Mills Industries,Ahmedabad,4.47,6
2555,Metro Industrial Supply Corporation,Chennai,4.95,12
2556,Pioneer Corrugated Products Solutions,Hyderabad,4.33,12
2557,Apex Procurement Services Pvt Ltd,Surat,4.37,13
2558,Zenith Logistics Supply Enterprises,Bangalore,4.56,8
2559,BlueLine Procurement Services Group,Kolkata,4.85,6
2560,NorthStar Materials Group Group,Pune,4.94,5
2561,NorthStar Corrugated Products Industries,Surat,4.37,4
2562,Frontier Packaging Materials Solutions,Surat,3.97,15
2563,Atlas Paper Mills Group,Surat,4.73,6
2564,United Chemical Industries Ltd,Ahmedabad,4.43,10
2565,Zenith Procurement Services Limited,Delhi,3.53,10
2566,Vertex Polymers Ltd,Kolkata,4.21,14
2567,Metro Raw Materials Group,Pune,4.93,7
2568,Zenith Chemical Industries Ltd,Nagpur,4.24,14
2569,Metro Procurement Services Industries,Ahmedabad,3.96,14
2570,GreenSource Adhesives Industries,Nagpur,4.7,11
2571,Omni Packaging Solutions Group,Mumbai,4.96,3
2572,SilverLine Manufacturing Co Limited,Pune,4.42,11
2573,Omni Packaging Materials Pvt Ltd,Chennai,3.87,12
2574,NextGen Corrugated Products Pvt Ltd,Mumbai,4.47,10
2575,Everest Adhesives Limited,Pune,4.92,12
2576,Rapid Print Supplies Enterprises,Hyderabad,4.54,5
2577,NorthStar Packaging Solutions Limited,Bangalore,4.03,14
2578,Omni Logistics Supply Corporation,Ahmedabad,3.64,7
2579,Rapid Paper Mills Industries,Kolkata,4.98,13
2580,Universal Adhesives Solutions,Pune,4.29,3
2581,Atlas Industrial Supply Ltd,Kolkata,3.64,3
2582,Frontier Industrial Supply Ltd,Kolkata,4.08,3
2583,Zenith Manufacturing Co Group,Pune,4.93,6
2584,Atlas Trading Company Pvt Ltd,Surat,3.83,8
2585,Everest Corrugated Products Pvt Ltd,Nagpur,4.06,5
2586,United Packaging Materials Pvt Ltd,Surat,3.72,10
2587,Global Manufacturing Co Ltd,Surat,4.83,15
2588,Everest Print Supplies Corporation,Bangalore,3.66,13
2589,NextGen Manufacturing Co Pvt Ltd,Pune,4.25,12
2590,Metro Manufacturing Co Group,Ahmedabad,4.89,11
2591,Rapid Print Supplies Solutions,Pune,4.5,4
2592,NorthStar Paper Mills Group,Delhi,3.86,10
2593,Apex Print Supplies Enterprises,Mumbai,4.04,10
2594,Zenith Raw Materials Limited,Kolkata,4.87,12
2595,Zenith Packaging Materials Enterprises,Surat,4.46,7
2596,NorthStar Packaging Solutions Solutions,Chennai,3.94,13
2597,Omni Procurement Services Enterprises,Hyderabad,3.62,3
2598,Pioneer Raw Materials Group,Surat,4.23,9
2599,GreenSource Trading Company Corporation,Mumbai,4.29,3
2600,Apex Raw Materials Corporation,Nagpur,4.62,12
2601,Vertex Packaging Solutions Group,Mumbai,4.3,3
2602,GreenSource Procurement Services Industries,Kolkata,4.95,3
2603,Omni Packaging Materials Pvt Ltd,Surat,4.06,14
2604,Prime Logistics Supply Industries,Pune,4.19,5
2605,Summit Packaging Materials Group,Pune,4.57,10
2606,Apex Manufacturing Co Ltd,Mumbai,4.88,6
2607,Everest Logistics Supply Corporation,Mumbai,4.86,13
2608,NorthStar Packaging Solutions Enterprises,Chennai,4.06,9
2609,Prime Packaging Solutions Pvt Ltd,Nagpur,3.87,13
2610,BlueLine Logistics Supply Enterprises,Nagpur,4.57,13
2611,GreenSource Paper Mills Corporation,Hyderabad,4.54,9
2612,Omni Procurement Services Corporation,Chennai,4.73,10
2613,BlueLine Manufacturing Co Ltd,Hyderabad,3.56,15
2614,United Packaging Solutions Industries,Pune,4.46,4
2615,NextGen Logistics Supply Solutions,Pune,3.78,8
2616,NextGen Packaging Materials Corporation,Hyderabad,3.93,7
2617,GreenSource Corrugated Products Corporation,Pune,4.64,9
2618,Apex Raw Materials Solutions,Chennai,3.69,3
2619,Pioneer Trading Company Limited,Pune,3.84,9
2620,NextGen Raw Materials Limited,Chennai,4.15,8
2621,United Packaging Materials Pvt Ltd,Ahmedabad,4.4,3
2622,Frontier Print Supplies Industries,Chennai,4.59,3
2623,Zenith Industrial Supply Pvt Ltd,Kolkata,4.79,7
2624,NextGen Adhesives Solutions,Chennai,4.85,3
2625,Rapid Procurement Services Pvt Ltd,Bangalore,4.26,6
2626,NextGen Polymers Industries,Kolkata,4.49,10
2627,Global Corrugated Products Solutions,Pune,4.77,12
2628,Frontier Chemical Industries Pvt Ltd,Delhi,4.32,8
2629,Prime Raw Materials Limited,Hyderabad,4.28,3
2630,Atlas Packaging Materials Pvt Ltd,Kolkata,4.06,5
2631,Everest Polymers Industries,Mumbai,4.07,12
2632,Prime Corrugated Products Enterprises,Nagpur,3.68,6
2633,Prime Manufacturing Co Limited,Mumbai,4.47,10
2634,Zenith Polymers Enterprises,Bangalore,4.53,9
2635,United Logistics Supply Industries,Ahmedabad,4.42,8
2636,United Trading Company Pvt Ltd,Ahmedabad,4.3,8
2637,Summit Packaging Solutions Corporation,Delhi,4.94,9
2638,BlueLine Logistics Supply Pvt Ltd,Kolkata,4.61,9
2639,GreenSource Packaging Solutions Ltd,Ahmedabad,4.12,11
2640,Summit Procurement Services Pvt Ltd,Kolkata,3.81,9
2641,Omni Logistics Supply Enterprises,Ahmedabad,4.6,10
2642,Rapid Trading Company Group,Kolkata,3.99,9
2643,Metro Packaging Materials Industries,Chennai,3.83,6
2644,Zenith Paper Mills Group,Ahmedabad,4.32,15
2645,Omni Adhesives Corporation,Chennai,4.09,10
2646,Everest Materials Group Solutions,Bangalore,4.86,15
2647,Atlas Procurement Services Ltd,Chennai,3.83,11
2648,NextGen Polymers Enterprises,Surat,4.15,10
2649,Global Packaging Materials Industries,Hyderabad,4.35,5
2650,BlueLine Packaging Materials Pvt Ltd,Hyderabad,4.36,15
2651,Apex Packaging Solutions Enterprises,Kolkata,4.2,14
2652,Metro Print Supplies Solutions,Kolkata,4.42,15
2653,Atlas Materials Group Ltd,Pune,4.68,4
2654,Global Industrial Supply Ltd,Kolkata,4.78,8
2655,SilverLine Paper Mills Pvt Ltd,Chennai,3.96,4
2656,SilverLine Manufacturing Co Group,Nagpur,4.86,10
2657,Pioneer Adhesives Pvt Ltd,Bangalore,3.95,15
2658,Vertex Packaging Solutions Pvt Ltd,Delhi,4.12,11
2659,Atlas Procurement Services Pvt Ltd,Surat,4.33,10
2660,BlueLine Packaging Materials Industries,Pune,4.5,5
2661,United Raw Materials Ltd,Delhi,4.82,10
2662,Rapid Trading Company Pvt Ltd,Mumbai,4.38,8
2663,United Manufacturing Co Pvt Ltd,Ahmedabad,4.84,10
2664,Zenith Adhesives Group,Pune,4.83,4
2665,NextGen Packaging Solutions Corporation,Hyderabad,4.88,4
2666,Apex Polymers Group,Bangalore,4.57,15
2667,Universal Adhesives Solutions,Mumbai,4.43,12
2668,Omni Packaging Solutions Group,Bangalore,3.79,7
2669,Frontier Logistics Supply Ltd,Ahmedabad,3.98,5
2670,Prime Polymers Industries,Bangalore,3.89,9
2671,NorthStar Industrial Supply Corporation,Ahmedabad,4.49,8
2672,Vertex Industrial Supply Pvt Ltd,Nagpur,3.52,12
2673,Global Chemical Industries Enterprises,Chennai,4.86,9
2674,Rapid Industrial Supply Corporation,Hyderabad,4.0,15
2675,Frontier Corrugated Products Enterprises,Hyderabad,4.56,5
2676,SilverLine Packaging Materials Corporation,Surat,3.79,7
2677,BlueLine Raw Materials Solutions,Pune,4.71,8
2678,Frontier Logistics Supply Limited,Mumbai,4.72,15
2679,Everest Paper Mills Limited,Delhi,4.06,5
2680,Zenith Print Supplies Industries,Pune,4.8,3
2681,Global Packaging Materials Group,Nagpur,3.61,12
2682,United Polymers Group,Pune,4.42,3
2683,Metro Paper Mills Limited,Delhi,3.64,4
2684,Global Procurement Services Industries,Chennai,3.57,4
2685,Rapid Adhesives Industries,Ahmedabad,4.73,14
2686,Pioneer Manufacturing Co Pvt Ltd,Ahmedabad,3.93,13
2687,Zenith Corrugated Products Ltd,Ahmedabad,3.78,3
2688,Universal Packaging Solutions Industries,Bangalore,3.72,11
2689,Zenith Paper Mills Limited,Pune,3.78,8
2690,Summit Packaging Solutions Enterprises,Nagpur,3.95,9
2691,Frontier Polymers Corporation,Chennai,4.14,8
2692,Summit Materials Group Ltd,Bangalore,3.92,5
2693,Universal Industrial Supply Limited,Ahmedabad,4.02,14
2694,Prime Manufacturing Co Enterprises,Pune,4.51,14
2695,United Industrial Supply Limited,Kolkata,4.38,8
2696,Atlas Polymers Limited,Nagpur,3.89,8
2697,United Adhesives Solutions,Kolkata,4.25,15
2698,Pioneer Adhesives Industries,Chennai,4.38,3
2699,SilverLine Procurement Services Solutions,Ahmedabad,3.99,15
2700,Rapid Trading Company Solutions,Ahmedabad,3.73,14
2701,Rapid Procurement Services Ltd,Delhi,4.68,9
2702,Metro Procurement Services Group,Mumbai,4.15,13
2703,NextGen Packaging Solutions Pvt Ltd,Chennai,3.64,9
2704,Pioneer Packaging Solutions Corporation,Kolkata,3.8,10
2705,Rapid Packaging Solutions Corporation,Surat,3.92,6
2706,Pioneer Manufacturing Co Solutions,Hyderabad,4.15,5
2707,Pioneer Polymers Ltd,Kolkata,4.94,4
2708,NorthStar Packaging Materials Solutions,Nagpur,3.93,6
2709,Frontier Trading Company Industries,Hyderabad,4.24,7
2710,NextGen Adhesives Corporation,Nagpur,4.14,4
2711,Atlas Packaging Solutions Corporation,Kolkata,4.59,15
2712,Metro Adhesives Solutions,Pune,3.53,8
2713,Omni Paper Mills Industries,Kolkata,4.53,8
2714,Pioneer Print Supplies Corporation,Surat,4.01,15
2715,NorthStar Packaging Materials Industries,Delhi,4.95,15
2716,Zenith Logistics Supply Industries,Nagpur,4.41,6
2717,Pioneer Manufacturing Co Solutions,Mumbai,3.97,4
2718,Rapid Print Supplies Pvt Ltd,Nagpur,3.98,11
2719,Pioneer Trading Company Corporation,Pune,4.17,15
2720,Apex Print Supplies Corporation,Delhi,4.05,15
2721,Prime Trading Company Industries,Chennai,4.45,8
2722,SilverLine Corrugated Products Solutions,Surat,3.72,7
2723,NorthStar Trading Company Group,Nagpur,4.82,6
2724,Apex Logistics Supply Limited,Bangalore,4.6,14
2725,Apex Materials Group Corporation,Chennai,4.69,9
2726,Global Chemical Industries Corporation,Chennai,3.72,3
2727,Global Polymers Enterprises,Pune,4.05,15
2728,Metro Trading Company Enterprises,Surat,3.74,10
2729,NorthStar Raw Materials Corporation,Ahmedabad,3.91,14
2730,Atlas Trading Company Corporation,Delhi,4.38,8
2731,Global Raw Materials Ltd,Kolkata,4.33,8
2732,Metro Adhesives Enterprises,Surat,3.54,9
2733,NorthStar Procurement Services Pvt Ltd,Kolkata,4.42,15
2734,Prime Polymers Corporation,Kolkata,4.35,12
2735,Prime Logistics Supply Ltd,Delhi,4.25,4
2736,Metro Packaging Solutions Limited,Surat,3.75,14
2737,Summit Raw Materials Group,Kolkata,4.01,9
2738,NorthStar Print Supplies Limited,Ahmedabad,4.1,3
2739,Frontier Procurement Services Enterprises,Delhi,4.32,4
2740,Apex Trading Company Pvt Ltd,Pune,4.64,7
2741,Summit Paper Mills Ltd,Surat,3.54,13
2742,Summit Trading Company Ltd,Mumbai,3.83,6
2743,Metro Corrugated Products Pvt Ltd,Surat,3.98,9
2744,Rapid Industrial Supply Corporation,Ahmedabad,3.54,14
2745,Omni Materials Group Limited,Mumbai,3.8,3
2746,Apex Paper Mills Solutions,Mumbai,4.02,4
2747,Zenith Logistics Supply Group,Surat,4.85,5
2748,Rapid Paper Mills Pvt Ltd,Surat,3.51,13
2749,Atlas Chemical Industries Corporation,Surat,4.06,9
2750,NextGen Corrugated Products Industries,Nagpur,3.88,6
2751,NorthStar Logistics Supply Corporation,Hyderabad,3.68,7
2752,United Industrial Supply Solutions,Nagpur,4.95,13
2753,Frontier Print Supplies Enterprises,Chennai,3.78,3
2754,Rapid Print Supplies Limited,Chennai,3.8,12
2755,GreenSource Corrugated Products Industries,Nagpur,4.73,8
2756,United Industrial Supply Industries,Nagpur,4.84,7
2757,Apex Materials Group Ltd,Bangalore,3.52,5
2758,NorthStar Paper Mills Solutions,Hyderabad,4.58,10
2759,Rapid Manufacturing Co Pvt Ltd,Ahmedabad,4.22,12
2760,GreenSource Print Supplies Industries,Pune,4.42,3
2761,Global Manufacturing Co Ltd,Mumbai,4.92,3
2762,GreenSource Trading Company Enterprises,Nagpur,4.94,4
2763,Prime Adhesives Industries,Chennai,4.96,14
2764,SilverLine Raw Materials Corporation,Hyderabad,4.48,7
2765,Prime Logistics Supply Limited,Bangalore,3.71,10
2766,Apex Raw Materials Ltd,Ahmedabad,3.76,4
2767,Universal Packaging Materials Industries,Ahmedabad,4.8,12
2768,Vertex Chemical Industries Corporation,Mumbai,4.55,10
2769,Universal Packaging Materials Pvt Ltd,Chennai,3.6,13
2770,Rapid Industrial Supply Ltd,Ahmedabad,4.15,10
2771,Omni Packaging Solutions Ltd,Nagpur,4.85,13
2772,Universal Print Supplies Corporation,Bangalore,4.58,6
2773,BlueLine Industrial Supply Corporation,Chennai,3.85,10
2774,Global Polymers Ltd,Nagpur,4.75,9
2775,Vertex Packaging Materials Solutions,Chennai,4.57,14
2776,Prime Chemical Industries Group,Pune,4.4,10
2777,Pioneer Materials Group Pvt Ltd,Kolkata,4.49,8
2778,Vertex Materials Group Pvt Ltd,Kolkata,4.6,8
2779,Omni Packaging Solutions Enterprises,Kolkata,4.2,8
2780,GreenSource Packaging Solutions Solutions,Surat,4.11,9
2781,Universal Manufacturing Co Corporation,Delhi,4.0,8
2782,United Trading Company Pvt Ltd,Mumbai,4.02,13
2783,Metro Manufacturing Co Group,Surat,4.45,14
2784,NextGen Corrugated Products Pvt Ltd,Chennai,4.74,9
2785,Universal Corrugated Products Enterprises,Pune,4.99,11
2786,Prime Materials Group Limited,Nagpur,3.51,11
2787,NextGen Packaging Materials Industries,Kolkata,4.23,8
2788,SilverLine Materials Group Enterprises,Surat,4.49,9
2789,Summit Manufacturing Co Group,Hyderabad,4.53,4
2790,Summit Polymers Solutions,Delhi,4.75,15
2791,Apex Packaging Materials Ltd,Surat,4.7,10
2792,Metro Logistics Supply Limited,Bangalore,3.86,9
2793,GreenSource Corrugated Products Industries,Surat,4.46,6
2794,Global Industrial Supply Ltd,Bangalore,3.68,5
2795,Universal Raw Materials Corporation,Ahmedabad,4.93,9
2796,SilverLine Polymers Enterprises,Mumbai,4.55,7
2797,NorthStar Procurement Services Group,Chennai,3.96,12
2798,Zenith Logistics Supply Solutions,Nagpur,4.39,13
2799,Pioneer Industrial Supply Solutions,Kolkata,4.03,7
2800,Pioneer Corrugated Products Enterprises,Surat,4.65,9
2801,Zenith Manufacturing Co Group,Ahmedabad,4.99,9
2802,Prime Trading Company Limited,Ahmedabad,3.88,4
2803,Universal Paper Mills Limited,Ahmedabad,4.07,8
2804,Summit Manufacturing Co Solutions,Mumbai,3.98,11
2805,United Paper Mills Enterprises,Pune,3.52,5
2806,Zenith Corrugated Products Ltd,Surat,4.17,11
2807,NextGen Trading Company Corporation,Nagpur,4.08,11
2808,Prime Chemical Industries Limited,Surat,4.24,10
2809,GreenSource Corrugated Products Pvt Ltd,Mumbai,3.94,8
2810,Omni Raw Materials Pvt Ltd,Pune,3.8,10
2811,Summit Industrial Supply Enterprises,Delhi,4.66,3
2812,GreenSource Packaging Solutions Industries,Kolkata,4.8,12
2813,Pioneer Paper Mills Solutions,Pune,3.65,5
2814,Metro Packaging Materials Ltd,Ahmedabad,4.24,15
2815,Omni Industrial Supply Group,Surat,3.66,10
2816,Prime Chemical Industries Enterprises,Surat,4.55,4
2817,Universal Raw Materials Corporation,Kolkata,4.21,11
2818,Summit Logistics Supply Pvt Ltd,Pune,3.54,4
2819,Zenith Packaging Solutions Industries,Ahmedabad,4.49,11
2820,SilverLine Materials Group Corporation,Ahmedabad,3.6,15
2821,NextGen Manufacturing Co Enterprises,Pune,4.34,6
2822,Apex Packaging Solutions Corporation,Delhi,4.62,9
2823,Global Adhesives Ltd,Surat,4.68,4
2824,Frontier Polymers Corporation,Nagpur,4.3,7
2825,Metro Adhesives Industries,Ahmedabad,4.7,6
2826,Pioneer Trading Company Solutions,Chennai,3.65,9
2827,Vertex Polymers Limited,Delhi,4.5,11
2828,Metro Corrugated Products Limited,Ahmedabad,4.27,4
2829,Zenith Packaging Solutions Industries,Hyderabad,4.76,8
2830,Summit Corrugated Products Corporation,Hyderabad,3.59,9
2831,Prime Corrugated Products Group,Hyderabad,3.54,13
2832,SilverLine Procurement Services Solutions,Nagpur,4.75,6
2833,Metro Trading Company Enterprises,Delhi,3.86,11
2834,GreenSource Trading Company Limited,Hyderabad,4.4,9
2835,Universal Materials Group Limited,Delhi,4.66,3
2836,SilverLine Chemical Industries Enterprises,Bangalore,4.2,15
2837,NorthStar Chemical Industries Group,Bangalore,4.78,10
2838,Frontier Trading Company Enterprises,Nagpur,4.54,13
2839,Atlas Manufacturing Co Pvt Ltd,Ahmedabad,4.01,14
2840,Pioneer Adhesives Limited,Bangalore,4.44,7
2841,GreenSource Manufacturing Co Industries,Kolkata,4.89,8
2842,Summit Manufacturing Co Industries,Kolkata,4.96,6
2843,NorthStar Materials Group Enterprises,Bangalore,3.9,9
2844,Apex Print Supplies Pvt Ltd,Bangalore,3.78,13
2845,SilverLine Packaging Materials Group,Chennai,4.7,12
2846,Frontier Packaging Solutions Limited,Bangalore,4.46,6
2847,Atlas Print Supplies Group,Delhi,4.83,15
2848,Pioneer Adhesives Industries,Hyderabad,4.23,7
2849,Zenith Trading Company Group,Delhi,3.88,4
2850,BlueLine Raw Materials Enterprises,Surat,4.98,3
2851,Universal Paper Mills Corporation,Ahmedabad,4.18,11
2852,Zenith Corrugated Products Corporation,Surat,4.35,6
2853,BlueLine Industrial Supply Enterprises,Ahmedabad,4.39,10
2854,Omni Procurement Services Group,Pune,3.71,4
2855,SilverLine Print Supplies Ltd,Mumbai,4.77,7
2856,Everest Materials Group Corporation,Delhi,4.68,14
2857,Omni Paper Mills Ltd,Nagpur,3.59,4
2858,NorthStar Manufacturing Co Corporation,Bangalore,4.14,6
2859,Summit Manufacturing Co Corporation,Surat,4.03,6
2860,Metro Industrial Supply Group,Chennai,3.76,9
2861,Apex Materials Group Ltd,Delhi,3.64,14
2862,Atlas Chemical Industries Solutions,Pune,3.64,9
2863,Summit Paper Mills Solutions,Nagpur,3.75,5
2864,Summit Chemical Industries Limited,Mumbai,3.86,7
2865,Omni Manufacturing Co Enterprises,Ahmedabad,3.82,4
2866,Universal Procurement Services Solutions,Ahmedabad,3.73,9
2867,Atlas Print Supplies Enterprises,Mumbai,4.31,7
2868,Apex Logistics Supply Solutions,Hyderabad,4.68,11
2869,NorthStar Adhesives Ltd,Ahmedabad,4.26,9
2870,United Manufacturing Co Industries,Kolkata,3.72,4
2871,Atlas Corrugated Products Enterprises,Delhi,4.68,6
2872,Apex Adhesives Group,Hyderabad,3.91,14
2873,GreenSource Logistics Supply Industries,Hyderabad,4.4,10
2874,Global Polymers Industries,Pune,4.18,15
2875,Global Procurement Services Group,Kolkata,4.07,10
2876,Omni Packaging Materials Solutions,Hyderabad,3.63,7
2877,SilverLine Paper Mills Corporation,Kolkata,4.87,7
2878,Pioneer Packaging Solutions Pvt Ltd,Chennai,4.78,13
2879,Frontier Manufacturing Co Industries,Mumbai,4.97,8
2880,Prime Print Supplies Industries,Pune,4.56,5
2881,Universal Manufacturing Co Ltd,Bangalore,3.62,7
2882,United Packaging Solutions Corporation,Delhi,4.79,7
2883,NextGen Paper Mills Enterprises,Bangalore,3.75,4
2884,Summit Corrugated Products Limited,Nagpur,3.58,13
2885,NextGen Chemical Industries Solutions,Hyderabad,4.84,6
2886,Global Print Supplies Industries,Nagpur,4.57,4
2887,Everest Chemical Industries Pvt Ltd,Surat,3.69,10
2888,Vertex Print Supplies Group,Delhi,3.73,5
2889,Summit Print Supplies Ltd,Kolkata,4.78,15
2890,BlueLine Materials Group Ltd,Surat,4.26,3
2891,Rapid Packaging Solutions Pvt Ltd,Mumbai,4.2,5
2892,Summit Corrugated Products Group,Nagpur,4.67,10
2893,Summit Trading Company Pvt Ltd,Pune,4.57,5
2894,Atlas Print Supplies Ltd,Pune,4.97,5
2895,Global Chemical Industries Solutions,Surat,4.7,13
2896,Rapid Materials Group Enterprises,Surat,4.2,13
2897,Frontier Adhesives Enterprises,Bangalore,4.29,9
2898,NextGen Materials Group Solutions,Delhi,4.71,6
2899,Universal Manufacturing Co Group,Bangalore,3.67,9
2900,Rapid Procurement Services Corporation,Kolkata,3.54,10
2901,Apex Print Supplies Ltd,Chennai,4.15,13
2902,Metro Trading Company Pvt Ltd,Bangalore,4.09,5
2903,Global Logistics Supply Industries,Ahmedabad,3.88,9
2904,United Packaging Materials Solutions,Kolkata,4.82,10
2905,Metro Procurement Services Ltd,Chennai,4.92,13
2906,Everest Chemical Industries Group,Mumbai,4.03,9
2907,Omni Raw Materials Corporation,Kolkata,4.73,11
2908,Pioneer Industrial Supply Solutions,Pune,4.03,6
2909,GreenSource Logistics Supply Pvt Ltd,Mumbai,4.99,5
2910,Vertex Chemical Industries Ltd,Mumbai,4.26,13
2911,Frontier Adhesives Ltd,Ahmedabad,4.11,15
2912,Atlas Trading Company Group,Nagpur,3.99,8
2913,Prime Print Supplies Limited,Ahmedabad,4.64,9
2914,Frontier Industrial Supply Limited,Delhi,4.9,9
2915,NorthStar Polymers Solutions,Bangalore,3.72,15
2916,Apex Raw Materials Enterprises,Bangalore,4.09,3
2917,Prime Chemical Industries Ltd,Delhi,3.79,12
2918,Apex Procurement Services Pvt Ltd,Hyderabad,4.32,7
2919,Apex Industrial Supply Limited,Delhi,4.79,7
2920,Pioneer Print Supplies Limited,Chennai,4.2,5
2921,Pioneer Raw Materials Limited,Ahmedabad,4.72,8
2922,Atlas Packaging Materials Group,Ahmedabad,4.93,7
2923,Zenith Materials Group Group,Kolkata,4.29,13
2924,Zenith Materials Group Corporation,Nagpur,4.67,6
2925,Summit Corrugated Products Ltd,Hyderabad,4.23,8
2926,Frontier Chemical Industries Solutions,Hyderabad,3.58,12
2927,GreenSource Print Supplies Corporation,Pune,4.74,11
2928,Summit Corrugated Products Industries,Chennai,4.2,5
2929,Everest Packaging Materials Group,Hyderabad,4.61,9
2930,Zenith Adhesives Corporation,Pune,3.86,12
2931,Pioneer Logistics Supply Limited,Kolkata,4.89,3
2932,Omni Procurement Services Enterprises,Delhi,4.12,3
2933,NorthStar Adhesives Limited,Bangalore,3.85,10
2934,Rapid Manufacturing Co Industries,Hyderabad,4.15,6
2935,GreenSource Paper Mills Pvt Ltd,Kolkata,3.74,8
2936,Zenith Procurement Services Limited,Pune,3.62,15
2937,Global Packaging Solutions Enterprises,Ahmedabad,4.84,15
2938,Metro Industrial Supply Ltd,Ahmedabad,3.77,5
2939,GreenSource Corrugated Products Group,Kolkata,4.5,4
2940,Prime Packaging Solutions Corporation,Kolkata,3.65,12
2941,Universal Industrial Supply Ltd,Chennai,4.68,9
2942,Pioneer Raw Materials Corporation,Nagpur,3.94,11
2943,Universal Corrugated Products Corporation,Delhi,3.6,12
2944,BlueLine Packaging Solutions Limited,Ahmedabad,4.41,14
2945,GreenSource Industrial Supply Enterprises,Kolkata,4.5,14
2946,Pioneer Print Supplies Solutions,Kolkata,4.93,7
2947,GreenSource Polymers Enterprises,Hyderabad,4.71,6
2948,GreenSource Polymers Group,Chennai,3.86,5
2949,Metro Industrial Supply Limited,Mumbai,4.38,4
2950,Metro Raw Materials Solutions,Delhi,3.72,4
2951,GreenSource Print Supplies Group,Kolkata,4.37,14
2952,Pioneer Procurement Services Enterprises,Pune,4.89,13
2953,Vertex Packaging Materials Corporation,Chennai,4.84,13
2954,Prime Adhesives Pvt Ltd,Hyderabad,3.79,4
2955,Prime Industrial Supply Corporation,Hyderabad,3.78,10
2956,United Polymers Enterprises,Kolkata,4.17,8
2957,Omni Polymers Group,Nagpur,4.8,5
2958,Global Corrugated Products Pvt Ltd,Bangalore,4.12,10
2959,NorthStar Packaging Solutions Ltd,Delhi,3.86,12
2960,Pioneer Chemical Industries Industries,Delhi,4.13,15
2961,Global Polymers Group,Kolkata,4.7,8
2962,NorthStar Industrial Supply Limited,Ahmedabad,4.66,11
2963,Apex Paper Mills Pvt Ltd,Kolkata,4.52,14
2964,Frontier Chemical Industries Enterprises,Surat,4.99,12
2965,Atlas Paper Mills Enterprises,Mumbai,4.18,14
2966,Zenith Materials Group Corporation,Surat,5.0,10
2967,Prime Chemical Industries Group,Mumbai,4.11,13
2968,Universal Trading Company Enterprises,Ahmedabad,4.87,12
2969,Zenith Paper Mills Group,Nagpur,3.83,7
2970,GreenSource Logistics Supply Ltd,Chennai,4.5,12
2971,BlueLine Procurement Services Corporation,Mumbai,4.3,3
2972,Summit Corrugated Products Solutions,Chennai,4.1,9
2973,Prime Raw Materials Corporation,Surat,4.72,11
2974,Omni Industrial Supply Corporation,Nagpur,4.49,10
2975,Zenith Paper Mills Corporation,Pune,4.78,9
2976,Vertex Packaging Materials Group,Delhi,4.32,6
2977,Global Polymers Enterprises,Pune,3.99,6
2978,Pioneer Industrial Supply Limited,Delhi,4.9,14
2979,BlueLine Packaging Solutions Corporation,Bangalore,4.12,9
2980,Apex Packaging Materials Pvt Ltd,Kolkata,3.65,7
2981,GreenSource Materials Group Limited,Pune,4.97,4
2982,Global Paper Mills Limited,Bangalore,4.95,4
2983,United Adhesives Limited,Surat,4.65,15
2984,Vertex Trading Company Limited,Ahmedabad,4.5,7
2985,Universal Adhesives Limited,Kolkata,3.76,15
2986,Apex Materials Group Corporation,Mumbai,4.87,12
2987,Universal Raw Materials Pvt Ltd,Delhi,4.01,11
2988,Vertex Paper Mills Solutions,Kolkata,3.54,9
2989,Omni Raw Materials Enterprises,Chennai,3.75,12
2990,Pioneer Print Supplies Limited,Chennai,4.75,15
2991,Pioneer Materials Group Solutions,Hyderabad,3.98,8
2992,Apex Logistics Supply Ltd,Mumbai,4.18,3
2993,Zenith Adhesives Ltd,Kolkata,4.47,9
2994,Global Adhesives Solutions,Pune,3.7,4
2995,Atlas Materials Group Limited,Nagpur,3.7,10
2996,Vertex Materials Group Group,Pune,4.44,3
2997,NorthStar Paper Mills Corporation,Surat,4.73,7
2998,Prime Corrugated Products Limited,Mumbai,4.91,13
2999,Metro Packaging Materials Corporation,Hyderabad,5.0,7
3000,NorthStar Corrugated Products Enterprises,Pune,4.96,8
3001,Universal Trading Company Corporation,Bangalore,4.11,3
3002,GreenSource Adhesives Pvt Ltd,Pune,4.8,11
3003,Atlas Manufacturing Co Limited,Kolkata,3.67,7
3004,NorthStar Adhesives Limited,Delhi,4.36,12
3005,Universal Paper Mills Ltd,Bangalore,3.97,15
3006,Vertex Print Supplies Limited,Surat,4.9,14
3007,Vertex Chemical Industries Corporation,Pune,4.84,15
3008,Prime Chemical Industries Enterprises,Pune,4.49,7
3009,Prime Packaging Solutions Limited,Pune,4.92,12
3010,Global Raw Materials Solutions,Mumbai,4.2,8
3011,Rapid Materials Group Limited,Bangalore,3.74,11
3012,Summit Raw Materials Group,Delhi,3.78,12
3013,Everest Polymers Ltd,Ahmedabad,3.83,14
3014,Metro Packaging Solutions Industries,Hyderabad,3.51,11
3015,BlueLine Manufacturing Co Industries,Ahmedabad,4.32,3
3016,Omni Paper Mills Enterprises,Chennai,4.74,7
3017,SilverLine Packaging Solutions Enterprises,Nagpur,4.12,12
3018,GreenSource Chemical Industries Industries,Nagpur,4.78,4
3019,Omni Chemical Industries Solutions,Mumbai,4.97,9
3020,Zenith Paper Mills Corporation,Delhi,4.36,13
3021,Zenith Raw Materials Industries,Delhi,4.57,6
3022,Summit Packaging Materials Ltd,Pune,4.53,5
3023,Apex Chemical Industries Limited,Nagpur,3.5,6
3024,Everest Corrugated Products Ltd,Hyderabad,3.66,6
3025,United Packaging Solutions Pvt Ltd,Pune,4.8,8
3026,Omni Procurement Services Corporation,Ahmedabad,4.49,13
3027,Metro Paper Mills Enterprises,Kolkata,3.78,13
3028,Summit Trading Company Solutions,Bangalore,4.16,7
3029,Global Procurement Services Solutions,Delhi,3.59,3
3030,United Materials Group Corporation,Chennai,4.12,7
3031,Metro Chemical Industries Corporation,Delhi,4.14,3
3032,Pioneer Print Supplies Limited,Nagpur,4.18,7
3033,Summit Trading Company Industries,Bangalore,4.76,9
3034,BlueLine Packaging Solutions Solutions,Chennai,4.16,5
3035,Global Print Supplies Industries,Ahmedabad,4.08,11
3036,Frontier Polymers Pvt Ltd,Pune,3.9,8
3037,Frontier Chemical Industries Limited,Bangalore,4.79,11
3038,GreenSource Packaging Materials Enterprises,Mumbai,3.59,4
3039,Summit Logistics Supply Corporation,Bangalore,4.71,15
3040,Vertex Corrugated Products Pvt Ltd,Ahmedabad,4.97,3
3041,Metro Industrial Supply Group,Surat,4.13,8
3042,Global Trading Company Industries,Delhi,3.66,7
3043,Omni Chemical Industries Corporation,Nagpur,3.8,9
3044,Atlas Manufacturing Co Group,Pune,4.07,12
3045,Apex Logistics Supply Industries,Kolkata,3.57,8
3046,SilverLine Trading Company Industries,Surat,4.0,6
3047,Omni Materials Group Ltd,Pune,3.65,5
3048,Summit Procurement Services Ltd,Chennai,4.2,11
3049,Universal Raw Materials Solutions,Delhi,3.83,6
3050,Apex Adhesives Limited,Mumbai,3.88,12
3051,Omni Raw Materials Corporation,Nagpur,4.83,6
3052,Universal Adhesives Industries,Nagpur,3.68,15
3053,BlueLine Print Supplies Industries,Mumbai,4.21,7
3054,Vertex Packaging Solutions Ltd,Ahmedabad,4.73,6
3055,Omni Logistics Supply Group,Pune,3.63,12
3056,Summit Logistics Supply Corporation,Mumbai,4.14,8
3057,SilverLine Print Supplies Solutions,Surat,4.54,3
3058,Everest Polymers Ltd,Bangalore,3.79,5
3059,Summit Packaging Materials Ltd,Delhi,3.79,6
3060,Apex Packaging Solutions Corporation,Ahmedabad,3.59,10
3061,Summit Manufacturing Co Pvt Ltd,Mumbai,3.68,14
3062,Apex Adhesives Corporation,Hyderabad,3.73,4
3063,NextGen Trading Company Enterprises,Mumbai,3.76,3
3064,Vertex Packaging Solutions Enterprises,Pune,3.63,5
3065,Apex Raw Materials Pvt Ltd,Hyderabad,3.66,6
3066,NextGen Chemical Industries Group,Ahmedabad,3.74,12
3067,Vertex Polymers Industries,Ahmedabad,4.14,12
3068,United Chemical Industries Group,Bangalore,4.41,14
3069,Global Paper Mills Enterprises,Bangalore,4.06,11
3070,United Logistics Supply Limited,Nagpur,3.67,14
3071,Metro Logistics Supply Ltd,Chennai,4.61,11
3072,Everest Materials Group Solutions,Hyderabad,4.86,12
3073,Metro Industrial Supply Pvt Ltd,Surat,4.81,15
3074,Metro Paper Mills Ltd,Surat,4.79,11
3075,Universal Paper Mills Limited,Kolkata,4.29,4
3076,BlueLine Chemical Industries Group,Surat,3.7,5
3077,Prime Procurement Services Solutions,Chennai,3.71,15
3078,Summit Packaging Materials Limited,Surat,3.72,10
3079,Universal Procurement Services Limited,Kolkata,4.19,13
3080,BlueLine Corrugated Products Group,Mumbai,3.55,3
3081,Global Print Supplies Ltd,Mumbai,3.63,5
3082,Zenith Raw Materials Limited,Chennai,4.22,15
3083,Everest Trading Company Group,Mumbai,4.68,14
3084,Atlas Industrial Supply Pvt Ltd,Kolkata,3.97,13
3085,Everest Print Supplies Corporation,Bangalore,3.89,4
3086,Vertex Corrugated Products Pvt Ltd,Nagpur,4.5,11
3087,Pioneer Chemical Industries Solutions,Surat,4.87,4
3088,Metro Packaging Solutions Corporation,Surat,4.43,3
3089,NorthStar Procurement Services Solutions,Mumbai,4.26,10
3090,Global Industrial Supply Ltd,Mumbai,4.49,6
3091,Rapid Adhesives Group,Pune,4.04,11
3092,BlueLine Materials Group Pvt Ltd,Hyderabad,4.07,4
3093,Summit Procurement Services Pvt Ltd,Bangalore,4.27,8
3094,SilverLine Polymers Ltd,Kolkata,3.97,5
3095,Zenith Procurement Services Ltd,Surat,4.57,13
3096,Pioneer Industrial Supply Enterprises,Chennai,3.86,12
3097,Atlas Materials Group Solutions,Nagpur,4.03,3
3098,Atlas Print Supplies Pvt Ltd,Delhi,3.6,7
3099,Prime Logistics Supply Limited,Hyderabad,3.88,11
3100,Everest Logistics Supply Ltd,Bangalore,4.44,7
3101,NextGen Materials Group Solutions,Ahmedabad,4.82,6
3102,Frontier Paper Mills Enterprises,Chennai,4.29,4
3103,Rapid Chemical Industries Industries,Delhi,4.51,5
3104,Rapid Manufacturing Co Corporation,Delhi,4.28,13
3105,GreenSource Procurement Services Corporation,Delhi,3.53,9
3106,Metro Adhesives Enterprises,Chennai,3.66,15
3107,BlueLine Raw Materials Solutions,Mumbai,4.73,7
3108,Rapid Packaging Solutions Group,Kolkata,4.64,3
3109,NextGen Procurement Services Industries,Kolkata,4.01,13
3110,NextGen Chemical Industries Industries,Mumbai,4.5,10
3111,Rapid Chemical Industries Enterprises,Bangalore,4.79,11
3112,Zenith Corrugated Products Ltd,Chennai,4.6,8
3113,Summit Materials Group Pvt Ltd,Bangalore,4.0,5
3114,United Manufacturing Co Ltd,Kolkata,3.56,13
3115,Prime Corrugated Products Corporation,Chennai,3.81,6
3116,Apex Print Supplies Group,Chennai,4.74,7
3117,Zenith Adhesives Limited,Hyderabad,4.59,15
3118,Metro Print Supplies Limited,Pune,3.64,12
3119,United Materials Group Solutions,Pune,4.32,12
3120,Apex Paper Mills Limited,Chennai,4.24,5
3121,Rapid Polymers Group,Chennai,3.56,9
3122,Prime Packaging Materials Limited,Pune,4.88,12
3123,Frontier Trading Company Group,Hyderabad,3.64,11
3124,Omni Print Supplies Ltd,Mumbai,4.87,6
3125,Global Print Supplies Ltd,Nagpur,3.66,15
3126,Omni Raw Materials Pvt Ltd,Nagpur,4.29,3
3127,Summit Packaging Materials Enterprises,Kolkata,4.21,14
3128,Pioneer Chemical Industries Corporation,Nagpur,3.68,14
3129,Omni Logistics Supply Ltd,Nagpur,4.52,9
3130,SilverLine Manufacturing Co Group,Delhi,4.83,4
3131,GreenSource Manufacturing Co Limited,Pune,4.81,13
3132,Zenith Chemical Industries Limited,Surat,3.94,6
3133,Rapid Materials Group Solutions,Kolkata,4.76,12
3134,Metro Print Supplies Enterprises,Chennai,3.76,14
3135,NextGen Paper Mills Pvt Ltd,Pune,3.86,7
3136,NorthStar Adhesives Enterprises,Pune,3.64,3
3137,GreenSource Packaging Solutions Enterprises,Mumbai,4.74,13
3138,Global Print Supplies Group,Chennai,4.24,9
3139,Omni Procurement Services Ltd,Surat,4.54,4
3140,Metro Procurement Services Ltd,Mumbai,4.92,3
3141,Frontier Logistics Supply Industries,Kolkata,4.09,12
3142,Universal Corrugated Products Ltd,Hyderabad,3.73,10
3143,Universal Adhesives Industries,Pune,4.93,15
3144,Apex Chemical Industries Group,Kolkata,3.58,9
3145,Frontier Materials Group Pvt Ltd,Hyderabad,4.36,10
3146,Pioneer Procurement Services Pvt Ltd,Nagpur,3.82,11
3147,BlueLine Chemical Industries Ltd,Pune,3.86,11
3148,Global Print Supplies Solutions,Chennai,4.01,6
3149,Pioneer Corrugated Products Pvt Ltd,Hyderabad,3.57,6
3150,SilverLine Manufacturing Co Limited,Mumbai,3.65,8
3151,United Packaging Materials Ltd,Nagpur,4.73,11
3152,SilverLine Manufacturing Co Limited,Bangalore,3.93,5
3153,Global Packaging Materials Solutions,Bangalore,4.37,5
3154,Rapid Print Supplies Enterprises,Nagpur,4.36,9
3155,GreenSource Corrugated Products Solutions,Pune,4.83,7
3156,Metro Materials Group Group,Nagpur,4.08,12
3157,Summit Packaging Solutions Group,Nagpur,3.65,3
3158,Frontier Logistics Supply Corporation,Nagpur,4.43,6
3159,NextGen Logistics Supply Industries,Pune,3.78,15
3160,Summit Chemical Industries Pvt Ltd,Hyderabad,4.11,11
3161,Prime Procurement Services Ltd,Surat,4.21,9
3162,Everest Trading Company Enterprises,Mumbai,4.46,5
3163,Apex Chemical Industries Industries,Surat,4.41,8
3164,Atlas Logistics Supply Group,Chennai,4.85,11
3165,Metro Polymers Ltd,Bangalore,4.74,8
3166,Omni Logistics Supply Limited,Delhi,4.85,12
3167,Atlas Procurement Services Group,Mumbai,4.32,15
3168,Metro Procurement Services Group,Surat,4.51,9
3169,BlueLine Raw Materials Enterprises,Nagpur,4.07,9
3170,Universal Logistics Supply Industries,Mumbai,4.34,15
3171,Omni Raw Materials Pvt Ltd,Chennai,4.71,8
3172,Zenith Adhesives Limited,Bangalore,4.76,15
3173,BlueLine Procurement Services Pvt Ltd,Chennai,4.38,15
3174,GreenSource Corrugated Products Corporation,Mumbai,4.78,5
3175,Pioneer Print Supplies Industries,Mumbai,3.51,11
3176,Omni Manufacturing Co Enterprises,Hyderabad,3.59,3
3177,Everest Corrugated Products Enterprises,Surat,3.8,4
3178,Apex Corrugated Products Group,Mumbai,3.57,4
3179,Rapid Materials Group Ltd,Nagpur,4.47,4
3180,GreenSource Polymers Limited,Kolkata,3.58,9
3181,NextGen Corrugated Products Industries,Nagpur,4.92,13
3182,Omni Polymers Pvt Ltd,Mumbai,4.59,6
3183,BlueLine Chemical Industries Ltd,Ahmedabad,4.16,12
3184,GreenSource Procurement Services Pvt Ltd,Mumbai,4.57,10
3185,Metro Packaging Materials Enterprises,Hyderabad,4.51,12
3186,Metro Adhesives Ltd,Surat,4.7,14
3187,Pioneer Packaging Materials Solutions,Hyderabad,4.88,5
3188,Zenith Packaging Materials Limited,Bangalore,3.53,11
3189,Vertex Chemical Industries Limited,Chennai,3.8,10
3190,Summit Raw Materials Pvt Ltd,Kolkata,4.04,5
3191,Apex Adhesives Enterprises,Pune,4.2,4
3192,United Industrial Supply Industries,Delhi,4.52,4
3193,Atlas Packaging Solutions Ltd,Hyderabad,3.67,15
3194,Omni Paper Mills Group,Delhi,4.2,11
3195,Zenith Adhesives Enterprises,Pune,3.79,10
3196,Universal Logistics Supply Corporation,Bangalore,3.9,3
3197,NextGen Corrugated Products Group,Mumbai,3.71,9
3198,GreenSource Materials Group Ltd,Pune,4.15,7
3199,Prime Paper Mills Solutions,Chennai,4.52,4
3200,Rapid Trading Company Limited,Delhi,4.86,14
3201,Pioneer Polymers Pvt Ltd,Delhi,3.61,5
3202,Universal Logistics Supply Solutions,Nagpur,4.3,5
3203,Everest Polymers Industries,Bangalore,4.28,9
3204,NextGen Manufacturing Co Group,Ahmedabad,4.68,13
3205,Atlas Trading Company Industries,Hyderabad,4.8,6
3206,Vertex Paper Mills Limited,Surat,3.77,13
3207,NorthStar Procurement Services Ltd,Kolkata,3.84,15
3208,United Packaging Materials Ltd,Ahmedabad,4.68,12
3209,Vertex Packaging Materials Enterprises,Hyderabad,4.52,4
3210,United Trading Company Ltd,Hyderabad,4.79,10
3211,Summit Logistics Supply Enterprises,Surat,4.67,5
3212,Global Adhesives Ltd,Hyderabad,4.31,4
3213,NextGen Packaging Solutions Industries,Kolkata,3.99,5
3214,Universal Procurement Services Group,Mumbai,4.67,11
3215,United Logistics Supply Limited,Bangalore,4.11,5
3216,Universal Materials Group Pvt Ltd,Pune,4.97,5
3217,NorthStar Manufacturing Co Enterprises,Ahmedabad,4.63,3
3218,Vertex Manufacturing Co Corporation,Chennai,4.14,12
3219,Vertex Chemical Industries Ltd,Delhi,3.69,3
3220,NorthStar Print Supplies Ltd,Nagpur,4.54,6
3221,Vertex Procurement Services Corporation,Surat,4.95,13
3222,Metro Chemical Industries Group,Nagpur,4.27,13
3223,Universal Polymers Limited,Bangalore,4.02,13
3224,Vertex Materials Group Solutions,Mumbai,4.54,10
3225,Universal Adhesives Pvt Ltd,Chennai,4.84,9
3226,United Procurement Services Solutions,Chennai,4.31,13
3227,NextGen Industrial Supply Solutions,Bangalore,4.07,4
3228,Atlas Raw Materials Solutions,Ahmedabad,4.42,10
3229,Rapid Materials Group Pvt Ltd,Nagpur,4.36,9
3230,Frontier Trading Company Pvt Ltd,Delhi,3.98,12
3231,Apex Trading Company Ltd,Surat,3.98,11
3232,Global Procurement Services Pvt Ltd,Chennai,4.05,14
3233,BlueLine Logistics Supply Ltd,Kolkata,4.63,9
3234,Rapid Packaging Materials Group,Ahmedabad,4.35,3
3235,Everest Packaging Solutions Corporation,Surat,3.76,14
3236,NorthStar Corrugated Products Group,Bangalore,3.88,11
3237,Rapid Trading Company Enterprises,Chennai,3.71,12
3238,GreenSource Packaging Solutions Industries,Delhi,4.53,14
3239,Zenith Corrugated Products Corporation,Hyderabad,4.75,6
3240,Apex Materials Group Limited,Kolkata,4.11,7
3241,Universal Polymers Group,Delhi,4.3,8
3242,Pioneer Packaging Solutions Group,Hyderabad,3.75,12
3243,NextGen Procurement Services Industries,Chennai,4.01,12
3244,SilverLine Raw Materials Industries,Surat,3.66,14
3245,Rapid Adhesives Group,Mumbai,4.93,10
3246,Frontier Chemical Industries Enterprises,Surat,3.99,12
3247,NorthStar Print Supplies Solutions,Bangalore,4.74,6
3248,Global Paper Mills Corporation,Nagpur,3.68,13
3249,Frontier Corrugated Products Limited,Pune,4.87,12
3250,Pioneer Packaging Solutions Ltd,Chennai,4.28,14
3251,NorthStar Manufacturing Co Industries,Bangalore,4.69,4
3252,SilverLine Paper Mills Enterprises,Bangalore,3.63,7
3253,United Raw Materials Group,Kolkata,3.8,6
3254,NextGen Adhesives Industries,Hyderabad,4.21,11
3255,Everest Paper Mills Enterprises,Ahmedabad,4.78,3
3256,Global Manufacturing Co Corporation,Delhi,4.55,13
3257,Everest Chemical Industries Limited,Mumbai,4.66,5
3258,United Procurement Services Limited,Nagpur,4.29,11
3259,Prime Manufacturing Co Pvt Ltd,Ahmedabad,3.51,8
3260,Metro Paper Mills Group,Hyderabad,3.74,5
3261,NorthStar Materials Group Enterprises,Hyderabad,3.59,8
3262,Zenith Materials Group Enterprises,Ahmedabad,4.31,7
3263,GreenSource Corrugated Products Pvt Ltd,Delhi,4.24,8
3264,Frontier Adhesives Corporation,Surat,4.45,14
3265,Zenith Procurement Services Group,Kolkata,4.68,12
3266,GreenSource Packaging Solutions Pvt Ltd,Bangalore,4.94,4
3267,Universal Print Supplies Enterprises,Kolkata,3.54,3
3268,Prime Industrial Supply Pvt Ltd,Bangalore,4.06,6
3269,Zenith Polymers Industries,Pune,4.94,5
3270,Everest Print Supplies Group,Kolkata,3.6,3
3271,NorthStar Adhesives Solutions,Mumbai,4.28,13
3272,Omni Materials Group Pvt Ltd,Pune,3.93,7
3273,Frontier Materials Group Enterprises,Hyderabad,4.38,14
3274,Pioneer Packaging Solutions Solutions,Chennai,4.13,13
3275,United Packaging Materials Corporation,Hyderabad,3.72,3
3276,Metro Adhesives Pvt Ltd,Kolkata,3.93,4
3277,Frontier Paper Mills Pvt Ltd,Surat,4.71,4
3278,Metro Paper Mills Limited,Delhi,3.8,5
3279,Global Polymers Corporation,Nagpur,3.64,9
3280,Global Logistics Supply Limited,Surat,3.87,7
3281,Pioneer Packaging Solutions Industries,Surat,4.19,3
3282,Vertex Packaging Solutions Solutions,Hyderabad,4.28,4
3283,United Packaging Solutions Pvt Ltd,Kolkata,4.22,8
3284,BlueLine Packaging Materials Group,Surat,4.44,10
3285,Metro Procurement Services Pvt Ltd,Nagpur,4.91,8
3286,Metro Manufacturing Co Limited,Surat,4.73,13
3287,United Procurement Services Industries,Pune,4.09,11
3288,NextGen Packaging Materials Solutions,Pune,4.47,5
3289,Universal Trading Company Industries,Chennai,4.16,14
3290,Apex Logistics Supply Pvt Ltd,Mumbai,3.99,5
3291,Metro Manufacturing Co Industries,Hyderabad,4.82,4
3292,Omni Print Supplies Group,Nagpur,3.61,7
3293,Summit Materials Group Pvt Ltd,Chennai,4.85,8
3294,SilverLine Packaging Materials Industries,Nagpur,4.78,11
3295,Apex Adhesives Corporation,Bangalore,4.13,10
3296,United Packaging Materials Solutions,Chennai,3.74,9
3297,GreenSource Paper Mills Ltd,Nagpur,4.0,7
3298,Zenith Print Supplies Solutions,Nagpur,4.57,4
3299,NextGen Logistics Supply Solutions,Nagpur,4.74,12
3300,United Industrial Supply Pvt Ltd,Nagpur,3.76,4
3301,NextGen Industrial Supply Group,Chennai,4.5,12
3302,United Print Supplies Solutions,Pune,3.82,14
3303,NorthStar Packaging Solutions Industries,Delhi,3.72,15
3304,Everest Packaging Solutions Group,Hyderabad,4.59,14
3305,Prime Materials Group Industries,Delhi,3.56,3
3306,BlueLine Print Supplies Solutions,Nagpur,4.72,13
3307,United Materials Group Solutions,Kolkata,4.53,14
3308,SilverLine Polymers Group,Delhi,3.86,11
3309,Rapid Logistics Supply Ltd,Mumbai,3.8,7
3310,GreenSource Paper Mills Enterprises,Pune,4.72,15
3311,Zenith Adhesives Limited,Ahmedabad,3.6,5
3312,Apex Corrugated Products Limited,Mumbai,4.67,13
3313,Zenith Packaging Solutions Group,Mumbai,3.64,6
3314,Pioneer Chemical Industries Industries,Mumbai,4.42,6
3315,Global Manufacturing Co Enterprises,Ahmedabad,3.62,13
3316,Zenith Trading Company Limited,Nagpur,4.95,5
3317,Rapid Industrial Supply Pvt Ltd,Delhi,3.67,5
3318,Everest Corrugated Products Solutions,Hyderabad,4.2,13
3319,Metro Industrial Supply Limited,Nagpur,4.66,13
3320,Universal Raw Materials Limited,Hyderabad,4.1,5
3321,NextGen Industrial Supply Limited,Nagpur,4.58,10
3322,Metro Packaging Materials Group,Surat,4.64,6
3323,Apex Logistics Supply Industries,Mumbai,3.94,6
3324,Omni Procurement Services Group,Chennai,4.3,13
3325,NextGen Trading Company Corporation,Surat,3.66,15
3326,GreenSource Packaging Solutions Limited,Pune,3.93,15
3327,Vertex Polymers Enterprises,Surat,3.71,8
3328,Global Manufacturing Co Group,Delhi,3.73,7
3329,Rapid Packaging Solutions Ltd,Nagpur,3.79,8
3330,SilverLine Packaging Materials Enterprises,Pune,4.72,14
3331,Global Print Supplies Industries,Nagpur,4.39,5
3332,Zenith Trading Company Ltd,Pune,3.84,10
3333,Everest Packaging Solutions Corporation,Chennai,4.14,8
3334,Vertex Adhesives Group,Hyderabad,3.96,5
3335,Apex Corrugated Products Ltd,Bangalore,4.91,14
3336,Metro Industrial Supply Pvt Ltd,Ahmedabad,4.9,9
3337,Everest Adhesives Pvt Ltd,Ahmedabad,3.85,10
3338,BlueLine Industrial Supply Pvt Ltd,Nagpur,4.43,10
3339,Universal Procurement Services Enterprises,Nagpur,3.53,6
3340,Metro Packaging Solutions Corporation,Surat,4.48,4
3341,NorthStar Adhesives Corporation,Delhi,4.74,13
3342,Global Paper Mills Corporation,Mumbai,3.87,4
3343,Global Manufacturing Co Group,Hyderabad,4.93,12
3344,United Adhesives Enterprises,Bangalore,4.43,8
3345,United Manufacturing Co Group,Kolkata,3.93,5
3346,Summit Chemical Industries Solutions,Pune,3.71,15
3347,BlueLine Trading Company Enterprises,Mumbai,3.67,11
3348,Prime Print Supplies Limited,Surat,3.68,6
3349,Global Print Supplies Enterprises,Surat,3.84,10
3350,Rapid Chemical Industries Limited,Ahmedabad,3.74,11
3351,Prime Materials Group Ltd,Surat,3.65,14
3352,SilverLine Trading Company Limited,Delhi,4.39,14
3353,Everest Adhesives Ltd,Ahmedabad,3.63,11
3354,Prime Procurement Services Solutions,Pune,3.87,10
3355,Summit Adhesives Limited,Mumbai,4.72,7
3356,SilverLine Materials Group Corporation,Ahmedabad,3.95,15
3357,Rapid Packaging Solutions Limited,Chennai,3.54,12
3358,Omni Packaging Solutions Group,Surat,4.79,13
3359,SilverLine Trading Company Enterprises,Hyderabad,4.39,10
3360,Global Paper Mills Limited,Surat,3.51,6
3361,Apex Manufacturing Co Enterprises,Delhi,4.73,10
3362,BlueLine Corrugated Products Enterprises,Hyderabad,4.16,5
3363,Universal Adhesives Limited,Surat,3.86,5
3364,Pioneer Industrial Supply Ltd,Mumbai,4.97,9
3365,Omni Procurement Services Limited,Bangalore,4.95,13
3366,Zenith Industrial Supply Limited,Pune,3.58,12
3367,Pioneer Polymers Solutions,Pune,4.87,3
3368,Global Packaging Materials Corporation,Nagpur,3.85,15
3369,Vertex Raw Materials Corporation,Nagpur,3.5,6
3370,Universal Adhesives Pvt Ltd,Mumbai,3.88,12
3371,Frontier Industrial Supply Corporation,Nagpur,4.73,9
3372,Atlas Materials Group Solutions,Chennai,4.47,6
3373,United Manufacturing Co Solutions,Pune,4.72,9
3374,Atlas Materials Group Corporation,Pune,4.12,9
3375,Everest Packaging Solutions Industries,Ahmedabad,3.93,3
3376,Pioneer Trading Company Corporation,Chennai,3.85,5
3377,NorthStar Procurement Services Pvt Ltd,Chennai,4.61,11
3378,Zenith Manufacturing Co Corporation,Nagpur,4.35,4
3379,Atlas Trading Company Ltd,Pune,4.57,7
3380,NextGen Logistics Supply Enterprises,Delhi,3.54,10
3381,Prime Materials Group Solutions,Surat,4.77,4
3382,Universal Procurement Services Ltd,Delhi,4.49,13
3383,Global Polymers Corporation,Pune,4.77,11
3384,Universal Paper Mills Group,Nagpur,4.36,12
3385,Frontier Logistics Supply Solutions,Delhi,4.85,4
3386,United Industrial Supply Corporation,Surat,3.55,4
3387,Vertex Logistics Supply Enterprises,Bangalore,3.96,5
3388,NextGen Print Supplies Limited,Ahmedabad,4.92,8
3389,Frontier Materials Group Industries,Nagpur,4.97,11
3390,SilverLine Trading Company Ltd,Surat,3.76,15
3391,Global Chemical Industries Ltd,Hyderabad,4.21,10
3392,Universal Corrugated Products Pvt Ltd,Chennai,4.07,4
3393,GreenSource Manufacturing Co Enterprises,Pune,4.65,13
3394,Universal Logistics Supply Pvt Ltd,Surat,4.84,13
3395,Zenith Chemical Industries Pvt Ltd,Nagpur,4.51,11
3396,Frontier Packaging Solutions Solutions,Hyderabad,4.37,13
3397,Pioneer Polymers Ltd,Bangalore,3.56,8
3398,Summit Packaging Materials Limited,Bangalore,4.86,4
3399,Zenith Procurement Services Limited,Kolkata,4.14,10
3400,Vertex Polymers Industries,Delhi,4.23,13
3401,Vertex Materials Group Industries,Kolkata,4.58,8
3402,Everest Print Supplies Solutions,Nagpur,4.7,15
3403,Rapid Packaging Solutions Corporation,Mumbai,4.83,9
3404,GreenSource Corrugated Products Enterprises,Hyderabad,4.32,14
3405,BlueLine Logistics Supply Enterprises,Mumbai,3.9,11
3406,GreenSource Packaging Solutions Limited,Ahmedabad,3.52,11
3407,NorthStar Raw Materials Enterprises,Delhi,3.74,8
3408,Zenith Print Supplies Industries,Hyderabad,3.91,11
3409,Metro Industrial Supply Industries,Bangalore,4.3,11
3410,Frontier Paper Mills Ltd,Hyderabad,3.71,7
3411,Rapid Trading Company Pvt Ltd,Surat,4.17,12
3412,Universal Procurement Services Ltd,Nagpur,4.75,4
3413,GreenSource Raw Materials Industries,Pune,4.38,15
3414,Summit Adhesives Pvt Ltd,Chennai,4.57,4
3415,Summit Paper Mills Solutions,Hyderabad,4.84,8
3416,NextGen Paper Mills Ltd,Bangalore,3.98,11
3417,Everest Procurement Services Group,Mumbai,4.87,8
3418,BlueLine Print Supplies Corporation,Ahmedabad,3.72,4
3419,Atlas Raw Materials Enterprises,Kolkata,4.48,6
3420,GreenSource Chemical Industries Ltd,Nagpur,4.12,4
3421,Pioneer Print Supplies Solutions,Pune,4.66,5
3422,BlueLine Manufacturing Co Ltd,Surat,4.31,14
3423,Global Corrugated Products Enterprises,Ahmedabad,4.75,5
3424,Everest Chemical Industries Limited,Ahmedabad,3.91,11
3425,Everest Print Supplies Industries,Kolkata,4.43,9
3426,Rapid Chemical Industries Enterprises,Nagpur,4.49,12
3427,Summit Packaging Materials Enterprises,Nagpur,4.32,7
3428,Frontier Procurement Services Corporation,Pune,3.99,12
3429,BlueLine Adhesives Ltd,Pune,3.69,5
3430,Atlas Polymers Pvt Ltd,Mumbai,4.77,15
3431,Pioneer Adhesives Industries,Hyderabad,4.83,3
3432,SilverLine Raw Materials Limited,Ahmedabad,3.62,13
3433,Prime Paper Mills Enterprises,Chennai,4.13,6
3434,Omni Packaging Materials Pvt Ltd,Pune,4.27,7
3435,NorthStar Adhesives Ltd,Hyderabad,4.23,3
3436,Global Manufacturing Co Corporation,Delhi,3.95,12
3437,BlueLine Packaging Solutions Ltd,Bangalore,4.88,9
3438,BlueLine Print Supplies Enterprises,Hyderabad,4.25,3
3439,NorthStar Print Supplies Enterprises,Bangalore,3.74,15
3440,GreenSource Adhesives Enterprises,Kolkata,4.24,10
3441,NorthStar Materials Group Ltd,Nagpur,4.18,7
3442,NorthStar Paper Mills Industries,Surat,4.71,3
3443,Omni Packaging Solutions Industries,Kolkata,3.89,9
3444,Rapid Print Supplies Pvt Ltd,Delhi,4.66,8
3445,GreenSource Industrial Supply Limited,Hyderabad,4.45,12
3446,Atlas Adhesives Industries,Mumbai,3.51,13
3447,Omni Packaging Solutions Pvt Ltd,Pune,3.76,7
3448,NextGen Print Supplies Solutions,Hyderabad,4.95,10
3449,Pioneer Chemical Industries Enterprises,Delhi,4.65,12
3450,Universal Procurement Services Ltd,Pune,3.62,7
3451,Everest Raw Materials Group,Surat,4.72,7
3452,Vertex Print Supplies Enterprises,Mumbai,3.51,11
3453,Global Raw Materials Solutions,Nagpur,4.27,9
3454,Pioneer Packaging Materials Solutions,Surat,3.69,4
3455,NextGen Manufacturing Co Group,Ahmedabad,4.9,3
3456,BlueLine Trading Company Pvt Ltd,Hyderabad,4.69,5
3457,Omni Raw Materials Pvt Ltd,Pune,4.88,3
3458,Apex Materials Group Corporation,Chennai,4.6,10
3459,NorthStar Paper Mills Enterprises,Kolkata,4.54,14
3460,Rapid Corrugated Products Ltd,Ahmedabad,4.33,13
3461,NextGen Adhesives Corporation,Surat,3.76,5
3462,Everest Polymers Industries,Surat,3.99,7
3463,SilverLine Print Supplies Corporation,Mumbai,3.55,9
3464,BlueLine Chemical Industries Group,Bangalore,4.48,8
3465,Metro Corrugated Products Industries,Pune,3.67,6
3466,Metro Logistics Supply Solutions,Bangalore,4.65,12
3467,Pioneer Polymers Limited,Ahmedabad,4.16,15
3468,Rapid Print Supplies Industries,Chennai,4.5,13
3469,NextGen Trading Company Pvt Ltd,Mumbai,3.79,11
3470,Vertex Procurement Services Pvt Ltd,Pune,4.85,8
3471,Global Polymers Ltd,Pune,4.41,9
3472,Summit Corrugated Products Ltd,Bangalore,3.99,13
3473,Apex Industrial Supply Enterprises,Nagpur,4.99,6
3474,NorthStar Packaging Materials Pvt Ltd,Bangalore,4.44,6
3475,NorthStar Corrugated Products Industries,Bangalore,3.52,14
3476,Everest Materials Group Limited,Hyderabad,4.16,11
3477,GreenSource Materials Group Limited,Hyderabad,4.02,5
3478,BlueLine Chemical Industries Corporation,Kolkata,3.89,9
3479,Prime Corrugated Products Industries,Surat,4.82,14
3480,Universal Trading Company Industries,Ahmedabad,4.56,11
3481,Everest Industrial Supply Group,Chennai,4.47,4
3482,Metro Materials Group Solutions,Surat,4.27,7
3483,Vertex Packaging Materials Enterprises,Nagpur,4.35,9
3484,Zenith Materials Group Pvt Ltd,Nagpur,3.59,8
3485,Pioneer Manufacturing Co Pvt Ltd,Ahmedabad,3.66,10
3486,Metro Chemical Industries Enterprises,Chennai,3.55,4
3487,Atlas Materials Group Enterprises,Bangalore,3.76,5
3488,Apex Corrugated Products Industries,Nagpur,4.17,11
3489,Summit Paper Mills Limited,Delhi,4.96,13
3490,Vertex Trading Company Ltd,Hyderabad,4.88,5
3491,Zenith Paper Mills Pvt Ltd,Surat,4.8,3
3492,Zenith Materials Group Industries,Delhi,3.72,3
3493,Everest Industrial Supply Pvt Ltd,Chennai,3.76,3
3494,Global Raw Materials Enterprises,Ahmedabad,4.15,4
3495,Prime Logistics Supply Ltd,Surat,4.76,12
3496,Vertex Logistics Supply Solutions,Hyderabad,3.68,11
3497,Universal Corrugated Products Corporation,Chennai,4.06,15
3498,Universal Chemical Industries Ltd,Chennai,4.85,7
3499,NorthStar Polymers Industries,Pune,4.38,15
3500,Prime Print Supplies Solutions,Bangalore,4.13,15
3501,Vertex Polymers Pvt Ltd,Chennai,3.97,9
3502,Zenith Adhesives Limited,Mumbai,3.51,14
3503,Global Trading Company Enterprises,Delhi,3.51,7
3504,NorthStar Packaging Materials Enterprises,Ahmedabad,4.75,8
3505,Global Logistics Supply Ltd,Hyderabad,4.15,13
3506,Rapid Procurement Services Corporation,Pune,3.61,13
3507,Rapid Logistics Supply Group,Bangalore,4.8,14
3508,Universal Packaging Materials Industries,Bangalore,3.5,10
3509,Vertex Adhesives Limited,Hyderabad,4.42,12
3510,BlueLine Print Supplies Solutions,Mumbai,4.28,3
3511,SilverLine Print Supplies Industries,Hyderabad,4.13,6
3512,GreenSource Materials Group Pvt Ltd,Hyderabad,4.3,12
3513,Zenith Manufacturing Co Enterprises,Delhi,4.08,10
3514,Global Materials Group Industries,Surat,4.15,11
3515,Frontier Logistics Supply Limited,Ahmedabad,4.29,13
3516,Pioneer Print Supplies Limited,Kolkata,3.55,15
3517,Zenith Procurement Services Pvt Ltd,Kolkata,4.18,4
3518,Zenith Trading Company Enterprises,Mumbai,4.54,6
3519,Metro Industrial Supply Limited,Delhi,4.15,14
3520,SilverLine Trading Company Pvt Ltd,Hyderabad,3.52,4
3521,Vertex Corrugated Products Ltd,Nagpur,4.05,5
3522,Universal Print Supplies Solutions,Kolkata,4.0,8
3523,Everest Trading Company Solutions,Ahmedabad,3.94,4
3524,Metro Trading Company Corporation,Hyderabad,4.4,15
3525,Universal Raw Materials Pvt Ltd,Bangalore,3.64,14
3526,Zenith Procurement Services Pvt Ltd,Hyderabad,3.9,5
3527,Metro Manufacturing Co Solutions,Kolkata,4.27,4
3528,United Industrial Supply Corporation,Kolkata,3.9,5
3529,Everest Corrugated Products Group,Bangalore,4.06,3
3530,NorthStar Procurement Services Pvt Ltd,Mumbai,4.77,5
3531,Metro Corrugated Products Group,Ahmedabad,4.75,14
3532,Zenith Industrial Supply Ltd,Pune,4.45,6
3533,NorthStar Procurement Services Corporation,Mumbai,4.19,6
3534,Metro Chemical Industries Solutions,Delhi,4.25,11
3535,Atlas Adhesives Corporation,Mumbai,3.59,10
3536,Frontier Polymers Pvt Ltd,Delhi,4.53,14
3537,United Paper Mills Limited,Delhi,4.99,4
3538,Rapid Logistics Supply Group,Mumbai,4.22,3
3539,SilverLine Materials Group Ltd,Pune,3.67,8
3540,Global Manufacturing Co Pvt Ltd,Ahmedabad,4.83,4
3541,Universal Adhesives Pvt Ltd,Hyderabad,3.62,3
3542,SilverLine Paper Mills Solutions,Mumbai,4.73,5
3543,Apex Industrial Supply Ltd,Ahmedabad,3.61,9
3544,Zenith Adhesives Ltd,Mumbai,4.94,7
3545,Universal Logistics Supply Corporation,Surat,4.57,14
3546,GreenSource Paper Mills Pvt Ltd,Nagpur,4.28,9
3547,Zenith Materials Group Industries,Hyderabad,4.02,12
3548,BlueLine Chemical Industries Solutions,Pune,4.12,14
3549,Universal Manufacturing Co Pvt Ltd,Ahmedabad,3.8,7
3550,Vertex Raw Materials Industries,Pune,3.55,8
3551,Prime Packaging Solutions Group,Surat,4.5,9
3552,Summit Polymers Pvt Ltd,Pune,4.2,7
3553,Apex Logistics Supply Group,Ahmedabad,3.88,15
3554,Summit Adhesives Pvt Ltd,Hyderabad,4.29,9
3555,BlueLine Materials Group Enterprises,Mumbai,4.62,10
3556,Apex Manufacturing Co Industries,Bangalore,4.84,11
3557,Frontier Paper Mills Corporation,Delhi,3.98,6
3558,Rapid Logistics Supply Corporation,Hyderabad,4.87,11
3559,Prime Adhesives Group,Mumbai,4.17,10
3560,BlueLine Packaging Materials Ltd,Hyderabad,4.04,12
3561,NorthStar Adhesives Limited,Kolkata,4.94,5
3562,Apex Manufacturing Co Pvt Ltd,Mumbai,4.39,11
3563,NorthStar Logistics Supply Group,Pune,3.56,13
3564,GreenSource Packaging Materials Ltd,Nagpur,3.65,6
3565,Everest Raw Materials Limited,Ahmedabad,4.67,9
3566,Everest Manufacturing Co Ltd,Delhi,3.99,7
3567,United Polymers Enterprises,Mumbai,4.53,5
3568,NextGen Polymers Ltd,Hyderabad,4.58,8
3569,Summit Adhesives Corporation,Pune,4.52,3
3570,Universal Polymers Pvt Ltd,Delhi,4.16,8
3571,Zenith Adhesives Ltd,Mumbai,3.74,9
3572,Prime Raw Materials Group,Pune,4.01,14
3573,NextGen Logistics Supply Group,Nagpur,3.89,13
3574,Atlas Adhesives Ltd,Ahmedabad,3.92,10
3575,Everest Print Supplies Solutions,Chennai,4.77,10
3576,Atlas Materials Group Ltd,Kolkata,4.56,12
3577,SilverLine Polymers Ltd,Chennai,4.5,4
3578,Prime Industrial Supply Enterprises,Bangalore,4.94,12
3579,Apex Chemical Industries Ltd,Chennai,4.54,12
3580,Everest Industrial Supply Corporation,Kolkata,3.69,3
3581,Apex Procurement Services Ltd,Surat,4.42,15
3582,GreenSource Raw Materials Limited,Surat,3.95,12
3583,Everest Paper Mills Group,Nagpur,4.42,5
3584,Vertex Adhesives Group,Chennai,4.86,13
3585,Zenith Adhesives Pvt Ltd,Mumbai,4.04,4
3586,Prime Industrial Supply Enterprises,Ahmedabad,4.35,12
3587,Global Polymers Ltd,Hyderabad,4.36,11
3588,Prime Raw Materials Enterprises,Ahmedabad,4.22,3
3589,Summit Trading Company Corporation,Delhi,4.57,6
3590,Apex Manufacturing Co Corporation,Bangalore,4.37,8
3591,Summit Industrial Supply Ltd,Hyderabad,4.24,9
3592,NextGen Adhesives Group,Mumbai,3.83,13
3593,SilverLine Corrugated Products Ltd,Pune,4.24,9
3594,NorthStar Chemical Industries Pvt Ltd,Hyderabad,3.78,4
3595,United Materials Group Corporation,Delhi,4.37,13
3596,NextGen Polymers Pvt Ltd,Chennai,4.68,7
3597,NorthStar Corrugated Products Limited,Pune,3.52,15
3598,Prime Manufacturing Co Ltd,Hyderabad,4.76,3
3599,SilverLine Paper Mills Ltd,Surat,4.33,9
3600,Frontier Chemical Industries Industries,Mumbai,3.73,4
3601,Universal Procurement Services Enterprises,Ahmedabad,3.83,5
3602,Atlas Logistics Supply Ltd,Bangalore,4.84,8
3603,United Adhesives Solutions,Kolkata,4.79,5
3604,Universal Packaging Solutions Enterprises,Bangalore,3.75,3
3605,Summit Corrugated Products Industries,Hyderabad,4.51,5
3606,Global Logistics Supply Pvt Ltd,Ahmedabad,4.06,11
3607,NextGen Raw Materials Corporation,Ahmedabad,4.97,3
3608,Atlas Packaging Solutions Ltd,Ahmedabad,3.67,15
3609,SilverLine Corrugated Products Pvt Ltd,Chennai,4.57,11
3610,Global Packaging Solutions Industries,Hyderabad,4.55,5
3611,Everest Polymers Pvt Ltd,Pune,4.03,11
3612,Everest Materials Group Solutions,Mumbai,4.53,12
3613,Everest Procurement Services Limited,Pune,4.25,6
3614,Vertex Adhesives Group,Surat,4.33,14
3615,Zenith Logistics Supply Group,Nagpur,4.62,14
3616,Pioneer Packaging Solutions Limited,Hyderabad,4.33,3
3617,Prime Print Supplies Group,Chennai,4.22,15
3618,Atlas Corrugated Products Industries,Pune,4.32,9
3619,Atlas Packaging Solutions Solutions,Delhi,4.71,7
3620,NorthStar Logistics Supply Corporation,Mumbai,4.49,11
3621,Metro Packaging Solutions Solutions,Delhi,3.5,5
3622,Vertex Paper Mills Corporation,Surat,3.69,6
3623,Metro Polymers Pvt Ltd,Mumbai,3.88,7
3624,BlueLine Trading Company Corporation,Chennai,4.6,14
3625,Frontier Packaging Materials Limited,Pune,4.13,8
3626,Zenith Manufacturing Co Industries,Mumbai,4.51,14
3627,Global Packaging Solutions Ltd,Chennai,4.97,7
3628,Metro Paper Mills Pvt Ltd,Delhi,4.58,10
3629,SilverLine Corrugated Products Pvt Ltd,Pune,3.87,14
3630,Apex Industrial Supply Pvt Ltd,Surat,3.64,8
3631,Prime Procurement Services Corporation,Hyderabad,3.8,13
3632,Prime Adhesives Industries,Ahmedabad,4.19,8
3633,Rapid Logistics Supply Limited,Nagpur,4.31,5
3634,Universal Polymers Ltd,Delhi,4.99,4
3635,Omni Polymers Limited,Ahmedabad,3.95,12
3636,Prime Corrugated Products Pvt Ltd,Nagpur,4.62,11
3637,Apex Raw Materials Ltd,Bangalore,3.87,14
3638,Vertex Corrugated Products Corporation,Pune,4.43,9
3639,NextGen Packaging Solutions Limited,Chennai,4.91,9
3640,Pioneer Industrial Supply Ltd,Kolkata,4.11,8
3641,Omni Corrugated Products Enterprises,Ahmedabad,4.93,3
3642,Rapid Paper Mills Enterprises,Delhi,3.63,11
3643,Rapid Adhesives Group,Mumbai,3.95,7
3644,BlueLine Chemical Industries Ltd,Ahmedabad,4.95,9
3645,Apex Polymers Corporation,Nagpur,4.66,14
3646,Summit Manufacturing Co Enterprises,Kolkata,3.51,13
3647,Atlas Procurement Services Pvt Ltd,Ahmedabad,3.78,5
3648,Rapid Packaging Solutions Enterprises,Pune,3.63,5
3649,BlueLine Paper Mills Enterprises,Delhi,4.88,14
3650,NorthStar Polymers Group,Bangalore,4.51,4
3651,Frontier Corrugated Products Ltd,Surat,4.6,12
3652,Atlas Raw Materials Enterprises,Delhi,4.46,14
3653,GreenSource Logistics Supply Limited,Nagpur,4.36,9
3654,BlueLine Paper Mills Industries,Surat,4.01,6
3655,Metro Packaging Materials Corporation,Ahmedabad,4.96,5
3656,SilverLine Polymers Ltd,Kolkata,4.3,6
3657,Summit Chemical Industries Industries,Mumbai,4.71,6
3658,Universal Raw Materials Group,Surat,4.25,3
3659,SilverLine Packaging Materials Corporation,Kolkata,4.8,15
3660,Rapid Logistics Supply Corporation,Ahmedabad,4.0,10
3661,Rapid Manufacturing Co Corporation,Kolkata,4.92,8
3662,Summit Procurement Services Group,Nagpur,4.21,7
3663,Rapid Procurement Services Enterprises,Pune,4.15,7
3664,Metro Raw Materials Pvt Ltd,Kolkata,3.93,3
3665,Vertex Packaging Materials Ltd,Nagpur,4.0,12
3666,GreenSource Materials Group Limited,Kolkata,3.78,9
3667,Atlas Packaging Solutions Group,Kolkata,4.36,9
3668,GreenSource Corrugated Products Solutions,Delhi,3.67,6
3669,Global Trading Company Corporation,Delhi,3.86,15
3670,Zenith Raw Materials Corporation,Delhi,4.08,7
3671,Prime Polymers Corporation,Surat,4.38,6
3672,NextGen Procurement Services Limited,Bangalore,4.67,7
3673,Apex Packaging Materials Ltd,Ahmedabad,4.35,6
3674,United Paper Mills Limited,Mumbai,3.54,13
3675,Everest Trading Company Group,Delhi,3.71,4
3676,Universal Adhesives Solutions,Pune,4.87,11
3677,BlueLine Adhesives Pvt Ltd,Chennai,4.04,13
3678,BlueLine Packaging Materials Pvt Ltd,Hyderabad,4.83,11
3679,United Chemical Industries Corporation,Ahmedabad,3.57,10
3680,Apex Polymers Pvt Ltd,Mumbai,4.54,9
3681,NorthStar Logistics Supply Pvt Ltd,Chennai,4.86,10
3682,United Packaging Solutions Enterprises,Hyderabad,4.52,9
3683,Apex Paper Mills Solutions,Mumbai,3.67,3
3684,Prime Logistics Supply Group,Delhi,4.72,11
3685,Universal Industrial Supply Group,Kolkata,4.47,13
3686,Prime Industrial Supply Ltd,Delhi,4.23,13
3687,NextGen Packaging Materials Pvt Ltd,Pune,3.96,8
3688,United Polymers Industries,Pune,4.14,12
3689,GreenSource Paper Mills Limited,Chennai,4.64,11
3690,Universal Trading Company Pvt Ltd,Mumbai,3.8,6
3691,Rapid Manufacturing Co Group,Kolkata,4.56,11
3692,Rapid Packaging Solutions Ltd,Nagpur,4.47,12
3693,Pioneer Print Supplies Industries,Kolkata,3.69,8
3694,Atlas Adhesives Industries,Chennai,3.72,5
3695,United Paper Mills Industries,Surat,4.41,5
3696,Global Chemical Industries Group,Ahmedabad,4.54,15
3697,Summit Print Supplies Group,Chennai,3.69,9
3698,Omni Raw Materials Group,Mumbai,4.2,4
3699,Prime Materials Group Solutions,Mumbai,4.27,9
3700,Atlas Trading Company Limited,Surat,4.71,6
3701,Rapid Industrial Supply Limited,Mumbai,4.24,5
3702,Rapid Raw Materials Group,Surat,3.83,11
3703,Vertex Polymers Pvt Ltd,Pune,4.95,10
3704,Omni Logistics Supply Corporation,Surat,4.79,15
3705,Rapid Trading Company Industries,Kolkata,4.16,7
3706,Metro Packaging Solutions Industries,Chennai,4.97,5
3707,Metro Packaging Solutions Ltd,Pune,4.63,7
3708,BlueLine Packaging Solutions Group,Surat,4.99,14
3709,Zenith Packaging Solutions Pvt Ltd,Delhi,4.6,8
3710,Rapid Industrial Supply Enterprises,Delhi,4.73,12
3711,NorthStar Paper Mills Group,Mumbai,4.85,6
3712,Pioneer Corrugated Products Industries,Pune,4.78,4
3713,Vertex Industrial Supply Corporation,Hyderabad,4.53,10
3714,BlueLine Raw Materials Industries,Mumbai,4.23,8
3715,Summit Corrugated Products Corporation,Pune,4.48,8
3716,Metro Industrial Supply Limited,Chennai,4.66,5
3717,Rapid Polymers Ltd,Surat,4.68,13
3718,Rapid Paper Mills Solutions,Kolkata,4.08,8
3719,BlueLine Print Supplies Solutions,Mumbai,4.04,7
3720,Zenith Raw Materials Pvt Ltd,Pune,4.05,9
3721,BlueLine Raw Materials Limited,Nagpur,4.65,13
3722,NorthStar Adhesives Enterprises,Bangalore,3.53,13
3723,Universal Manufacturing Co Enterprises,Nagpur,4.98,12
3724,NorthStar Trading Company Solutions,Kolkata,4.71,3
3725,Pioneer Print Supplies Ltd,Delhi,3.53,5
3726,Omni Packaging Solutions Ltd,Pune,4.43,13
3727,Pioneer Raw Materials Pvt Ltd,Pune,3.72,4
3728,Apex Manufacturing Co Industries,Hyderabad,4.86,12
3729,Rapid Trading Company Solutions,Hyderabad,3.55,11
3730,Pioneer Paper Mills Limited,Delhi,4.14,10
3731,Summit Raw Materials Pvt Ltd,Delhi,4.16,9
3732,Global Trading Company Group,Nagpur,4.95,11
3733,Atlas Trading Company Enterprises,Kolkata,3.86,13
3734,Apex Polymers Corporation,Chennai,3.67,4
3735,Rapid Adhesives Corporation,Chennai,3.55,11
3736,Zenith Polymers Group,Delhi,3.85,5
3737,Prime Packaging Solutions Limited,Nagpur,3.6,3
3738,SilverLine Trading Company Enterprises,Bangalore,4.99,12
3739,United Print Supplies Corporation,Ahmedabad,3.51,3
3740,Global Packaging Solutions Enterprises,Surat,4.2,7
3741,GreenSource Materials Group Enterprises,Ahmedabad,4.1,12
3742,United Manufacturing Co Solutions,Bangalore,4.83,4
3743,Omni Corrugated Products Industries,Hyderabad,4.84,9
3744,Prime Chemical Industries Group,Mumbai,3.53,6
3745,SilverLine Adhesives Industries,Ahmedabad,3.8,12
3746,Rapid Chemical Industries Enterprises,Nagpur,3.78,10
3747,United Raw Materials Limited,Nagpur,4.48,5
3748,Zenith Packaging Materials Enterprises,Chennai,3.98,3
3749,SilverLine Manufacturing Co Solutions,Mumbai,3.77,8
3750,Everest Packaging Solutions Pvt Ltd,Ahmedabad,4.12,6
3751,Omni Chemical Industries Industries,Pune,4.78,12
3752,GreenSource Logistics Supply Group,Nagpur,4.09,7
3753,Omni Polymers Enterprises,Chennai,3.95,8
3754,BlueLine Corrugated Products Corporation,Chennai,3.96,7
3755,Universal Print Supplies Corporation,Nagpur,3.68,12
3756,Atlas Manufacturing Co Industries,Nagpur,3.86,14
3757,BlueLine Chemical Industries Solutions,Bangalore,3.84,7
3758,Omni Chemical Industries Ltd,Surat,4.64,13
3759,Vertex Packaging Solutions Pvt Ltd,Chennai,3.57,8
3760,Frontier Procurement Services Pvt Ltd,Nagpur,4.58,14
3761,Apex Manufacturing Co Corporation,Pune,3.87,4
3762,Global Logistics Supply Solutions,Delhi,3.59,5
3763,Everest Corrugated Products Solutions,Mumbai,4.22,7
3764,Frontier Adhesives Industries,Bangalore,4.45,15
3765,Omni Adhesives Group,Ahmedabad,4.7,5
3766,Metro Industrial Supply Industries,Mumbai,3.56,7
3767,Zenith Procurement Services Corporation,Hyderabad,4.89,5
3768,Atlas Paper Mills Ltd,Mumbai,3.71,14
3769,SilverLine Raw Materials Pvt Ltd,Pune,3.81,10
3770,NorthStar Corrugated Products Enterprises,Kolkata,4.29,12
3771,Rapid Paper Mills Group,Nagpur,4.01,13
3772,Pioneer Industrial Supply Enterprises,Pune,4.88,12
3773,Apex Raw Materials Corporation,Kolkata,4.33,6
3774,BlueLine Packaging Materials Group,Hyderabad,4.08,4
3775,Universal Paper Mills Group,Mumbai,4.83,7
3776,NextGen Paper Mills Enterprises,Delhi,4.9,14
3777,Metro Industrial Supply Industries,Chennai,3.97,7
3778,NextGen Chemical Industries Enterprises,Chennai,4.48,3
3779,GreenSource Paper Mills Solutions,Nagpur,4.12,14
3780,Rapid Print Supplies Ltd,Mumbai,4.33,13
3781,NorthStar Packaging Materials Pvt Ltd,Nagpur,4.79,9
3782,Zenith Industrial Supply Pvt Ltd,Pune,4.47,10
3783,United Logistics Supply Corporation,Pune,4.2,6
3784,Prime Chemical Industries Industries,Kolkata,3.59,6
3785,Vertex Print Supplies Group,Mumbai,3.75,11
3786,Atlas Chemical Industries Enterprises,Hyderabad,4.01,10
3787,NorthStar Packaging Materials Pvt Ltd,Chennai,3.8,11
3788,Metro Manufacturing Co Industries,Mumbai,3.7,5
3789,NorthStar Procurement Services Limited,Chennai,3.81,3
3790,Summit Industrial Supply Industries,Chennai,3.88,10
3791,United Raw Materials Limited,Hyderabad,4.67,8
3792,Global Trading Company Enterprises,Delhi,4.66,12
3793,Atlas Adhesives Group,Chennai,4.85,3
3794,NextGen Chemical Industries Group,Chennai,3.58,5
3795,Summit Packaging Materials Corporation,Ahmedabad,3.76,3
3796,Apex Chemical Industries Pvt Ltd,Mumbai,3.69,7
3797,United Raw Materials Ltd,Pune,4.18,5
3798,NextGen Polymers Pvt Ltd,Bangalore,3.58,8
3799,Prime Trading Company Enterprises,Bangalore,4.49,11
3800,United Packaging Materials Limited,Ahmedabad,4.46,14
3801,Pioneer Adhesives Corporation,Hyderabad,3.66,15
3802,Atlas Logistics Supply Pvt Ltd,Bangalore,3.58,8
3803,Vertex Paper Mills Solutions,Delhi,4.68,10
3804,Metro Adhesives Limited,Delhi,3.73,12
3805,Prime Print Supplies Group,Hyderabad,4.09,11
3806,GreenSource Packaging Materials Corporation,Surat,4.59,5
3807,Summit Trading Company Industries,Chennai,4.18,15
3808,Universal Print Supplies Pvt Ltd,Pune,3.69,4
3809,Prime Raw Materials Solutions,Surat,3.56,14
3810,SilverLine Packaging Materials Enterprises,Nagpur,3.57,4
3811,United Corrugated Products Ltd,Ahmedabad,3.94,3
3812,Summit Manufacturing Co Pvt Ltd,Kolkata,3.66,12
3813,Atlas Chemical Industries Group,Delhi,4.4,14
3814,Everest Trading Company Limited,Delhi,3.76,10
3815,Rapid Packaging Materials Corporation,Chennai,3.83,10
3816,NextGen Packaging Solutions Ltd,Kolkata,4.79,5
3817,Metro Raw Materials Enterprises,Delhi,4.07,8
3818,BlueLine Manufacturing Co Enterprises,Chennai,4.86,14
3819,Global Packaging Materials Industries,Chennai,4.96,7
3820,GreenSource Trading Company Ltd,Bangalore,4.25,11
3821,Pioneer Materials Group Group,Mumbai,3.91,3
3822,NextGen Industrial Supply Group,Nagpur,4.52,15
3823,Frontier Polymers Group,Pune,4.42,8
3824,Apex Print Supplies Solutions,Ahmedabad,3.89,14
3825,NextGen Procurement Services Enterprises,Chennai,3.74,12
3826,NorthStar Procurement Services Industries,Bangalore,3.78,10
3827,Pioneer Adhesives Pvt Ltd,Delhi,4.87,12
3828,Metro Industrial Supply Enterprises,Pune,4.83,8
3829,Vertex Raw Materials Pvt Ltd,Nagpur,3.7,13
3830,SilverLine Manufacturing Co Pvt Ltd,Delhi,4.39,4
3831,Universal Adhesives Enterprises,Chennai,3.56,12
3832,NorthStar Adhesives Enterprises,Chennai,4.15,10
3833,Metro Polymers Enterprises,Delhi,4.74,14
3834,GreenSource Polymers Pvt Ltd,Mumbai,4.15,4
3835,NorthStar Polymers Corporation,Nagpur,4.27,13
3836,Vertex Adhesives Limited,Chennai,3.81,4
3837,Summit Polymers Ltd,Mumbai,3.91,11
3838,Summit Packaging Materials Pvt Ltd,Pune,4.73,4
3839,NextGen Corrugated Products Pvt Ltd,Pune,4.92,5
3840,Universal Adhesives Corporation,Surat,4.49,4
3841,SilverLine Materials Group Pvt Ltd,Hyderabad,4.32,11
3842,Pioneer Procurement Services Corporation,Mumbai,3.66,12
3843,Everest Materials Group Group,Bangalore,4.33,3
3844,Rapid Chemical Industries Corporation,Delhi,4.76,13
3845,Global Industrial Supply Enterprises,Delhi,4.36,11
3846,Pioneer Trading Company Solutions,Chennai,4.75,11
3847,NorthStar Print Supplies Enterprises,Hyderabad,3.92,9
3848,GreenSource Print Supplies Limited,Nagpur,4.15,5
3849,Apex Chemical Industries Pvt Ltd,Pune,4.42,14
3850,Omni Print Supplies Pvt Ltd,Delhi,3.61,5
3851,Global Chemical Industries Limited,Mumbai,3.93,12
3852,BlueLine Materials Group Industries,Pune,3.92,10
3853,Frontier Logistics Supply Limited,Pune,4.21,12
3854,United Packaging Solutions Enterprises,Nagpur,4.41,12
3855,BlueLine Manufacturing Co Limited,Delhi,4.27,6
3856,Everest Packaging Materials Ltd,Mumbai,3.83,9
3857,Omni Procurement Services Ltd,Delhi,4.56,3
3858,Global Adhesives Industries,Delhi,4.31,6
3859,Vertex Procurement Services Industries,Pune,3.51,13
3860,Prime Adhesives Pvt Ltd,Bangalore,3.87,11
3861,Summit Materials Group Ltd,Kolkata,4.33,5
3862,Omni Corrugated Products Pvt Ltd,Nagpur,4.65,3
3863,Prime Trading Company Enterprises,Surat,4.55,5
3864,United Print Supplies Enterprises,Chennai,4.79,5
3865,Vertex Logistics Supply Industries,Surat,4.41,9
3866,Apex Paper Mills Solutions,Hyderabad,4.85,4
3867,Frontier Adhesives Limited,Surat,4.87,15
3868,Rapid Packaging Solutions Enterprises,Ahmedabad,3.66,9
3869,Vertex Chemical Industries Limited,Mumbai,4.96,6
3870,Metro Polymers Pvt Ltd,Chennai,4.85,14
3871,Atlas Packaging Solutions Limited,Surat,4.77,14
3872,Summit Adhesives Pvt Ltd,Ahmedabad,4.61,14
3873,Universal Materials Group Solutions,Kolkata,4.56,15
3874,Global Procurement Services Solutions,Ahmedabad,4.08,13
3875,Prime Procurement Services Group,Nagpur,3.75,13
3876,Vertex Materials Group Limited,Bangalore,3.87,4
3877,Atlas Packaging Solutions Solutions,Nagpur,4.17,9
3878,Everest Trading Company Limited,Kolkata,4.95,9
3879,Zenith Corrugated Products Industries,Surat,4.54,8
3880,Pioneer Packaging Solutions Ltd,Delhi,4.55,9
3881,SilverLine Packaging Materials Enterprises,Surat,4.08,5
3882,Atlas Corrugated Products Group,Nagpur,4.74,5
3883,NorthStar Trading Company Industries,Bangalore,4.43,12
3884,Zenith Logistics Supply Pvt Ltd,Kolkata,3.99,12
3885,BlueLine Polymers Enterprises,Mumbai,4.65,14
3886,GreenSource Logistics Supply Pvt Ltd,Nagpur,4.79,3
3887,United Chemical Industries Solutions,Delhi,4.65,9
3888,Omni Manufacturing Co Corporation,Pune,4.65,12
3889,Atlas Procurement Services Solutions,Mumbai,4.34,11
3890,Atlas Trading Company Corporation,Ahmedabad,3.88,8
3891,Atlas Corrugated Products Corporation,Hyderabad,3.91,11
3892,Apex Print Supplies Corporation,Pune,4.12,6
3893,GreenSource Corrugated Products Solutions,Surat,4.92,8
3894,Apex Procurement Services Limited,Hyderabad,3.94,12
3895,Vertex Industrial Supply Corporation,Bangalore,3.97,15
3896,Atlas Packaging Solutions Enterprises,Mumbai,3.99,5
3897,Everest Corrugated Products Ltd,Delhi,4.1,10
3898,Prime Procurement Services Enterprises,Bangalore,4.33,3
3899,Global Corrugated Products Pvt Ltd,Bangalore,4.3,7
3900,SilverLine Materials Group Limited,Chennai,3.5,11
3901,Zenith Materials Group Industries,Mumbai,3.99,7
3902,Vertex Materials Group Industries,Nagpur,4.39,10
3903,BlueLine Corrugated Products Limited,Surat,4.02,6
3904,Global Packaging Solutions Solutions,Kolkata,4.87,3
3905,Global Paper Mills Ltd,Kolkata,4.58,15
3906,Rapid Raw Materials Group,Chennai,3.53,8
3907,Rapid Chemical Industries Limited,Surat,3.89,12
3908,Apex Corrugated Products Solutions,Surat,4.5,7
3909,Omni Trading Company Ltd,Surat,4.64,14
3910,Global Polymers Limited,Surat,4.21,9
3911,Prime Industrial Supply Limited,Chennai,4.14,14
3912,Everest Industrial Supply Industries,Bangalore,4.88,7
3913,BlueLine Packaging Solutions Ltd,Hyderabad,4.23,13
3914,NorthStar Procurement Services Enterprises,Kolkata,3.75,3
3915,Rapid Packaging Solutions Pvt Ltd,Pune,3.99,8
3916,Atlas Manufacturing Co Enterprises,Ahmedabad,3.71,9
3917,NextGen Packaging Solutions Pvt Ltd,Pune,4.41,8
3918,Summit Paper Mills Corporation,Ahmedabad,4.69,7
3919,Pioneer Chemical Industries Solutions,Hyderabad,3.96,7
3920,NorthStar Adhesives Industries,Nagpur,4.16,5
3921,Everest Corrugated Products Industries,Surat,3.84,3
3922,Pioneer Corrugated Products Limited,Delhi,3.93,14
3923,SilverLine Paper Mills Limited,Delhi,4.55,12
3924,Prime Industrial Supply Industries,Hyderabad,3.69,5
3925,Universal Logistics Supply Limited,Ahmedabad,3.86,15
3926,Metro Polymers Solutions,Ahmedabad,3.74,15
3927,BlueLine Materials Group Industries,Nagpur,4.02,8
3928,NorthStar Materials Group Group,Delhi,3.77,13
3929,GreenSource Packaging Solutions Group,Delhi,4.57,8
3930,Everest Procurement Services Limited,Surat,3.99,8
3931,Atlas Raw Materials Solutions,Pune,3.58,3
3932,Frontier Corrugated Products Ltd,Kolkata,3.96,4
3933,BlueLine Trading Company Solutions,Bangalore,3.9,6
3934,SilverLine Polymers Industries,Kolkata,4.66,7
3935,United Corrugated Products Corporation,Pune,4.75,10
3936,Everest Adhesives Corporation,Nagpur,4.19,7
3937,GreenSource Corrugated Products Industries,Mumbai,4.0,10
3938,Frontier Materials Group Ltd,Chennai,3.79,11
3939,Apex Procurement Services Limited,Pune,4.53,6
3940,Frontier Logistics Supply Pvt Ltd,Hyderabad,4.9,11
3941,Pioneer Materials Group Pvt Ltd,Surat,3.6,15
3942,NextGen Trading Company Solutions,Chennai,3.51,11
3943,Omni Packaging Solutions Group,Pune,3.97,4
3944,United Packaging Materials Corporation,Hyderabad,3.99,13
3945,Apex Logistics Supply Group,Chennai,4.22,15
3946,Frontier Industrial Supply Limited,Surat,4.35,4
3947,SilverLine Procurement Services Solutions,Chennai,3.94,9
3948,Pioneer Raw Materials Solutions,Ahmedabad,4.61,5
3949,Zenith Print Supplies Enterprises,Nagpur,4.9,7
3950,Summit Paper Mills Enterprises,Delhi,4.38,12
3951,BlueLine Logistics Supply Enterprises,Hyderabad,3.89,8
3952,Prime Manufacturing Co Ltd,Mumbai,3.67,11
3953,Atlas Materials Group Group,Ahmedabad,3.84,3
3954,Vertex Logistics Supply Industries,Kolkata,3.75,14
3955,Universal Materials Group Enterprises,Surat,3.94,7
3956,NextGen Polymers Corporation,Hyderabad,3.92,11
3957,Frontier Chemical Industries Solutions,Nagpur,4.06,5
3958,Vertex Logistics Supply Group,Ahmedabad,3.99,14
3959,Zenith Adhesives Pvt Ltd,Surat,4.61,12
3960,Prime Packaging Solutions Pvt Ltd,Pune,4.16,12
3961,United Packaging Materials Limited,Delhi,3.95,11
3962,Apex Polymers Solutions,Pune,4.19,8
3963,Zenith Materials Group Corporation,Bangalore,4.89,15
3964,Everest Print Supplies Corporation,Chennai,4.14,15
3965,NextGen Materials Group Enterprises,Surat,3.66,5
3966,Apex Polymers Ltd,Chennai,4.29,8
3967,Omni Corrugated Products Limited,Pune,4.37,12
3968,Pioneer Corrugated Products Limited,Bangalore,4.92,8
3969,Zenith Industrial Supply Ltd,Nagpur,4.49,14
3970,Zenith Polymers Pvt Ltd,Pune,4.17,12
3971,Prime Adhesives Group,Delhi,4.34,9
3972,Omni Manufacturing Co Industries,Chennai,4.73,8
3973,Universal Polymers Group,Surat,4.31,3
3974,United Packaging Materials Ltd,Kolkata,3.79,13
3975,Rapid Industrial Supply Limited,Pune,4.36,15
3976,Zenith Raw Materials Ltd,Chennai,4.94,11
3977,Metro Corrugated Products Solutions,Bangalore,3.7,8
3978,SilverLine Raw Materials Industries,Hyderabad,3.56,3
3979,Frontier Adhesives Limited,Surat,4.58,3
3980,GreenSource Adhesives Ltd,Delhi,3.95,14
3981,United Paper Mills Enterprises,Pune,4.86,14
3982,Frontier Trading Company Industries,Hyderabad,4.64,5
3983,United Raw Materials Industries,Kolkata,4.26,12
3984,Rapid Manufacturing Co Industries,Chennai,4.03,15
3985,Atlas Industrial Supply Ltd,Kolkata,4.32,15
3986,Omni Raw Materials Group,Bangalore,4.18,6
3987,Universal Polymers Group,Hyderabad,4.73,6
3988,Zenith Trading Company Pvt Ltd,Kolkata,4.02,4
3989,Everest Procurement Services Corporation,Chennai,4.09,13
3990,Atlas Industrial Supply Pvt Ltd,Surat,4.87,10
3991,Pioneer Packaging Solutions Solutions,Mumbai,4.78,11
3992,Atlas Procurement Services Enterprises,Hyderabad,3.51,6
3993,GreenSource Packaging Solutions Limited,Hyderabad,4.71,7
3994,Universal Corrugated Products Enterprises,Pune,3.55,4
3995,Atlas Packaging Materials Solutions,Kolkata,4.45,6
3996,NorthStar Materials Group Corporation,Hyderabad,4.74,3
3997,SilverLine Raw Materials Ltd,Chennai,4.5,11
3998,Global Packaging Solutions Solutions,Chennai,3.51,5
3999,Pioneer Procurement Services Industries,Hyderabad,3.7,11
4000,Everest Chemical Industries Corporation,Bangalore,4.18,11
4001,Zenith Paper Mills Group,Chennai,4.89,12
4002,Omni Manufacturing Co Ltd,Hyderabad,4.24,7
4003,Atlas Polymers Ltd,Nagpur,3.76,11
4004,Vertex Print Supplies Corporation,Nagpur,4.26,15
4005,BlueLine Corrugated Products Group,Kolkata,3.67,14
4006,Summit Corrugated Products Group,Surat,4.62,10
4007,Metro Corrugated Products Solutions,Pune,4.18,6
4008,Global Polymers Enterprises,Surat,4.94,4
4009,Everest Print Supplies Enterprises,Bangalore,4.66,15
4010,Prime Paper Mills Corporation,Chennai,4.39,15
4011,Frontier Logistics Supply Limited,Surat,4.24,11
4012,Pioneer Trading Company Group,Surat,3.83,6
4013,Apex Procurement Services Corporation,Ahmedabad,4.17,7
4014,Everest Paper Mills Ltd,Nagpur,3.52,4
4015,SilverLine Paper Mills Enterprises,Mumbai,3.78,5
4016,Rapid Packaging Solutions Group,Bangalore,4.68,3
4017,BlueLine Raw Materials Pvt Ltd,Chennai,4.84,12
4018,Prime Packaging Materials Group,Ahmedabad,4.19,3
4019,BlueLine Print Supplies Corporation,Pune,3.53,14
4020,Pioneer Packaging Materials Corporation,Pune,4.35,5
4021,BlueLine Adhesives Industries,Surat,4.46,3
4022,Atlas Trading Company Corporation,Pune,4.93,5
4023,Metro Print Supplies Corporation,Surat,4.93,3
4024,Zenith Packaging Materials Solutions,Delhi,4.62,7
4025,Zenith Procurement Services Industries,Delhi,3.77,4
4026,Pioneer Corrugated Products Corporation,Delhi,3.78,3
4027,BlueLine Corrugated Products Industries,Delhi,4.13,4
4028,Vertex Corrugated Products Ltd,Mumbai,3.79,9
4029,Frontier Procurement Services Limited,Hyderabad,3.82,10
4030,Global Packaging Solutions Enterprises,Ahmedabad,4.54,5
4031,Prime Logistics Supply Pvt Ltd,Mumbai,3.55,8
4032,Summit Procurement Services Enterprises,Delhi,3.61,8
4033,Apex Procurement Services Ltd,Mumbai,4.01,10
4034,Atlas Adhesives Ltd,Mumbai,3.64,6
4035,Metro Adhesives Ltd,Mumbai,4.7,6
4036,Atlas Trading Company Limited,Chennai,4.63,3
4037,United Packaging Solutions Pvt Ltd,Pune,3.66,11
4038,Rapid Manufacturing Co Ltd,Surat,4.21,4
4039,Rapid Trading Company Pvt Ltd,Delhi,3.68,15
4040,BlueLine Adhesives Corporation,Hyderabad,4.69,10
4041,Everest Manufacturing Co Pvt Ltd,Surat,4.71,4
4042,Pioneer Corrugated Products Ltd,Ahmedabad,3.89,6
4043,Omni Industrial Supply Pvt Ltd,Chennai,4.64,7
4044,Metro Packaging Solutions Group,Delhi,3.64,9
4045,Global Packaging Solutions Group,Delhi,3.82,12
4046,BlueLine Print Supplies Limited,Delhi,4.93,13
4047,Global Manufacturing Co Corporation,Bangalore,4.61,10
4048,Pioneer Logistics Supply Pvt Ltd,Hyderabad,4.43,6
4049,NextGen Procurement Services Group,Kolkata,3.64,5
4050,Pioneer Procurement Services Limited,Ahmedabad,4.4,7
4051,Vertex Industrial Supply Pvt Ltd,Bangalore,4.92,14
4052,SilverLine Manufacturing Co Group,Pune,4.07,5
4053,Everest Raw Materials Limited,Kolkata,4.93,11
4054,Zenith Logistics Supply Limited,Delhi,4.71,11
4055,Rapid Print Supplies Corporation,Nagpur,4.7,9
4056,BlueLine Trading Company Enterprises,Surat,4.51,5
4057,Apex Trading Company Enterprises,Mumbai,4.86,11
4058,Frontier Chemical Industries Corporation,Ahmedabad,3.89,11
4059,Summit Trading Company Limited,Nagpur,3.66,3
4060,Pioneer Chemical Industries Pvt Ltd,Pune,4.16,3
4061,Prime Procurement Services Industries,Hyderabad,4.41,14
4062,Metro Corrugated Products Industries,Kolkata,4.97,7
4063,Vertex Chemical Industries Enterprises,Bangalore,4.17,3
4064,Frontier Packaging Solutions Limited,Chennai,4.36,11
4065,Omni Adhesives Corporation,Hyderabad,3.78,14
4066,Global Packaging Solutions Limited,Delhi,3.8,14
4067,Pioneer Polymers Pvt Ltd,Mumbai,4.04,8
4068,Global Logistics Supply Industries,Chennai,3.5,3
4069,Global Materials Group Enterprises,Chennai,4.69,14
4070,Rapid Trading Company Industries,Nagpur,3.67,3
4071,Global Materials Group Limited,Pune,3.88,9
4072,Global Industrial Supply Limited,Hyderabad,4.35,14
4073,Metro Corrugated Products Industries,Delhi,4.53,6
4074,United Packaging Materials Solutions,Nagpur,3.57,3
4075,Vertex Print Supplies Group,Bangalore,4.31,4
4076,Vertex Procurement Services Solutions,Bangalore,4.08,3
4077,Prime Industrial Supply Corporation,Chennai,3.87,4
4078,Everest Packaging Materials Industries,Ahmedabad,3.62,4
4079,Frontier Logistics Supply Limited,Kolkata,3.64,12
4080,Vertex Polymers Group,Bangalore,3.99,5
4081,Zenith Print Supplies Corporation,Delhi,4.96,6
4082,BlueLine Print Supplies Ltd,Pune,4.04,8
4083,Summit Chemical Industries Enterprises,Hyderabad,3.54,8
4084,Rapid Manufacturing Co Corporation,Bangalore,4.37,14
4085,BlueLine Corrugated Products Enterprises,Hyderabad,4.16,14
4086,Prime Raw Materials Ltd,Surat,3.71,13
4087,Global Print Supplies Pvt Ltd,Surat,4.87,14
4088,Frontier Packaging Solutions Pvt Ltd,Chennai,4.27,12
4089,GreenSource Industrial Supply Pvt Ltd,Hyderabad,3.71,11
4090,SilverLine Materials Group Limited,Ahmedabad,3.89,8
4091,Metro Trading Company Industries,Kolkata,4.46,6
4092,Omni Chemical Industries Pvt Ltd,Chennai,4.02,10
4093,Global Industrial Supply Corporation,Pune,3.74,4
4094,Vertex Packaging Solutions Group,Pune,4.32,13
4095,Omni Raw Materials Pvt Ltd,Kolkata,4.02,3
4096,GreenSource Polymers Enterprises,Pune,4.83,3
4097,United Manufacturing Co Pvt Ltd,Chennai,3.58,9
4098,Omni Industrial Supply Ltd,Pune,3.69,6
4099,Frontier Packaging Solutions Solutions,Pune,3.54,14
4100,NextGen Paper Mills Pvt Ltd,Nagpur,4.6,13
4101,Omni Raw Materials Group,Pune,3.69,13
4102,BlueLine Materials Group Group,Mumbai,4.25,9
4103,Omni Print Supplies Group,Chennai,4.93,15
4104,BlueLine Chemical Industries Enterprises,Mumbai,4.96,7
4105,NextGen Logistics Supply Pvt Ltd,Ahmedabad,4.13,6
4106,GreenSource Procurement Services Ltd,Pune,4.43,8
4107,Summit Industrial Supply Group,Ahmedabad,4.58,15
4108,Apex Packaging Materials Corporation,Ahmedabad,4.77,7
4109,Summit Adhesives Enterprises,Pune,4.24,9
4110,Vertex Packaging Solutions Pvt Ltd,Kolkata,4.64,14
4111,Metro Corrugated Products Solutions,Delhi,4.09,3
4112,Frontier Procurement Services Enterprises,Hyderabad,4.9,14
4113,Rapid Packaging Solutions Pvt Ltd,Bangalore,4.98,12
4114,United Logistics Supply Enterprises,Surat,4.16,7
4115,Atlas Chemical Industries Solutions,Ahmedabad,4.74,13
4116,NextGen Manufacturing Co Ltd,Chennai,4.04,3
4117,Omni Logistics Supply Limited,Surat,3.95,12
4118,Pioneer Chemical Industries Pvt Ltd,Delhi,3.85,7
4119,Apex Chemical Industries Ltd,Bangalore,4.59,14
4120,Rapid Materials Group Pvt Ltd,Pune,3.73,8
4121,Omni Corrugated Products Corporation,Nagpur,4.61,8
4122,NextGen Adhesives Corporation,Nagpur,4.68,3
4123,Rapid Polymers Corporation,Bangalore,4.46,4
4124,Everest Raw Materials Solutions,Chennai,4.32,4
4125,Frontier Packaging Solutions Solutions,Chennai,3.5,13
4126,Omni Paper Mills Corporation,Chennai,4.01,12
4127,GreenSource Materials Group Pvt Ltd,Pune,4.29,7
4128,Zenith Print Supplies Enterprises,Surat,3.53,9
4129,Rapid Chemical Industries Ltd,Kolkata,4.77,4
4130,Prime Packaging Solutions Limited,Delhi,4.72,8
4131,GreenSource Paper Mills Corporation,Pune,4.7,5
4132,Summit Corrugated Products Ltd,Pune,4.56,3
4133,GreenSource Manufacturing Co Enterprises,Mumbai,4.74,6
4134,Pioneer Packaging Solutions Limited,Surat,4.08,3
4135,Apex Packaging Solutions Ltd,Chennai,3.66,10
4136,Vertex Corrugated Products Ltd,Pune,3.63,7
4137,Prime Industrial Supply Industries,Bangalore,4.88,10
4138,Everest Paper Mills Limited,Ahmedabad,4.62,12
4139,United Print Supplies Enterprises,Mumbai,4.67,4
4140,Rapid Logistics Supply Pvt Ltd,Kolkata,4.53,12
4141,Prime Packaging Materials Corporation,Pune,4.37,7
4142,United Corrugated Products Group,Kolkata,4.88,13
4143,Everest Raw Materials Industries,Ahmedabad,4.01,8
4144,Frontier Packaging Solutions Limited,Mumbai,4.21,5
4145,Vertex Materials Group Solutions,Surat,4.62,10
4146,Metro Print Supplies Solutions,Nagpur,4.64,14
4147,Summit Trading Company Limited,Hyderabad,3.66,3
4148,Vertex Packaging Materials Limited,Nagpur,4.2,5
4149,Metro Logistics Supply Industries,Nagpur,4.82,12
4150,Rapid Chemical Industries Solutions,Ahmedabad,4.66,11
4151,Apex Trading Company Group,Chennai,3.56,9
4152,Vertex Corrugated Products Limited,Mumbai,3.77,7
4153,Vertex Industrial Supply Group,Kolkata,4.2,11
4154,Prime Industrial Supply Pvt Ltd,Bangalore,4.5,7
4155,Apex Print Supplies Pvt Ltd,Chennai,4.81,5
4156,NextGen Corrugated Products Limited,Hyderabad,4.38,15
4157,Rapid Manufacturing Co Enterprises,Surat,4.03,10
4158,BlueLine Procurement Services Solutions,Mumbai,4.08,10
4159,SilverLine Raw Materials Enterprises,Nagpur,4.54,6
4160,Zenith Corrugated Products Group,Delhi,3.63,3
4161,Everest Corrugated Products Enterprises,Bangalore,4.74,9
4162,Universal Industrial Supply Solutions,Mumbai,3.83,8
4163,Prime Corrugated Products Corporation,Delhi,3.92,6
4164,Everest Manufacturing Co Industries,Nagpur,3.71,11
4165,GreenSource Materials Group Limited,Chennai,3.54,7
4166,Everest Packaging Materials Enterprises,Nagpur,4.71,4
4167,Global Adhesives Industries,Mumbai,3.72,8
4168,Universal Procurement Services Solutions,Kolkata,4.65,14
4169,Vertex Procurement Services Corporation,Hyderabad,4.57,6
4170,Summit Polymers Group,Chennai,3.96,4
4171,Universal Industrial Supply Group,Mumbai,4.73,15
4172,BlueLine Logistics Supply Solutions,Hyderabad,3.89,5
4173,Pioneer Materials Group Enterprises,Pune,3.98,6
4174,Vertex Adhesives Group,Pune,3.71,15
4175,Universal Logistics Supply Solutions,Ahmedabad,3.99,4
4176,Metro Paper Mills Group,Nagpur,4.25,4
4177,NorthStar Adhesives Corporation,Delhi,4.06,13
4178,Prime Print Supplies Solutions,Delhi,3.84,9
4179,Global Packaging Solutions Corporation,Bangalore,4.15,14
4180,SilverLine Print Supplies Corporation,Hyderabad,4.66,10
4181,Metro Industrial Supply Group,Pune,4.16,3
4182,United Paper Mills Ltd,Surat,4.2,8
4183,Rapid Print Supplies Corporation,Ahmedabad,4.3,13
4184,Summit Trading Company Ltd,Chennai,3.65,8
4185,GreenSource Paper Mills Ltd,Delhi,4.83,7
4186,Universal Corrugated Products Corporation,Surat,4.77,14
4187,United Polymers Pvt Ltd,Hyderabad,3.57,12
4188,NextGen Adhesives Corporation,Hyderabad,4.53,9
4189,Metro Logistics Supply Solutions,Delhi,4.33,7
4190,Prime Trading Company Enterprises,Hyderabad,3.88,3
4191,United Polymers Enterprises,Chennai,3.72,4
4192,Apex Adhesives Industries,Surat,4.95,9
4193,Pioneer Procurement Services Pvt Ltd,Kolkata,4.41,6
4194,Frontier Procurement Services Solutions,Nagpur,3.58,13
4195,Global Print Supplies Corporation,Surat,4.88,11
4196,Rapid Manufacturing Co Industries,Delhi,3.59,8
4197,SilverLine Print Supplies Industries,Bangalore,3.51,15
4198,Global Polymers Pvt Ltd,Ahmedabad,3.8,9
4199,Universal Logistics Supply Group,Nagpur,4.78,9
4200,BlueLine Print Supplies Ltd,Kolkata,3.79,13
4201,NorthStar Procurement Services Solutions,Mumbai,4.61,11
4202,Atlas Logistics Supply Solutions,Ahmedabad,4.57,8
4203,BlueLine Packaging Solutions Enterprises,Pune,4.38,3
4204,Summit Corrugated Products Corporation,Delhi,4.77,10
4205,Apex Corrugated Products Enterprises,Delhi,4.18,6
4206,NextGen Industrial Supply Pvt Ltd,Delhi,4.92,5
4207,Pioneer Raw Materials Limited,Pune,4.75,8
4208,Pioneer Procurement Services Limited,Ahmedabad,3.66,5
4209,Prime Print Supplies Corporation,Delhi,4.43,11
4210,SilverLine Raw Materials Corporation,Bangalore,4.76,9
4211,Zenith Materials Group Industries,Mumbai,4.06,4
4212,Omni Manufacturing Co Ltd,Chennai,4.38,15
4213,NextGen Packaging Solutions Ltd,Delhi,4.62,12
4214,Vertex Industrial Supply Limited,Bangalore,3.78,9
4215,BlueLine Trading Company Limited,Mumbai,4.13,3
4216,Universal Trading Company Solutions,Mumbai,4.88,15
4217,Universal Procurement Services Industries,Ahmedabad,4.83,3
4218,NorthStar Polymers Ltd,Mumbai,3.94,6
4219,Apex Packaging Solutions Enterprises,Ahmedabad,3.78,7
4220,Rapid Manufacturing Co Industries,Pune,4.79,10
4221,NextGen Manufacturing Co Corporation,Ahmedabad,4.15,6
4222,Vertex Industrial Supply Industries,Nagpur,3.55,9
4223,NorthStar Chemical Industries Ltd,Delhi,4.82,12
4224,Atlas Corrugated Products Group,Pune,4.55,6
4225,Atlas Paper Mills Pvt Ltd,Ahmedabad,4.55,15
4226,Pioneer Packaging Solutions Limited,Delhi,4.84,4
4227,Rapid Paper Mills Group,Mumbai,3.95,15
4228,Zenith Corrugated Products Enterprises,Mumbai,3.69,9
4229,Omni Trading Company Enterprises,Kolkata,4.74,10
4230,NextGen Materials Group Corporation,Kolkata,4.97,12
4231,Pioneer Chemical Industries Group,Mumbai,4.18,3
4232,Frontier Corrugated Products Enterprises,Bangalore,4.72,9
4233,Pioneer Adhesives Enterprises,Mumbai,3.75,11
4234,Global Polymers Limited,Nagpur,4.94,5
4235,Atlas Industrial Supply Pvt Ltd,Delhi,4.66,8
4236,GreenSource Logistics Supply Industries,Nagpur,3.55,7
4237,Vertex Manufacturing Co Ltd,Nagpur,3.84,5
4238,SilverLine Paper Mills Industries,Chennai,3.76,5
4239,Summit Adhesives Limited,Mumbai,3.73,8
4240,NorthStar Adhesives Ltd,Pune,4.43,14
4241,Summit Adhesives Corporation,Kolkata,4.69,13
4242,Prime Paper Mills Enterprises,Nagpur,4.26,11
4243,Vertex Chemical Industries Industries,Nagpur,3.79,15
4244,Summit Paper Mills Pvt Ltd,Bangalore,4.77,9
4245,NextGen Manufacturing Co Enterprises,Delhi,3.51,11
4246,Global Adhesives Industries,Pune,3.69,15
4247,BlueLine Print Supplies Corporation,Pune,3.74,12
4248,Prime Trading Company Group,Nagpur,4.09,12
4249,Atlas Manufacturing Co Pvt Ltd,Mumbai,3.68,6
4250,Pioneer Procurement Services Industries,Pune,4.22,7
4251,Zenith Adhesives Corporation,Delhi,3.6,3
4252,Rapid Packaging Solutions Corporation,Pune,4.35,10
4253,NorthStar Manufacturing Co Limited,Nagpur,3.7,9
4254,United Raw Materials Industries,Pune,4.22,6
4255,Rapid Packaging Solutions Enterprises,Bangalore,4.21,5
4256,Frontier Polymers Enterprises,Bangalore,4.07,5
4257,Global Logistics Supply Enterprises,Pune,4.17,15
4258,Summit Industrial Supply Ltd,Nagpur,4.39,13
4259,Vertex Logistics Supply Corporation,Kolkata,4.81,7
4260,Prime Paper Mills Pvt Ltd,Pune,3.59,14
4261,Summit Corrugated Products Group,Kolkata,3.51,4
4262,BlueLine Paper Mills Pvt Ltd,Pune,4.37,4
4263,GreenSource Paper Mills Ltd,Surat,4.78,10
4264,Zenith Trading Company Pvt Ltd,Bangalore,4.2,5
4265,SilverLine Packaging Materials Corporation,Delhi,3.73,4
4266,Frontier Materials Group Industries,Bangalore,4.44,13
4267,NorthStar Packaging Materials Limited,Nagpur,3.77,3
4268,GreenSource Print Supplies Solutions,Ahmedabad,3.56,10
4269,Rapid Corrugated Products Industries,Chennai,4.82,15
4270,NextGen Manufacturing Co Enterprises,Kolkata,3.64,12
4271,Prime Packaging Solutions Group,Ahmedabad,4.57,13
4272,GreenSource Procurement Services Corporation,Mumbai,4.83,8
4273,Frontier Print Supplies Group,Surat,4.3,14
4274,Vertex Packaging Solutions Group,Hyderabad,4.57,10
4275,Metro Procurement Services Pvt Ltd,Mumbai,4.61,7
4276,Rapid Trading Company Pvt Ltd,Nagpur,4.67,8
4277,GreenSource Logistics Supply Industries,Kolkata,4.61,4
4278,Zenith Procurement Services Pvt Ltd,Surat,3.74,5
4279,SilverLine Industrial Supply Limited,Surat,3.78,14
4280,Rapid Packaging Solutions Corporation,Ahmedabad,3.76,9
4281,Apex Manufacturing Co Corporation,Delhi,4.47,4
4282,NextGen Print Supplies Pvt Ltd,Chennai,4.88,4
4283,GreenSource Manufacturing Co Pvt Ltd,Nagpur,3.52,3
4284,Atlas Packaging Materials Enterprises,Hyderabad,3.76,14
4285,United Industrial Supply Pvt Ltd,Hyderabad,4.1,7
4286,NorthStar Corrugated Products Ltd,Nagpur,4.04,6
4287,NextGen Raw Materials Solutions,Bangalore,4.47,3
4288,Summit Manufacturing Co Limited,Mumbai,4.61,4
4289,Zenith Paper Mills Industries,Kolkata,4.64,11
4290,Atlas Packaging Solutions Pvt Ltd,Delhi,3.95,10
4291,Universal Raw Materials Industries,Hyderabad,4.78,14
4292,Prime Procurement Services Ltd,Surat,3.72,10
4293,Prime Adhesives Enterprises,Bangalore,4.1,13
4294,Omni Corrugated Products Ltd,Ahmedabad,4.96,5
4295,Rapid Chemical Industries Industries,Surat,4.57,8
4296,Global Industrial Supply Group,Chennai,4.19,6
4297,BlueLine Procurement Services Limited,Ahmedabad,4.74,13
4298,Metro Corrugated Products Industries,Pune,3.81,6
4299,Omni Raw Materials Ltd,Nagpur,3.89,14
4300,Universal Procurement Services Corporation,Delhi,4.91,14
4301,Everest Procurement Services Group,Bangalore,4.85,7
4302,Everest Logistics Supply Industries,Ahmedabad,3.77,10
4303,Rapid Materials Group Group,Ahmedabad,4.93,15
4304,Prime Procurement Services Industries,Bangalore,4.41,5
4305,Atlas Industrial Supply Corporation,Hyderabad,4.71,10
4306,NorthStar Corrugated Products Group,Pune,4.27,10
4307,Global Raw Materials Solutions,Nagpur,4.42,6
4308,NextGen Chemical Industries Pvt Ltd,Mumbai,4.82,7
4309,Vertex Paper Mills Solutions,Bangalore,3.9,7
4310,Universal Print Supplies Solutions,Delhi,3.83,8
4311,Omni Print Supplies Group,Chennai,4.25,9
4312,Zenith Chemical Industries Solutions,Nagpur,4.64,3
4313,NextGen Adhesives Corporation,Surat,4.05,6
4314,Rapid Corrugated Products Pvt Ltd,Hyderabad,4.34,3
4315,BlueLine Packaging Materials Solutions,Delhi,3.8,9
4316,BlueLine Raw Materials Ltd,Mumbai,4.39,6
4317,Frontier Corrugated Products Group,Kolkata,4.22,7
4318,NextGen Raw Materials Enterprises,Bangalore,3.85,15
4319,Zenith Manufacturing Co Ltd,Mumbai,4.37,6
4320,Pioneer Materials Group Limited,Bangalore,4.51,3
4321,GreenSource Trading Company Enterprises,Pune,3.94,10
4322,Frontier Logistics Supply Corporation,Bangalore,3.82,3
4323,Rapid Packaging Materials Enterprises,Pune,4.31,10
4324,SilverLine Logistics Supply Enterprises,Bangalore,4.84,10
4325,Metro Polymers Enterprises,Chennai,4.11,15
4326,Universal Adhesives Corporation,Pune,4.28,11
4327,Atlas Manufacturing Co Ltd,Mumbai,3.72,10
4328,NextGen Manufacturing Co Limited,Mumbai,4.67,7
4329,NorthStar Industrial Supply Solutions,Surat,4.08,7
4330,Summit Adhesives Enterprises,Hyderabad,3.55,3
4331,Summit Packaging Materials Industries,Ahmedabad,3.9,9
4332,Zenith Materials Group Industries,Chennai,3.54,10
4333,United Polymers Industries,Mumbai,4.73,10
4334,Everest Materials Group Pvt Ltd,Delhi,4.6,9
4335,Omni Logistics Supply Solutions,Nagpur,4.46,15
4336,Universal Manufacturing Co Ltd,Surat,4.18,13
4337,Frontier Procurement Services Group,Chennai,4.25,8
4338,Atlas Print Supplies Ltd,Hyderabad,4.21,6
4339,Zenith Procurement Services Industries,Bangalore,4.52,5
4340,Frontier Packaging Materials Solutions,Hyderabad,3.54,8
4341,NorthStar Corrugated Products Ltd,Bangalore,4.36,5
4342,Everest Packaging Materials Solutions,Mumbai,3.89,11
4343,Omni Print Supplies Limited,Surat,4.8,13
4344,United Industrial Supply Enterprises,Hyderabad,3.81,3
4345,Universal Procurement Services Pvt Ltd,Nagpur,4.9,13
4346,Global Trading Company Industries,Nagpur,4.37,15
4347,Frontier Corrugated Products Limited,Nagpur,4.72,5
4348,Pioneer Raw Materials Pvt Ltd,Hyderabad,4.55,15
4349,Apex Print Supplies Industries,Ahmedabad,3.64,14
4350,Global Materials Group Enterprises,Bangalore,4.42,5
4351,Rapid Manufacturing Co Corporation,Delhi,3.55,14
4352,Zenith Materials Group Industries,Pune,4.51,6
4353,NorthStar Chemical Industries Ltd,Pune,3.92,15
4354,Zenith Manufacturing Co Enterprises,Ahmedabad,3.54,9
4355,Atlas Packaging Solutions Limited,Nagpur,4.01,11
4356,United Paper Mills Ltd,Kolkata,3.89,12
4357,Frontier Packaging Solutions Corporation,Chennai,4.34,11
4358,BlueLine Polymers Industries,Mumbai,4.55,15
4359,Universal Trading Company Limited,Hyderabad,4.21,3
4360,Rapid Polymers Enterprises,Bangalore,4.49,13
4361,Everest Adhesives Ltd,Pune,4.07,7
4362,Zenith Logistics Supply Pvt Ltd,Surat,3.64,3
4363,Apex Trading Company Ltd,Pune,4.21,12
4364,Metro Procurement Services Corporation,Mumbai,4.17,3
4365,Apex Industrial Supply Ltd,Surat,4.46,4
4366,United Packaging Solutions Enterprises,Delhi,4.29,12
4367,Omni Materials Group Pvt Ltd,Bangalore,4.75,11
4368,NorthStar Print Supplies Ltd,Mumbai,4.19,11
4369,Frontier Polymers Group,Nagpur,3.78,13
4370,United Polymers Corporation,Pune,3.61,11
4371,Global Procurement Services Limited,Nagpur,4.83,9
4372,Everest Packaging Solutions Solutions,Hyderabad,4.09,3
4373,Vertex Industrial Supply Pvt Ltd,Mumbai,3.86,4
4374,United Industrial Supply Pvt Ltd,Hyderabad,3.79,7
4375,BlueLine Chemical Industries Industries,Kolkata,4.7,9
4376,NextGen Polymers Corporation,Kolkata,5.0,13
4377,Pioneer Logistics Supply Ltd,Pune,3.77,14
4378,GreenSource Print Supplies Pvt Ltd,Bangalore,3.74,8
4379,Apex Procurement Services Ltd,Nagpur,3.64,5
4380,Summit Trading Company Group,Chennai,3.51,11
4381,BlueLine Manufacturing Co Solutions,Hyderabad,4.73,14
4382,Prime Paper Mills Enterprises,Ahmedabad,3.5,15
4383,GreenSource Paper Mills Enterprises,Kolkata,3.7,15
4384,GreenSource Industrial Supply Group,Kolkata,3.83,15
4385,Omni Chemical Industries Limited,Surat,4.72,15
4386,SilverLine Print Supplies Corporation,Mumbai,4.96,9
4387,BlueLine Corrugated Products Pvt Ltd,Pune,4.03,14
4388,Zenith Trading Company Solutions,Chennai,4.28,7
4389,Rapid Procurement Services Pvt Ltd,Chennai,4.94,6
4390,Omni Industrial Supply Enterprises,Hyderabad,4.71,12
4391,Atlas Materials Group Enterprises,Bangalore,4.38,5
4392,SilverLine Manufacturing Co Corporation,Nagpur,4.72,13
4393,NextGen Packaging Solutions Ltd,Bangalore,3.78,11
4394,Rapid Packaging Solutions Pvt Ltd,Hyderabad,4.35,5
4395,Global Procurement Services Enterprises,Hyderabad,3.61,10
4396,Zenith Manufacturing Co Enterprises,Delhi,3.78,8
4397,Rapid Manufacturing Co Pvt Ltd,Nagpur,4.87,12
4398,Vertex Paper Mills Industries,Kolkata,4.63,14
4399,Pioneer Corrugated Products Enterprises,Surat,4.27,14
4400,Pioneer Trading Company Pvt Ltd,Kolkata,4.87,9
4401,Global Chemical Industries Limited,Chennai,3.88,5
4402,Prime Materials Group Corporation,Nagpur,4.72,4
4403,NorthStar Paper Mills Industries,Nagpur,3.63,5
4404,Rapid Industrial Supply Ltd,Mumbai,4.85,7
4405,GreenSource Industrial Supply Solutions,Hyderabad,3.72,12
4406,Universal Print Supplies Corporation,Chennai,4.78,7
4407,Zenith Raw Materials Industries,Bangalore,3.68,6
4408,Frontier Print Supplies Solutions,Kolkata,3.73,13
4409,Vertex Trading Company Pvt Ltd,Mumbai,4.39,11
4410,Omni Polymers Group,Hyderabad,3.95,14
4411,Metro Chemical Industries Ltd,Kolkata,4.43,14
4412,Metro Industrial Supply Pvt Ltd,Chennai,4.01,6
4413,Global Manufacturing Co Solutions,Hyderabad,4.14,15
4414,Everest Manufacturing Co Corporation,Surat,4.86,9
4415,Metro Logistics Supply Ltd,Kolkata,4.1,5
4416,Global Raw Materials Solutions,Kolkata,3.87,3
4417,United Manufacturing Co Enterprises,Hyderabad,3.65,11
4418,Omni Manufacturing Co Group,Ahmedabad,3.73,15
4419,GreenSource Corrugated Products Ltd,Bangalore,3.87,7
4420,Pioneer Chemical Industries Limited,Delhi,3.98,4
4421,Apex Trading Company Group,Hyderabad,3.65,3
4422,Pioneer Trading Company Solutions,Chennai,4.46,4
4423,Pioneer Adhesives Ltd,Chennai,4.13,15
4424,Zenith Print Supplies Pvt Ltd,Mumbai,3.72,8
4425,Atlas Packaging Materials Limited,Nagpur,3.8,10
4426,Apex Paper Mills Solutions,Mumbai,3.78,14
4427,NextGen Print Supplies Corporation,Bangalore,3.91,10
4428,GreenSource Materials Group Ltd,Bangalore,4.24,3
4429,United Packaging Materials Enterprises,Delhi,4.66,8
4430,Universal Logistics Supply Ltd,Ahmedabad,4.12,4
4431,Atlas Raw Materials Solutions,Mumbai,4.97,14
4432,Vertex Corrugated Products Group,Pune,4.22,6
4433,NextGen Corrugated Products Group,Pune,3.9,9
4434,Apex Chemical Industries Ltd,Nagpur,4.72,11
4435,SilverLine Materials Group Ltd,Kolkata,4.02,14
4436,Universal Packaging Materials Limited,Kolkata,4.84,10
4437,BlueLine Chemical Industries Enterprises,Kolkata,3.87,13
4438,Everest Logistics Supply Enterprises,Mumbai,4.47,10
4439,Global Industrial Supply Corporation,Mumbai,4.38,15
4440,Global Packaging Materials Corporation,Kolkata,4.84,4
4441,Vertex Chemical Industries Ltd,Chennai,4.41,15
4442,Vertex Packaging Solutions Pvt Ltd,Pune,4.71,3
4443,Apex Manufacturing Co Enterprises,Hyderabad,4.65,15
4444,Prime Paper Mills Group,Surat,4.33,13
4445,BlueLine Polymers Ltd,Ahmedabad,4.3,3
4446,Metro Procurement Services Group,Delhi,4.41,8
4447,Universal Logistics Supply Enterprises,Bangalore,4.54,14
4448,Atlas Paper Mills Industries,Chennai,4.01,9
4449,Metro Paper Mills Ltd,Chennai,4.41,10
4450,GreenSource Chemical Industries Ltd,Surat,4.86,3
4451,Omni Trading Company Ltd,Surat,4.58,12
4452,Vertex Trading Company Ltd,Nagpur,3.75,13
4453,Everest Manufacturing Co Limited,Surat,4.76,14
4454,GreenSource Corrugated Products Industries,Pune,3.64,13
4455,Metro Print Supplies Enterprises,Hyderabad,3.65,8
4456,Vertex Chemical Industries Group,Surat,3.57,5
4457,Rapid Paper Mills Pvt Ltd,Pune,3.67,13
4458,Rapid Industrial Supply Corporation,Ahmedabad,4.7,13
4459,NextGen Packaging Solutions Ltd,Kolkata,3.84,10
4460,Global Trading Company Solutions,Bangalore,4.05,7
4461,GreenSource Trading Company Ltd,Surat,4.52,13
4462,Metro Logistics Supply Industries,Pune,4.17,4
4463,GreenSource Procurement Services Limited,Nagpur,4.36,14
4464,Summit Manufacturing Co Corporation,Hyderabad,4.81,10
4465,Rapid Procurement Services Pvt Ltd,Hyderabad,3.77,8
4466,Zenith Procurement Services Ltd,Kolkata,3.85,3
4467,Metro Packaging Materials Enterprises,Pune,4.61,7
4468,Global Packaging Solutions Group,Ahmedabad,4.72,10
4469,Global Paper Mills Enterprises,Surat,4.1,8
4470,Prime Procurement Services Industries,Mumbai,4.09,6
4471,Omni Corrugated Products Ltd,Kolkata,3.57,14
4472,Frontier Logistics Supply Limited,Hyderabad,3.9,3
4473,Atlas Materials Group Limited,Mumbai,4.79,12
4474,Prime Manufacturing Co Limited,Delhi,3.59,14
4475,Summit Polymers Ltd,Delhi,4.05,3
4476,Atlas Chemical Industries Group,Delhi,4.53,15
4477,United Print Supplies Group,Nagpur,4.2,12
4478,SilverLine Paper Mills Limited,Nagpur,4.47,5
4479,Rapid Industrial Supply Ltd,Nagpur,4.57,9
4480,Prime Packaging Solutions Solutions,Kolkata,4.88,10
4481,GreenSource Polymers Group,Bangalore,4.72,13
4482,Zenith Packaging Solutions Ltd,Kolkata,3.93,11
4483,Atlas Chemical Industries Corporation,Kolkata,3.84,4
4484,Everest Materials Group Ltd,Surat,3.68,11
4485,Atlas Procurement Services Group,Kolkata,4.29,7
4486,GreenSource Print Supplies Group,Hyderabad,4.97,5
4487,NextGen Manufacturing Co Group,Delhi,3.69,12
4488,Pioneer Industrial Supply Group,Hyderabad,4.07,6
4489,Omni Raw Materials Enterprises,Delhi,3.96,9
4490,Global Trading Company Ltd,Bangalore,4.17,13
4491,Metro Print Supplies Enterprises,Hyderabad,3.52,6
4492,SilverLine Print Supplies Limited,Kolkata,4.26,3
4493,Universal Adhesives Industries,Mumbai,3.6,6
4494,Universal Procurement Services Solutions,Pune,3.97,3
4495,SilverLine Materials Group Solutions,Nagpur,3.59,5
4496,NextGen Chemical Industries Corporation,Pune,3.81,12
4497,NorthStar Chemical Industries Solutions,Nagpur,3.9,14
4498,Rapid Chemical Industries Group,Chennai,3.65,15
4499,NorthStar Packaging Materials Solutions,Nagpur,3.58,14
4500,United Raw Materials Limited,Surat,4.46,11
4501,Rapid Procurement Services Corporation,Hyderabad,4.37,9
4502,NorthStar Procurement Services Limited,Surat,3.85,8
4503,Atlas Trading Company Corporation,Surat,4.19,11
4504,Global Adhesives Solutions,Mumbai,4.66,6
4505,Pioneer Corrugated Products Solutions,Pune,4.31,6
4506,Global Print Supplies Limited,Nagpur,3.78,3
4507,Atlas Adhesives Enterprises,Ahmedabad,3.86,6
4508,Metro Packaging Materials Solutions,Chennai,4.68,5
4509,Apex Manufacturing Co Enterprises,Bangalore,3.89,5
4510,Vertex Logistics Supply Pvt Ltd,Kolkata,3.86,5
4511,Rapid Logistics Supply Solutions,Hyderabad,4.43,12
4512,NextGen Chemical Industries Pvt Ltd,Ahmedabad,4.21,6
4513,Atlas Logistics Supply Pvt Ltd,Chennai,4.58,8
4514,Metro Industrial Supply Pvt Ltd,Chennai,4.53,3
4515,Zenith Raw Materials Corporation,Mumbai,3.6,12
4516,Apex Paper Mills Pvt Ltd,Surat,3.92,5
4517,Apex Chemical Industries Solutions,Pune,4.41,11
4518,Metro Logistics Supply Ltd,Ahmedabad,4.0,8
4519,Universal Adhesives Corporation,Kolkata,3.69,9
4520,Prime Logistics Supply Solutions,Kolkata,4.15,14
4521,Atlas Manufacturing Co Limited,Chennai,4.33,6
4522,Everest Industrial Supply Ltd,Hyderabad,4.68,6
4523,Apex Polymers Pvt Ltd,Delhi,4.66,9
4524,Metro Logistics Supply Pvt Ltd,Ahmedabad,4.17,10
4525,Apex Paper Mills Limited,Hyderabad,4.83,11
4526,Prime Procurement Services Enterprises,Bangalore,4.6,3
4527,United Industrial Supply Industries,Surat,4.04,6
4528,Rapid Print Supplies Ltd,Kolkata,4.42,5
4529,Atlas Materials Group Corporation,Delhi,4.45,4
4530,Prime Polymers Solutions,Bangalore,4.59,5
4531,Pioneer Chemical Industries Ltd,Hyderabad,4.21,15
4532,SilverLine Materials Group Pvt Ltd,Hyderabad,4.18,5
4533,SilverLine Manufacturing Co Ltd,Hyderabad,4.75,3
4534,Prime Paper Mills Enterprises,Chennai,4.71,13
4535,SilverLine Polymers Enterprises,Bangalore,4.92,14
4536,Universal Chemical Industries Solutions,Bangalore,3.97,10
4537,Zenith Paper Mills Limited,Surat,4.89,12
4538,Zenith Polymers Solutions,Nagpur,4.76,14
4539,BlueLine Corrugated Products Limited,Bangalore,4.4,14
4540,Frontier Procurement Services Ltd,Nagpur,4.61,8
4541,NorthStar Industrial Supply Corporation,Nagpur,4.55,13
4542,Apex Packaging Solutions Enterprises,Hyderabad,3.94,5
4543,Metro Packaging Materials Industries,Nagpur,3.89,9
4544,Everest Packaging Solutions Limited,Delhi,4.58,12
4545,Vertex Print Supplies Limited,Pune,3.99,7
4546,Vertex Logistics Supply Group,Chennai,3.88,3
4547,Universal Packaging Solutions Solutions,Hyderabad,4.61,5
4548,Metro Logistics Supply Industries,Nagpur,4.96,14
4549,GreenSource Trading Company Corporation,Delhi,4.74,13
4550,NextGen Adhesives Enterprises,Ahmedabad,4.62,14
4551,Pioneer Raw Materials Pvt Ltd,Delhi,3.81,11
4552,Vertex Polymers Solutions,Mumbai,3.99,11
4553,GreenSource Raw Materials Enterprises,Surat,3.57,14
4554,Universal Packaging Materials Industries,Bangalore,4.36,8
4555,Rapid Chemical Industries Solutions,Nagpur,4.4,7
4556,Rapid Industrial Supply Group,Surat,4.14,10
4557,Atlas Chemical Industries Enterprises,Chennai,4.83,11
4558,Summit Industrial Supply Solutions,Delhi,3.8,15
4559,Everest Industrial Supply Ltd,Nagpur,4.82,9
4560,Universal Procurement Services Enterprises,Delhi,3.51,9
4561,NorthStar Adhesives Group,Ahmedabad,4.53,9
4562,BlueLine Adhesives Solutions,Surat,4.92,8
4563,NorthStar Print Supplies Group,Ahmedabad,4.03,5
4564,BlueLine Trading Company Enterprises,Bangalore,3.51,3
4565,Rapid Materials Group Solutions,Kolkata,4.28,15
4566,Omni Print Supplies Pvt Ltd,Bangalore,4.52,8
4567,Universal Procurement Services Enterprises,Kolkata,3.88,4
4568,Metro Packaging Solutions Corporation,Bangalore,3.89,15
4569,Frontier Manufacturing Co Solutions,Bangalore,3.51,15
4570,Apex Paper Mills Enterprises,Surat,5.0,3
4571,Frontier Print Supplies Industries,Kolkata,4.73,3
4572,Universal Trading Company Ltd,Chennai,4.11,3
4573,Atlas Chemical Industries Corporation,Delhi,4.87,11
4574,Omni Industrial Supply Pvt Ltd,Mumbai,4.7,8
4575,Prime Materials Group Industries,Mumbai,4.97,15
4576,BlueLine Packaging Materials Limited,Chennai,3.9,12
4577,Global Manufacturing Co Enterprises,Pune,4.74,10
4578,Atlas Trading Company Solutions,Delhi,4.76,8
4579,Metro Materials Group Corporation,Pune,3.81,9
4580,Atlas Chemical Industries Ltd,Bangalore,3.98,3
4581,United Paper Mills Group,Hyderabad,4.63,10
4582,GreenSource Materials Group Ltd,Nagpur,3.98,13
4583,Summit Manufacturing Co Corporation,Mumbai,4.83,12
4584,Vertex Industrial Supply Pvt Ltd,Hyderabad,3.5,14
4585,Atlas Chemical Industries Corporation,Delhi,4.48,15
4586,Prime Print Supplies Industries,Pune,4.03,11
4587,Atlas Print Supplies Pvt Ltd,Kolkata,4.28,12
4588,Global Trading Company Industries,Bangalore,3.73,6
4589,Everest Manufacturing Co Solutions,Ahmedabad,4.21,11
4590,Omni Trading Company Group,Nagpur,4.05,4
4591,GreenSource Raw Materials Enterprises,Bangalore,4.99,13
4592,Frontier Packaging Materials Pvt Ltd,Chennai,3.51,11
4593,Metro Corrugated Products Group,Surat,4.81,14
4594,Frontier Print Supplies Corporation,Pune,4.36,5
4595,Summit Polymers Industries,Delhi,4.96,9
4596,Global Packaging Materials Group,Surat,4.07,12
4597,BlueLine Packaging Solutions Solutions,Hyderabad,4.76,7
4598,Frontier Paper Mills Limited,Ahmedabad,3.79,3
4599,Rapid Procurement Services Pvt Ltd,Nagpur,3.82,13
4600,Universal Adhesives Limited,Surat,4.88,15
4601,Universal Trading Company Pvt Ltd,Bangalore,4.67,9
4602,SilverLine Corrugated Products Group,Nagpur,3.97,12
4603,Vertex Manufacturing Co Ltd,Hyderabad,4.89,6
4604,Metro Trading Company Pvt Ltd,Chennai,4.48,4
4605,United Manufacturing Co Ltd,Delhi,4.83,6
4606,Pioneer Polymers Ltd,Mumbai,4.56,15
4607,Omni Adhesives Corporation,Surat,4.44,10
4608,Prime Polymers Corporation,Ahmedabad,4.98,12
4609,NorthStar Packaging Materials Corporation,Pune,4.44,10
4610,Omni Trading Company Group,Kolkata,3.8,11
4611,Universal Corrugated Products Ltd,Ahmedabad,4.62,10
4612,Frontier Raw Materials Group,Nagpur,3.6,10
4613,Atlas Industrial Supply Corporation,Kolkata,4.26,12
4614,Rapid Packaging Solutions Enterprises,Surat,3.82,7
4615,Vertex Materials Group Solutions,Hyderabad,3.81,3
4616,Metro Industrial Supply Solutions,Hyderabad,3.62,6
4617,Zenith Procurement Services Limited,Delhi,3.67,13
4618,Atlas Industrial Supply Group,Pune,4.32,15
4619,Vertex Raw Materials Pvt Ltd,Nagpur,4.47,11
4620,Frontier Polymers Enterprises,Pune,4.27,5
4621,Global Polymers Solutions,Mumbai,4.87,9
4622,Atlas Industrial Supply Limited,Mumbai,4.18,5
4623,Summit Trading Company Pvt Ltd,Nagpur,4.33,9
4624,Vertex Manufacturing Co Industries,Chennai,3.91,14
4625,Frontier Polymers Enterprises,Bangalore,4.41,10
4626,Prime Paper Mills Group,Mumbai,4.13,8
4627,United Materials Group Enterprises,Surat,4.67,6
4628,Apex Adhesives Group,Ahmedabad,3.52,10
4629,United Paper Mills Limited,Delhi,4.76,13
4630,Apex Raw Materials Group,Kolkata,4.01,3
4631,NorthStar Trading Company Ltd,Kolkata,3.69,4
4632,Frontier Trading Company Industries,Surat,3.91,7
4633,BlueLine Industrial Supply Corporation,Kolkata,4.97,11
4634,Apex Raw Materials Limited,Bangalore,3.6,10
4635,Prime Polymers Limited,Delhi,4.9,13
4636,NorthStar Corrugated Products Ltd,Chennai,4.1,10
4637,Everest Adhesives Enterprises,Surat,4.4,14
4638,Prime Manufacturing Co Solutions,Ahmedabad,4.43,11
4639,Prime Corrugated Products Pvt Ltd,Chennai,4.46,7
4640,BlueLine Adhesives Enterprises,Surat,3.94,9
4641,Pioneer Manufacturing Co Corporation,Mumbai,4.87,6
4642,Omni Packaging Materials Enterprises,Bangalore,4.72,4
4643,Omni Paper Mills Pvt Ltd,Nagpur,3.98,6
4644,Pioneer Materials Group Industries,Pune,4.03,10
4645,SilverLine Trading Company Pvt Ltd,Nagpur,4.87,13
4646,Metro Polymers Solutions,Chennai,3.66,9
4647,Vertex Print Supplies Industries,Mumbai,3.71,4
4648,NorthStar Materials Group Group,Bangalore,4.46,6
4649,Summit Packaging Solutions Corporation,Pune,4.06,14
4650,SilverLine Raw Materials Group,Bangalore,4.31,12
4651,Omni Print Supplies Enterprises,Mumbai,4.92,6
4652,GreenSource Chemical Industries Enterprises,Ahmedabad,4.56,9
4653,NextGen Packaging Materials Limited,Kolkata,4.61,12
4654,SilverLine Materials Group Corporation,Pune,4.88,10
4655,BlueLine Packaging Materials Limited,Hyderabad,3.6,3
4656,NorthStar Industrial Supply Pvt Ltd,Delhi,3.62,13
4657,Everest Procurement Services Limited,Bangalore,4.84,4
4658,Summit Print Supplies Corporation,Bangalore,4.5,9
4659,Prime Packaging Materials Corporation,Surat,3.81,10
4660,United Chemical Industries Ltd,Delhi,4.39,14
4661,Metro Materials Group Enterprises,Bangalore,4.5,6
4662,Apex Print Supplies Ltd,Delhi,4.14,13
4663,SilverLine Logistics Supply Ltd,Nagpur,4.59,12
4664,Rapid Packaging Materials Pvt Ltd,Pune,4.34,6
4665,Omni Procurement Services Solutions,Ahmedabad,3.68,14
4666,Rapid Procurement Services Enterprises,Hyderabad,4.93,3
4667,Metro Adhesives Enterprises,Chennai,3.92,15
4668,Prime Packaging Solutions Pvt Ltd,Delhi,4.52,6
4669,BlueLine Manufacturing Co Ltd,Pune,4.85,6
4670,United Procurement Services Industries,Hyderabad,4.23,12
4671,Global Raw Materials Solutions,Ahmedabad,4.42,8
4672,Metro Polymers Corporation,Bangalore,4.72,4
4673,BlueLine Chemical Industries Ltd,Nagpur,3.75,6
4674,SilverLine Raw Materials Solutions,Bangalore,4.78,8
4675,Omni Logistics Supply Corporation,Delhi,4.8,9
4676,Prime Raw Materials Enterprises,Chennai,4.23,5
4677,Rapid Paper Mills Limited,Nagpur,4.38,15
4678,SilverLine Packaging Materials Enterprises,Nagpur,4.45,8
4679,Zenith Print Supplies Pvt Ltd,Delhi,4.23,10
4680,Rapid Corrugated Products Corporation,Pune,3.95,3
4681,Global Paper Mills Group,Mumbai,4.96,14
4682,NorthStar Adhesives Limited,Chennai,4.75,15
4683,BlueLine Print Supplies Corporation,Bangalore,4.81,9
4684,Pioneer Packaging Solutions Pvt Ltd,Surat,4.87,6
4685,Zenith Industrial Supply Corporation,Ahmedabad,4.63,6
4686,Universal Chemical Industries Group,Bangalore,4.07,14
4687,Universal Adhesives Solutions,Bangalore,4.37,6
4688,Metro Adhesives Limited,Pune,3.89,15
4689,Zenith Trading Company Solutions,Nagpur,4.74,6
4690,Universal Packaging Solutions Ltd,Bangalore,3.52,8
4691,GreenSource Paper Mills Solutions,Ahmedabad,4.48,9
4692,Everest Materials Group Industries,Mumbai,4.55,15
4693,SilverLine Materials Group Ltd,Mumbai,3.65,14
4694,Vertex Trading Company Industries,Pune,3.97,12
4695,Universal Adhesives Limited,Pune,3.88,9
4696,Pioneer Materials Group Enterprises,Delhi,4.45,15
4697,Global Trading Company Limited,Surat,4.18,3
4698,Atlas Polymers Enterprises,Surat,3.98,7
4699,Metro Adhesives Solutions,Mumbai,4.11,11
4700,Global Packaging Solutions Enterprises,Nagpur,4.48,6
4701,Universal Adhesives Corporation,Delhi,4.56,6
4702,Global Procurement Services Ltd,Mumbai,3.78,3
4703,NextGen Materials Group Enterprises,Kolkata,4.97,14
4704,NorthStar Logistics Supply Ltd,Kolkata,4.87,5
4705,NextGen Chemical Industries Limited,Pune,3.93,5
4706,Global Procurement Services Enterprises,Ahmedabad,3.56,8
4707,Universal Chemical Industries Group,Nagpur,4.35,3
4708,Everest Corrugated Products Enterprises,Hyderabad,4.84,6
4709,Frontier Packaging Solutions Pvt Ltd,Delhi,4.78,7
4710,Prime Industrial Supply Group,Chennai,4.8,12
4711,Metro Packaging Solutions Pvt Ltd,Mumbai,4.06,5
4712,Global Raw Materials Ltd,Pune,3.67,6
4713,BlueLine Materials Group Corporation,Chennai,3.84,4
4714,Apex Paper Mills Pvt Ltd,Kolkata,3.77,9
4715,Everest Print Supplies Industries,Delhi,3.86,12
4716,BlueLine Adhesives Enterprises,Bangalore,4.0,6
4717,GreenSource Packaging Solutions Enterprises,Bangalore,4.66,7
4718,Atlas Trading Company Enterprises,Mumbai,3.76,12
4719,Frontier Procurement Services Enterprises,Chennai,3.9,14
4720,Prime Packaging Materials Group,Chennai,4.16,10
4721,Pioneer Polymers Industries,Bangalore,4.49,11
4722,SilverLine Packaging Solutions Solutions,Chennai,4.03,15
4723,Universal Adhesives Pvt Ltd,Hyderabad,4.97,9
4724,SilverLine Corrugated Products Group,Nagpur,4.77,7
4725,Pioneer Print Supplies Enterprises,Delhi,4.05,6
4726,Frontier Industrial Supply Enterprises,Hyderabad,3.95,7
4727,Pioneer Print Supplies Group,Chennai,3.87,12
4728,SilverLine Packaging Solutions Corporation,Ahmedabad,4.67,7
4729,Rapid Procurement Services Group,Chennai,4.01,11
4730,Zenith Packaging Materials Enterprises,Delhi,4.64,15
4731,Zenith Materials Group Group,Chennai,3.73,6
4732,Rapid Trading Company Pvt Ltd,Bangalore,3.65,10
4733,Universal Packaging Solutions Solutions,Hyderabad,4.93,14
4734,Vertex Logistics Supply Industries,Kolkata,3.91,13
4735,GreenSource Procurement Services Group,Surat,4.62,6
4736,Zenith Industrial Supply Enterprises,Pune,4.09,11
4737,Metro Chemical Industries Solutions,Nagpur,4.46,12
4738,Atlas Print Supplies Limited,Hyderabad,3.64,6
4739,Frontier Raw Materials Limited,Hyderabad,4.85,11
4740,Apex Packaging Materials Solutions,Pune,3.54,3
4741,Pioneer Print Supplies Industries,Ahmedabad,3.7,3
4742,Pioneer Packaging Materials Pvt Ltd,Mumbai,4.91,7
4743,Vertex Manufacturing Co Enterprises,Ahmedabad,4.94,14
4744,Global Materials Group Pvt Ltd,Hyderabad,4.6,12
4745,Apex Raw Materials Pvt Ltd,Pune,4.97,9
4746,Apex Manufacturing Co Corporation,Ahmedabad,4.1,8
4747,BlueLine Corrugated Products Pvt Ltd,Nagpur,4.99,13
4748,NextGen Procurement Services Corporation,Kolkata,4.63,6
4749,Apex Manufacturing Co Limited,Ahmedabad,3.71,12
4750,Zenith Polymers Corporation,Mumbai,3.82,12
4751,BlueLine Materials Group Limited,Pune,3.77,9
4752,Rapid Packaging Materials Corporation,Nagpur,4.19,12
4753,Omni Trading Company Ltd,Hyderabad,4.52,11
4754,Summit Paper Mills Group,Chennai,4.4,3
4755,Everest Procurement Services Limited,Delhi,4.02,15
4756,Zenith Industrial Supply Limited,Hyderabad,4.66,6
4757,Zenith Manufacturing Co Corporation,Nagpur,3.55,15
4758,Universal Paper Mills Industries,Chennai,3.91,7
4759,Apex Trading Company Enterprises,Ahmedabad,4.49,6
4760,BlueLine Materials Group Limited,Bangalore,3.57,12
4761,Vertex Print Supplies Corporation,Pune,4.59,4
4762,Omni Trading Company Industries,Mumbai,3.61,7
4763,Vertex Raw Materials Limited,Hyderabad,3.52,7
4764,Zenith Polymers Limited,Mumbai,3.57,7
4765,NextGen Logistics Supply Ltd,Delhi,4.29,9
4766,Omni Logistics Supply Limited,Hyderabad,4.87,3
4767,Universal Logistics Supply Ltd,Chennai,3.94,4
4768,Apex Chemical Industries Group,Bangalore,4.33,5
4769,Prime Paper Mills Group,Chennai,3.61,3
4770,Pioneer Manufacturing Co Limited,Ahmedabad,4.76,12
4771,Everest Paper Mills Enterprises,Mumbai,3.62,15
4772,Pioneer Raw Materials Limited,Ahmedabad,3.67,5
4773,Everest Manufacturing Co Corporation,Mumbai,4.99,7
4774,United Polymers Ltd,Delhi,4.96,11
4775,Vertex Print Supplies Limited,Bangalore,3.64,5
4776,Vertex Trading Company Corporation,Kolkata,3.71,10
4777,Universal Print Supplies Industries,Hyderabad,4.21,11
4778,SilverLine Trading Company Enterprises,Bangalore,4.79,6
4779,Atlas Raw Materials Industries,Surat,4.68,4
4780,Prime Logistics Supply Solutions,Bangalore,4.42,4
4781,Rapid Raw Materials Corporation,Delhi,3.87,5
4782,Everest Adhesives Corporation,Mumbai,3.61,6
4783,Universal Logistics Supply Group,Chennai,4.0,9
4784,Atlas Polymers Enterprises,Delhi,4.08,9
4785,Vertex Chemical Industries Group,Kolkata,3.75,8
4786,NextGen Print Supplies Solutions,Bangalore,4.84,3
4787,Metro Polymers Group,Bangalore,4.23,15
4788,Universal Logistics Supply Solutions,Nagpur,4.31,14
4789,Atlas Chemical Industries Group,Hyderabad,4.09,7
4790,Frontier Manufacturing Co Industries,Mumbai,3.55,4
4791,Zenith Polymers Group,Hyderabad,4.18,13
4792,Rapid Paper Mills Group,Kolkata,4.67,7
4793,Metro Corrugated Products Pvt Ltd,Ahmedabad,4.46,4
4794,United Packaging Solutions Enterprises,Hyderabad,3.7,13
4795,SilverLine Procurement Services Group,Mumbai,3.89,3
4796,Pioneer Industrial Supply Ltd,Pune,3.94,13
4797,BlueLine Raw Materials Industries,Mumbai,4.98,9
4798,Frontier Polymers Enterprises,Delhi,3.89,15
4799,Frontier Trading Company Limited,Mumbai,3.51,13
4800,Omni Procurement Services Ltd,Bangalore,4.98,15
4801,Everest Trading Company Pvt Ltd,Surat,3.71,10
4802,Omni Packaging Solutions Industries,Surat,4.58,4
4803,SilverLine Corrugated Products Pvt Ltd,Delhi,3.84,11
4804,Metro Packaging Solutions Pvt Ltd,Surat,3.73,3
4805,Vertex Chemical Industries Solutions,Kolkata,4.8,11
4806,Apex Adhesives Corporation,Mumbai,3.5,4
4807,Prime Packaging Materials Corporation,Ahmedabad,4.41,4
4808,Summit Adhesives Limited,Pune,4.9,8
4809,Global Corrugated Products Group,Chennai,3.98,15
4810,United Logistics Supply Pvt Ltd,Delhi,4.65,11
4811,Zenith Packaging Solutions Ltd,Hyderabad,3.93,13
4812,SilverLine Trading Company Ltd,Nagpur,4.64,11
4813,Summit Industrial Supply Pvt Ltd,Surat,3.53,4
4814,Global Logistics Supply Corporation,Pune,4.43,14
4815,NorthStar Paper Mills Corporation,Pune,4.42,15
4816,Metro Print Supplies Limited,Bangalore,3.93,11
4817,Omni Print Supplies Solutions,Bangalore,4.6,13
4818,Metro Materials Group Ltd,Delhi,3.63,11
4819,Vertex Logistics Supply Industries,Mumbai,4.08,15
4820,SilverLine Trading Company Ltd,Chennai,4.2,12
4821,Everest Polymers Pvt Ltd,Pune,3.83,13
4822,Atlas Packaging Materials Solutions,Bangalore,4.9,6
4823,Rapid Manufacturing Co Ltd,Kolkata,4.72,11
4824,NorthStar Adhesives Solutions,Kolkata,4.39,7
4825,Global Materials Group Corporation,Delhi,4.36,14
4826,Global Corrugated Products Enterprises,Nagpur,4.95,12
4827,Prime Packaging Materials Corporation,Kolkata,4.84,11
4828,Atlas Print Supplies Enterprises,Mumbai,4.07,14
4829,Prime Procurement Services Group,Hyderabad,4.19,6
4830,United Print Supplies Corporation,Kolkata,4.17,3
4831,Universal Procurement Services Group,Delhi,4.17,4
4832,Summit Procurement Services Limited,Bangalore,4.38,11
4833,Prime Packaging Solutions Group,Chennai,4.45,11
4834,BlueLine Paper Mills Solutions,Hyderabad,4.42,5
4835,Atlas Corrugated Products Enterprises,Bangalore,3.9,10
4836,Pioneer Corrugated Products Pvt Ltd,Kolkata,4.7,15
4837,Global Materials Group Corporation,Delhi,3.86,5
4838,BlueLine Packaging Solutions Industries,Bangalore,4.27,15
4839,Prime Chemical Industries Limited,Ahmedabad,4.56,7
4840,Everest Packaging Materials Group,Kolkata,3.87,9
4841,Atlas Raw Materials Group,Surat,4.01,10
4842,GreenSource Corrugated Products Ltd,Hyderabad,3.76,10
4843,Zenith Print Supplies Enterprises,Mumbai,3.74,5
4844,SilverLine Trading Company Ltd,Chennai,5.0,6
4845,Summit Polymers Pvt Ltd,Nagpur,4.69,13
4846,Atlas Chemical Industries Group,Delhi,4.9,4
4847,NorthStar Polymers Pvt Ltd,Surat,4.08,3
4848,BlueLine Industrial Supply Pvt Ltd,Nagpur,4.15,5
4849,Atlas Manufacturing Co Limited,Ahmedabad,3.74,10
4850,GreenSource Packaging Solutions Pvt Ltd,Delhi,3.54,4
4851,Omni Trading Company Pvt Ltd,Pune,4.04,6
4852,Zenith Packaging Solutions Enterprises,Hyderabad,4.41,10
4853,Global Procurement Services Industries,Delhi,4.73,15
4854,Prime Paper Mills Limited,Chennai,4.38,11
4855,Prime Chemical Industries Group,Mumbai,3.78,3
4856,Omni Raw Materials Ltd,Pune,4.36,13
4857,Summit Paper Mills Group,Nagpur,3.84,12
4858,Pioneer Raw Materials Ltd,Mumbai,3.59,3
4859,NextGen Packaging Materials Group,Hyderabad,3.65,5
4860,NextGen Corrugated Products Group,Hyderabad,4.57,13
4861,BlueLine Packaging Materials Solutions,Pune,4.27,8
4862,SilverLine Manufacturing Co Corporation,Mumbai,4.59,12
4863,Atlas Print Supplies Pvt Ltd,Chennai,3.5,15
4864,SilverLine Packaging Materials Industries,Delhi,4.61,4
4865,Rapid Polymers Solutions,Ahmedabad,4.87,11
4866,Universal Chemical Industries Group,Hyderabad,3.93,14
4867,GreenSource Corrugated Products Industries,Ahmedabad,3.52,14
4868,Everest Manufacturing Co Corporation,Kolkata,3.79,12
4869,Everest Logistics Supply Limited,Ahmedabad,4.96,9
4870,Omni Packaging Materials Enterprises,Kolkata,3.59,5
4871,Pioneer Polymers Enterprises,Pune,3.69,15
4872,Zenith Packaging Solutions Limited,Kolkata,4.22,3
4873,Omni Polymers Limited,Nagpur,3.59,5
4874,Summit Raw Materials Limited,Hyderabad,4.22,11
4875,United Industrial Supply Enterprises,Ahmedabad,4.45,6
4876,NorthStar Paper Mills Pvt Ltd,Delhi,3.8,10
4877,Everest Materials Group Group,Nagpur,3.73,5
4878,Rapid Corrugated Products Corporation,Surat,4.05,6
4879,Pioneer Raw Materials Limited,Bangalore,4.77,12
4880,GreenSource Paper Mills Ltd,Mumbai,3.54,14
4881,Summit Trading Company Group,Chennai,4.35,11
4882,Zenith Logistics Supply Pvt Ltd,Chennai,4.55,4
4883,Apex Packaging Solutions Corporation,Hyderabad,4.02,13
4884,Frontier Corrugated Products Enterprises,Hyderabad,4.42,5
4885,Pioneer Print Supplies Corporation,Pune,4.24,11
4886,Apex Print Supplies Solutions,Hyderabad,4.01,4
4887,NorthStar Logistics Supply Industries,Surat,3.71,4
4888,Everest Print Supplies Corporation,Mumbai,4.72,15
4889,SilverLine Packaging Solutions Enterprises,Hyderabad,3.94,9
4890,United Corrugated Products Industries,Kolkata,3.6,5
4891,Pioneer Packaging Solutions Corporation,Kolkata,4.91,6
4892,Summit Trading Company Group,Hyderabad,3.97,15
4893,Rapid Manufacturing Co Solutions,Hyderabad,3.89,10
4894,Frontier Chemical Industries Enterprises,Delhi,3.75,15
4895,Zenith Chemical Industries Group,Pune,3.53,9
4896,Metro Adhesives Ltd,Hyderabad,4.37,12
4897,Omni Adhesives Enterprises,Surat,4.89,4
4898,Metro Corrugated Products Ltd,Hyderabad,4.65,15
4899,United Logistics Supply Enterprises,Ahmedabad,3.77,6
4900,NorthStar Packaging Materials Ltd,Nagpur,4.16,15
4901,Apex Chemical Industries Corporation,Delhi,3.61,12
4902,Everest Chemical Industries Enterprises,Kolkata,4.85,5
4903,Metro Print Supplies Industries,Bangalore,4.84,10
4904,Vertex Corrugated Products Ltd,Bangalore,4.87,10
4905,Zenith Trading Company Pvt Ltd,Kolkata,3.67,11
4906,GreenSource Packaging Materials Ltd,Ahmedabad,3.54,6
4907,Atlas Materials Group Pvt Ltd,Pune,3.94,11
4908,Metro Print Supplies Industries,Chennai,4.17,14
4909,Metro Packaging Materials Ltd,Nagpur,4.55,7
4910,NorthStar Raw Materials Enterprises,Ahmedabad,4.1,14
4911,United Industrial Supply Enterprises,Chennai,4.11,6
4912,Metro Corrugated Products Enterprises,Chennai,3.51,4
4913,Metro Logistics Supply Pvt Ltd,Mumbai,4.73,3
4914,Frontier Chemical Industries Corporation,Delhi,4.08,7
4915,Vertex Paper Mills Industries,Chennai,4.13,10
4916,Zenith Procurement Services Ltd,Surat,3.75,14
4917,Vertex Manufacturing Co Enterprises,Ahmedabad,4.59,13
4918,Universal Packaging Materials Industries,Hyderabad,3.51,8
4919,BlueLine Manufacturing Co Corporation,Hyderabad,4.82,12
4920,Metro Industrial Supply Group,Hyderabad,3.92,14
4921,Prime Raw Materials Industries,Delhi,3.89,8
4922,Universal Logistics Supply Industries,Kolkata,3.57,13
4923,Global Raw Materials Limited,Kolkata,3.94,4
4924,Pioneer Adhesives Ltd,Surat,4.82,6
4925,Frontier Packaging Materials Ltd,Bangalore,3.88,4
4926,Prime Chemical Industries Ltd,Bangalore,3.86,8
4927,Rapid Procurement Services Group,Pune,4.53,8
4928,Apex Materials Group Limited,Bangalore,4.27,6
4929,Pioneer Chemical Industries Solutions,Kolkata,4.03,3
4930,Apex Industrial Supply Ltd,Pune,4.88,11
4931,NorthStar Procurement Services Corporation,Ahmedabad,3.66,10
4932,Vertex Chemical Industries Ltd,Pune,4.94,12
4933,Prime Packaging Solutions Solutions,Pune,4.11,12
4934,Frontier Packaging Materials Industries,Ahmedabad,4.55,9
4935,Universal Raw Materials Group,Surat,4.89,9
4936,Frontier Procurement Services Limited,Pune,4.35,10
4937,Rapid Trading Company Group,Nagpur,4.6,11
4938,Apex Polymers Industries,Delhi,4.12,10
4939,Prime Packaging Materials Group,Mumbai,4.0,11
4940,Apex Adhesives Industries,Bangalore,4.03,11
4941,Universal Manufacturing Co Group,Hyderabad,3.99,14
4942,Metro Materials Group Group,Chennai,4.05,6
4943,Summit Manufacturing Co Pvt Ltd,Bangalore,3.74,9
4944,Metro Raw Materials Solutions,Ahmedabad,4.0,3
4945,Universal Polymers Group,Surat,4.72,9
4946,Omni Materials Group Solutions,Nagpur,4.8,3
4947,Apex Industrial Supply Pvt Ltd,Surat,4.01,5
4948,United Packaging Solutions Solutions,Hyderabad,4.14,11
4949,Summit Chemical Industries Group,Pune,4.46,15
4950,Prime Packaging Solutions Group,Delhi,4.81,8
4951,GreenSource Procurement Services Limited,Chennai,3.51,11
4952,United Corrugated Products Industries,Mumbai,4.3,12
4953,Pioneer Packaging Solutions Ltd,Ahmedabad,4.65,6
4954,Vertex Corrugated Products Pvt Ltd,Ahmedabad,4.69,10
4955,United Logistics Supply Limited,Pune,4.82,11
4956,GreenSource Packaging Solutions Group,Delhi,4.54,10
4957,Frontier Logistics Supply Enterprises,Chennai,3.5,12
4958,Prime Industrial Supply Solutions,Pune,3.72,3
4959,Metro Packaging Materials Corporation,Delhi,3.79,13
4960,GreenSource Trading Company Industries,Mumbai,4.02,13
4961,Pioneer Corrugated Products Solutions,Ahmedabad,3.64,12
4962,Omni Logistics Supply Limited,Nagpur,4.37,10
4963,Everest Procurement Services Group,Nagpur,4.15,15
4964,Rapid Procurement Services Solutions,Hyderabad,3.94,12
4965,Atlas Packaging Materials Enterprises,Surat,4.78,6
4966,GreenSource Print Supplies Corporation,Mumbai,3.53,14
4967,SilverLine Packaging Solutions Pvt Ltd,Bangalore,4.92,13
4968,Rapid Polymers Group,Chennai,4.67,12
4969,Apex Packaging Materials Pvt Ltd,Delhi,4.76,12
4970,Universal Print Supplies Corporation,Chennai,4.98,14
4971,Global Trading Company Ltd,Kolkata,4.54,10
4972,Summit Procurement Services Ltd,Pune,4.0,15
4973,Zenith Raw Materials Limited,Kolkata,3.56,14
4974,Everest Industrial Supply Limited,Hyderabad,4.56,5
4975,Omni Industrial Supply Ltd,Surat,3.55,9
4976,SilverLine Materials Group Industries,Bangalore,4.77,8
4977,Atlas Trading Company Industries,Chennai,3.98,11
4978,Frontier Packaging Materials Industries,Kolkata,4.24,4
4979,Atlas Packaging Solutions Limited,Bangalore,4.36,10
4980,Zenith Raw Materials Corporation,Hyderabad,3.86,14
4981,Frontier Logistics Supply Enterprises,Hyderabad,4.78,13
4982,Summit Print Supplies Pvt Ltd,Mumbai,4.81,4
4983,Pioneer Packaging Materials Pvt Ltd,Hyderabad,4.13,5
4984,Frontier Packaging Solutions Corporation,Hyderabad,4.31,7
4985,Zenith Logistics Supply Pvt Ltd,Ahmedabad,4.5,7
4986,Global Industrial Supply Ltd,Delhi,3.53,9
4987,Prime Raw Materials Corporation,Hyderabad,4.68,8
4988,Universal Manufacturing Co Ltd,Surat,4.65,7
4989,Apex Corrugated Products Pvt Ltd,Ahmedabad,4.82,9
4990,Apex Packaging Materials Ltd,Chennai,4.98,8
4991,Omni Corrugated Products Industries,Hyderabad,4.4,15
4992,Apex Print Supplies Ltd,Pune,4.86,3
4993,Prime Manufacturing Co Ltd,Surat,4.73,12
4994,Summit Raw Materials Solutions,Surat,3.67,3
4995,GreenSource Corrugated Products Ltd,Delhi,4.29,6
4996,NorthStar Packaging Materials Corporation,Pune,4.0,12
4997,NextGen Manufacturing Co Ltd,Nagpur,4.61,3
4998,BlueLine Packaging Materials Industries,Ahmedabad,4.13,4
4999,Summit Print Supplies Enterprises,Hyderabad,3.76,13
5000,Global Materials Group Limited,Delhi,4.98,13
